STT,Tên Shop,Địa Chỉ Shop,Link Website / Link Shop,Tên Sản Phẩm,Giá Cả,Mô Tả Sản Phẩm,Link Hình Ảnh,Link Sản Phẩm (Chi Tiết)
1,LYD Wolf ON Official Store,N/A,https://shopee.vn/search?shop=232843748,"Dung Dịch Vệ Sinh Nam Giới LYD Wolf ON Hương Thơm Nam Tính Làm Sạch Dịu Nhẹ, Giúp Khử Mùi 150ml",189.000 ₫,"Đặc sản chất lượng - Dung Dịch Vệ Sinh Nam Giới LYD Wolf ON Hương Thơm Nam Tính Làm Sạch Dịu Nhẹ, Giúp Khử Mùi 150ml",https://down-vn.img.susercontent.com/file/vn-11134207-81ztc-mne23feyb85d96,https://shopee.vn/Dung-Dịch-Vệ-Sinh-Nam-Giới-LYD-Wolf-ON-Hương-Thơm-Nam-Tính-Làm-Sạch-Dịu-Nhẹ-Giúp-Khử-Mùi-150ml-i.232843748.3638009138?extraParams=%7B%22display_model_id%22%3A292543409144%2C%22model_selection_logic%22%3A3%7D
2,LYD Wolf ON Official Store,N/A,https://shopee.vn/search?shop=232843748,Dung Dịch Vệ Sinh Nam Giới LYD Wolf ON Hương Thơm Nam Tính Khử Mùi Sạch Khuẩn 95ml 150ml,162.000 ₫,Đặc sản chất lượng - Dung Dịch Vệ Sinh Nam Giới LYD Wolf ON Hương Thơm Nam Tính Khử Mùi Sạch Khuẩn 95ml 150ml,https://down-vn.img.susercontent.com/file/vn-11134207-81ztc-mne3i2tkbl6o16,https://shopee.vn/Dung-Dịch-Vệ-Sinh-Nam-Giới-LYD-Wolf-ON-Hương-Thơm-Nam-Tính-Khử-Mùi-Sạch-Khuẩn-95ml-150ml-i.232843748.4320602849?extraParams=%7B%22display_model_id%22%3A375793931463%2C%22model_selection_logic%22%3A3%7D
3,LYD Wolf ON Official Store,N/A,https://shopee.vn/search?shop=232843748,Xịt Thơm Miệng Kissing Spray LYD Wolf ON Hương Trái Cây Bạc Hà Thơm Mát Sảng Khoái Nhỏ Gọn 20ml,143.000 ₫,Đặc sản chất lượng - Xịt Thơm Miệng Kissing Spray LYD Wolf ON Hương Trái Cây Bạc Hà Thơm Mát Sảng Khoái Nhỏ Gọn 20ml,https://down-vn.img.susercontent.com/file/vn-11134207-81ztc-mneha5ahv2mge3,https://shopee.vn/Xịt-Thơm-Miệng-Kissing-Spray-LYD-Wolf-ON-Hương-Trái-Cây-Bạc-Hà-Thơm-Mát-Sảng-Khoái-Nhỏ-Gọn-20ml-i.232843748.18512247323?extraParams=%7B%22display_model_id%22%3A88710930780%2C%22model_selection_logic%22%3A3%7D
4,LYD Wolf ON Official Store,N/A,https://shopee.vn/search?shop=232843748,"COMBO Bọt Cạo Lông + Kem Dưỡng Da LYD Wolf On, Set Cạo Lông, Chăm Sóc Cơ Thể, Dịu Nhẹ",179.000 ₫,"Đặc sản chất lượng - COMBO Bọt Cạo Lông + Kem Dưỡng Da LYD Wolf On, Set Cạo Lông, Chăm Sóc Cơ Thể, Dịu Nhẹ",https://down-vn.img.susercontent.com/file/vn-11134207-81ztc-mojifmxbun7vf2,https://shopee.vn/COMBO-Bọt-Cạo-Lông-Kem-Dưỡng-Da-LYD-Wolf-On-Set-Cạo-Lông-Chăm-Sóc-Cơ-Thể-Dịu-Nhẹ-i.232843748.5493107919?extraParams=%7B%22display_model_id%22%3A365793867245%2C%22model_selection_logic%22%3A3%7D
5,LYD Wolf ON Official Store,N/A,https://shopee.vn/search?shop=232843748,Dung Dịch Vệ Sinh Nam Giới LYD Wolf ON Fresh Mint Bạc Hà Mát Lạnh Sạch Thơm Nam Tính 95ml 150ml,162.000 ₫,Đặc sản chất lượng - Dung Dịch Vệ Sinh Nam Giới LYD Wolf ON Fresh Mint Bạc Hà Mát Lạnh Sạch Thơm Nam Tính 95ml 150ml,https://down-vn.img.susercontent.com/file/vn-11134207-81ztc-mne2yminqvb57d,https://shopee.vn/Dung-Dịch-Vệ-Sinh-Nam-Giới-LYD-Wolf-ON-Fresh-Mint-Bạc-Hà-Mát-Lạnh-Sạch-Thơm-Nam-Tính-95ml-150ml-i.232843748.11976777252?extraParams=%7B%22display_model_id%22%3A385794000847%2C%22model_selection_logic%22%3A3%7D
6,LYD Wolf ON Official Store,N/A,https://shopee.vn/search?shop=232843748,"Combo Kissing Spray Vị Dưa Hấu, Đào, Bạc Hà LYD Wolf On, Xịt Thơm Miệng, Vị The Mát Tự Nhiên 20ml",199.000 ₫,"Đặc sản chất lượng - Combo Kissing Spray Vị Dưa Hấu, Đào, Bạc Hà LYD Wolf On, Xịt Thơm Miệng, Vị The Mát Tự Nhiên 20ml",https://down-vn.img.susercontent.com/file/vn-11134207-81ztc-mpdf4nyt260w0b,https://shopee.vn/Combo-Kissing-Spray-Vị-Dưa-Hấu-Đào-Bạc-Hà-LYD-Wolf-On-Xịt-Thơm-Miệng-Vị-The-Mát-Tự-Nhiên-20ml-i.232843748.23631299271?extraParams=%7B%22display_model_id%22%3A420981911638%2C%22model_selection_logic%22%3A3%7D
7,LYD Wolf ON Official Store,N/A,https://shopee.vn/search?shop=232843748,"Kem Dưỡng Ẩm Da Vùng Kín Sau Cạo LYD Wolf On, Dưỡng Ẩm, Phục Hồi Da, Giúp Làm Dịu Da 50ml",188.000 ₫,"Đặc sản chất lượng - Kem Dưỡng Ẩm Da Vùng Kín Sau Cạo LYD Wolf On, Dưỡng Ẩm, Phục Hồi Da, Giúp Làm Dịu Da 50ml",https://down-vn.img.susercontent.com/file/vn-11134207-81ztc-mp97b2d9lb0tff,https://shopee.vn/Kem-Dưỡng-Ẩm-Da-Vùng-Kín-Sau-Cạo-LYD-Wolf-On-Dưỡng-Ẩm-Phục-Hồi-Da-Giúp-Làm-Dịu-Da-50ml-i.232843748.11713623878?extraParams=%7B%22display_model_id%22%3A335793882553%2C%22model_selection_logic%22%3A3%7D
8,LYD Wolf ON Official Store,N/A,https://shopee.vn/search?shop=232843748,"Set Quà Tặng Bạn Trai - Sữa Tắm Tẩy Da Chết 350ml, Xịt Khử Mùi, Dung Dịch Vệ Sinh Nam, Quà Tặng Nam",409.000 ₫,"Đặc sản chất lượng - Set Quà Tặng Bạn Trai - Sữa Tắm Tẩy Da Chết 350ml, Xịt Khử Mùi, Dung Dịch Vệ Sinh Nam, Quà Tặng Nam",https://down-vn.img.susercontent.com/file/vn-11134207-81ztc-mnfaoqjimcqs64,https://shopee.vn/Set-Quà-Tặng-Bạn-Trai-Sữa-Tắm-Tẩy-Da-Chết-350ml-Xịt-Khử-Mùi-Dung-Dịch-Vệ-Sinh-Nam-Quà-Tặng-Nam-i.232843748.20845103425?extraParams=%7B%22display_model_id%22%3A380793968137%2C%22model_selection_logic%22%3A3%7D
9,LYD Wolf ON Official Store,N/A,https://shopee.vn/search?shop=232843748,"Bọt Cạo Lông LYD Wolf On, Unisex, Chăm Sóc Vùng Kín, An Toàn Cho Niêm Mạc Chai 120ml",179.000 ₫,"Đặc sản chất lượng - Bọt Cạo Lông LYD Wolf On, Unisex, Chăm Sóc Vùng Kín, An Toàn Cho Niêm Mạc Chai 120ml",https://down-vn.img.susercontent.com/file/vn-11134207-81ztc-mne1p2c5xgqqdc,https://shopee.vn/Bọt-Cạo-Lông-LYD-Wolf-On-Unisex-Chăm-Sóc-Vùng-Kín-An-Toàn-Cho-Niêm-Mạc-Chai-120ml-i.232843748.6547973043?extraParams=%7B%22display_model_id%22%3A272543420219%2C%22model_selection_logic%22%3A3%7D
10,LYD Wolf ON Official Store,N/A,https://shopee.vn/search?shop=232843748,Dung Dịch Vệ Sinh Nam Giới LYD Wolf ON Choco Coffee Ngọt Ngào Sạch Thơm Cuốn Hút 95ml,162.000 ₫,Đặc sản chất lượng - Dung Dịch Vệ Sinh Nam Giới LYD Wolf ON Choco Coffee Ngọt Ngào Sạch Thơm Cuốn Hút 95ml,https://down-vn.img.susercontent.com/file/vn-11134207-81ztc-mne2lg1qrr45a8,https://shopee.vn/Dung-Dịch-Vệ-Sinh-Nam-Giới-LYD-Wolf-ON-Choco-Coffee-Ngọt-Ngào-Sạch-Thơm-Cuốn-Hút-95ml-i.232843748.9522810665?extraParams=%7B%22display_model_id%22%3A350763377833%2C%22model_selection_logic%22%3A3%7D
11,Lilforest,Thành phố Hà Nội,https://shopee.vn/search?shop=1525242885,"Đèn Gỗ Trang Trí Lilforest chiếu sáng đặt bàn, tuỳ chỉnh độ sáng làm đèn ngủ",80.000 ₫,"Đặc sản chất lượng - Đèn Gỗ Trang Trí Lilforest chiếu sáng đặt bàn, tuỳ chỉnh độ sáng làm đèn ngủ",https://down-vn.img.susercontent.com/file/vn-11134207-81ztc-motkw9y24ruqf5,https://shopee.vn/Đèn-Gỗ-Trang-Trí-Lilforest-chiếu-sáng-đặt-bàn-tuỳ-chỉnh-độ-sáng-làm-đèn-ngủ-i.1525242885.54359061328?extraParams=%7B%22display_model_id%22%3A425802814592%2C%22model_selection_logic%22%3A3%7D
12,Lilforest,Thành phố Hà Nội,https://shopee.vn/search?shop=1525242885,"Quà tặng thủ công nghệ thuật từ thiên nhiên LilForest, trang trí để bàn với cây không cần chăm sóc (size 10)",579.000 ₫,"Đặc sản chất lượng - Quà tặng thủ công nghệ thuật từ thiên nhiên LilForest, trang trí để bàn với cây không cần chăm sóc (size 10)",https://down-vn.img.susercontent.com/file/vn-11134207-81ztc-moq7toh3ls0de8,https://shopee.vn/Quà-tặng-thủ-công-nghệ-thuật-từ-thiên-nhiên-LilForest-trang-trí-để-bàn-với-cây-không-cần-chăm-sóc-(size-10)-i.1525242885.41521338076?extraParams=%7B%22display_model_id%22%3A306742539274%2C%22model_selection_logic%22%3A3%7D
13,Lilforest,Thành phố Hà Nội,https://shopee.vn/search?shop=1525242885,"Thuận Buồm Xuôi Gió - Quà Tặng thủ công Lilforest từ thiên nhiên, trang trí để bàn với cây không cần chăm sóc",599.000 ₫,"Đặc sản chất lượng - Thuận Buồm Xuôi Gió - Quà Tặng thủ công Lilforest từ thiên nhiên, trang trí để bàn với cây không cần chăm sóc",https://down-vn.img.susercontent.com/file/vn-11134207-81ztc-moq7v7cmr4zzda,https://shopee.vn/Thuận-Buồm-Xuôi-Gió-Quà-Tặng-thủ-công-Lilforest-từ-thiên-nhiên-trang-trí-để-bàn-với-cây-không-cần-chăm-sóc-i.1525242885.43021342760?extraParams=%7B%22display_model_id%22%3A276742529827%2C%22model_selection_logic%22%3A3%7D
14,Lilforest,Thành phố Hà Nội,https://shopee.vn/search?shop=1525242885,"Quà tặng Phật Giáo - hộp quà thủ công nghệ thuật LilForest từ thiên nhiên, trang trí để bàn với cây không cần chăm sóc",659.000 ₫,"Đặc sản chất lượng - Quà tặng Phật Giáo - hộp quà thủ công nghệ thuật LilForest từ thiên nhiên, trang trí để bàn với cây không cần chăm sóc",https://down-vn.img.susercontent.com/file/vn-11134207-81ztc-moq7roxhz1n007,https://shopee.vn/Quà-tặng-Phật-Giáo-hộp-quà-thủ-công-nghệ-thuật-LilForest-từ-thiên-nhiên-trang-trí-để-bàn-với-cây-không-cần-chăm-sóc-i.1525242885.27292154707?extraParams=%7B%22display_model_id%22%3A261741953575%2C%22model_selection_logic%22%3A3%7D
15,Lilforest,Thành phố Hà Nội,https://shopee.vn/search?shop=1525242885,"Quà tặng Công Giáo kết hợp tượng Đức Mẹ trong bể hoa và rêu khô LilForest, từ thiên nhiên, không cần chăm sóc",979.000 ₫,"Đặc sản chất lượng - Quà tặng Công Giáo kết hợp tượng Đức Mẹ trong bể hoa và rêu khô LilForest, từ thiên nhiên, không cần chăm sóc",https://down-vn.img.susercontent.com/file/vn-11134207-81ztc-moq7sotq28zx19,https://shopee.vn/Quà-tặng-Công-Giáo-kết-hợp-tượng-Đức-Mẹ-trong-bể-hoa-và-rêu-khô-LilForest-từ-thiên-nhiên-không-cần-chăm-sóc-i.1525242885.40021380347?extraParams=%7B%22display_model_id%22%3A380809329233%2C%22model_selection_logic%22%3A3%7D
16,Lilforest,Thành phố Hà Nội,https://shopee.vn/search?shop=1525242885,"Quà tặng sinh nhật nghệ thuật độc đáo LilForest từ thiên nhiên, trang trí để bàn với cây không cần chăm sóc",629.000 ₫,"Đặc sản chất lượng - Quà tặng sinh nhật nghệ thuật độc đáo LilForest từ thiên nhiên, trang trí để bàn với cây không cần chăm sóc",https://down-vn.img.susercontent.com/file/vn-11134207-81ztc-moq7nit708we19,https://shopee.vn/Quà-tặng-sinh-nhật-nghệ-thuật-độc-đáo-LilForest-từ-thiên-nhiên-trang-trí-để-bàn-với-cây-không-cần-chăm-sóc-i.1525242885.52459075249?extraParams=%7B%22display_model_id%22%3A415804201100%2C%22model_selection_logic%22%3A3%7D
17,Lilforest,Thành phố Hà Nội,https://shopee.vn/search?shop=1525242885,"Quà tặng cưới, anniversary thủ công nghệ thuật Lilforest từ thiên nhiên, trang trí để bàn với cây không cần chăm sóc",579.000 ₫,"Đặc sản chất lượng - Quà tặng cưới, anniversary thủ công nghệ thuật Lilforest từ thiên nhiên, trang trí để bàn với cây không cần chăm sóc",https://down-vn.img.susercontent.com/file/vn-11134207-81ztc-moq7knhl3i8c04,https://shopee.vn/Quà-tặng-cưới-anniversary-thủ-công-nghệ-thuật-Lilforest-từ-thiên-nhiên-trang-trí-để-bàn-với-cây-không-cần-chăm-sóc-i.1525242885.50359062106?extraParams=%7B%22display_model_id%22%3A310821986108%2C%22model_selection_logic%22%3A3%7D
18,Lilforest,Thành phố Hà Nội,https://shopee.vn/search?shop=1525242885,"Quà tặng Mẹ, Bác gái thủ công nghệ thuật LilForest từ thiên nhiên, trang trí để bàn với cây không cần chăm sóc",599.000 ₫,"Đặc sản chất lượng - Quà tặng Mẹ, Bác gái thủ công nghệ thuật LilForest từ thiên nhiên, trang trí để bàn với cây không cần chăm sóc",https://down-vn.img.susercontent.com/file/vn-11134207-81ztc-moq7opfj6wb365,https://shopee.vn/Quà-tặng-Mẹ-Bác-gái-thủ-công-nghệ-thuật-LilForest-từ-thiên-nhiên-trang-trí-để-bàn-với-cây-không-cần-chăm-sóc-i.1525242885.55609105084?extraParams=%7B%22display_model_id%22%3A302550347411%2C%22model_selection_logic%22%3A3%7D
19,Lilforest,Thành phố Hà Nội,https://shopee.vn/search?shop=1525242885,"Quà tặng tốt nghiệp được làm thủ công từ thiên nhiên LilForest, trang trí để bàn với cây không cần chăm sóc",579.000 ₫,"Đặc sản chất lượng - Quà tặng tốt nghiệp được làm thủ công từ thiên nhiên LilForest, trang trí để bàn với cây không cần chăm sóc",https://down-vn.img.susercontent.com/file/vn-11134207-81ztc-moq7lyugr7r62c,https://shopee.vn/Quà-tặng-tốt-nghiệp-được-làm-thủ-công-từ-thiên-nhiên-LilForest-trang-trí-để-bàn-với-cây-không-cần-chăm-sóc-i.1525242885.51609136796?extraParams=%7B%22display_model_id%22%3A410809636563%2C%22model_selection_logic%22%3A3%7D
20,Lilforest,Thành phố Hà Nội,https://shopee.vn/search?shop=1525242885,"SET ĐÈN NGỦ TỰ LÀM từ hoa và rêu khô, dễ làm, thư giãn tạo nên quà tặng thủ công từ thiên nhiên",429.000 ₫,"Đặc sản chất lượng - SET ĐÈN NGỦ TỰ LÀM từ hoa và rêu khô, dễ làm, thư giãn tạo nên quà tặng thủ công từ thiên nhiên",https://down-vn.img.susercontent.com/file/vn-11134207-81ztc-mnrb49zq3sas3e,https://shopee.vn/SET-ĐÈN-NGỦ-TỰ-LÀM-từ-hoa-và-rêu-khô-dễ-làm-thư-giãn-tạo-nên-quà-tặng-thủ-công-từ-thiên-nhiên-i.1525242885.49609868449?extraParams=%7B%22display_model_id%22%3A208830394108%2C%22model_selection_logic%22%3A3%7D
21,Vigift - Đặc Sản Quà Đà Nẵng,Thành phố Đà Nẵng,https://shopee.vn/search?shop=428879509,Trà Sâm Dứa Vigift  Đặc Sản Đà Nẵng Làm Quà_Thanh Mát Vị Dứa,72.000 ₫,Đặc sản chất lượng - Trà Sâm Dứa Vigift  Đặc Sản Đà Nẵng Làm Quà_Thanh Mát Vị Dứa,https://down-vn.img.susercontent.com/file/vn-11134207-7ra0g-m8n8r4u1v4w74a,https://shopee.vn/Trà-Sâm-Dứa-Vigift-Đặc-Sản-Đà-Nẵng-Làm-Quà_Thanh-Mát-Vị-Dứa-i.428879509.20714125239?extraParams=%7B%22display_model_id%22%3A222380381557%2C%22model_selection_logic%22%3A3%7D
22,Vigift - Đặc Sản Quà Đà Nẵng,Thành phố Đà Nẵng,https://shopee.vn/search?shop=428879509,Mực Xé Sợi Ăn Liền Vigift Đặc Sản Đà Nẵng Làm Quà_Vị Ngọt Nguyên Bản,98.000 ₫,Đặc sản chất lượng - Mực Xé Sợi Ăn Liền Vigift Đặc Sản Đà Nẵng Làm Quà_Vị Ngọt Nguyên Bản,https://down-vn.img.susercontent.com/file/vn-11134207-7ra0g-m8n8mcec8tacc3,https://shopee.vn/Mực-Xé-Sợi-Ăn-Liền-Vigift-Đặc-Sản-Đà-Nẵng-Làm-Quà_Vị-Ngọt-Nguyên-Bản-i.428879509.5986912878?extraParams=%7B%22display_model_id%22%3A147591068540%2C%22model_selection_logic%22%3A3%7D
23,Vigift - Đặc Sản Quà Đà Nẵng,Thành phố Đà Nẵng,https://shopee.vn/search?shop=428879509,Bánh Dừa Nướng Đặc Sản Miền Trung Đồ Ăn Vặt Giòn Thơm Cực Ngon,30.000 ₫,Đặc sản chất lượng - Bánh Dừa Nướng Đặc Sản Miền Trung Đồ Ăn Vặt Giòn Thơm Cực Ngon,https://down-vn.img.susercontent.com/file/vn-11134207-7ra0g-m8oherskvds2ff,https://shopee.vn/Bánh-Dừa-Nướng-Đặc-Sản-Miền-Trung-Đồ-Ăn-Vặt-Giòn-Thơm-Cực-Ngon-i.428879509.10194286846?extraParams=%7B%22display_model_id%22%3A128759695175%2C%22model_selection_logic%22%3A3%7D
24,Vigift - Đặc Sản Quà Đà Nẵng,Thành phố Đà Nẵng,https://shopee.vn/search?shop=428879509,Mực Cán Cay Vigift Đặc Sản Đà Nẵng Làm Quà_Ngọt Mềm Từng Thớ Thịt,81.000 ₫,Đặc sản chất lượng - Mực Cán Cay Vigift Đặc Sản Đà Nẵng Làm Quà_Ngọt Mềm Từng Thớ Thịt,https://down-vn.img.susercontent.com/file/vn-11134207-7ra0g-m8n4fysed75z3a,https://shopee.vn/Mực-Cán-Cay-Vigift-Đặc-Sản-Đà-Nẵng-Làm-Quà_Ngọt-Mềm-Từng-Thớ-Thịt-i.428879509.2983707386?extraParams=%7B%22display_model_id%22%3A217072240683%2C%22model_selection_logic%22%3A3%7D
25,Vigift - Đặc Sản Quà Đà Nẵng,Thành phố Đà Nẵng,https://shopee.vn/search?shop=428879509,Cá Bò Da Cán Vigift Đặc Sản Đà Nẵng Làm Quà_Ngọt Mềm Nguyên Vị,79.000 ₫,Đặc sản chất lượng - Cá Bò Da Cán Vigift Đặc Sản Đà Nẵng Làm Quà_Ngọt Mềm Nguyên Vị,https://down-vn.img.susercontent.com/file/vn-11134207-7ra0g-m8lq1peelo4u84,https://shopee.vn/Cá-Bò-Da-Cán-Vigift-Đặc-Sản-Đà-Nẵng-Làm-Quà_Ngọt-Mềm-Nguyên-Vị-i.428879509.21221393016?extraParams=%7B%22display_model_id%22%3A257206445340%2C%22model_selection_logic%22%3A3%7D
26,Vigift - Đặc Sản Quà Đà Nẵng,Thành phố Đà Nẵng,https://shopee.vn/search?shop=428879509,Bánh Khô Mè Gạo Lứt 250g - Đặc Sản Đà Nẵng Đồ Ăn Vặt Giòn Xốp Thơm Vị Mè,97.000 ₫,Đặc sản chất lượng - Bánh Khô Mè Gạo Lứt 250g - Đặc Sản Đà Nẵng Đồ Ăn Vặt Giòn Xốp Thơm Vị Mè,https://down-vn.img.susercontent.com/file/vn-11134207-7ra0g-m8ohc3pfhf7of9,https://shopee.vn/Bánh-Khô-Mè-Gạo-Lứt-250g-Đặc-Sản-Đà-Nẵng-Đồ-Ăn-Vặt-Giòn-Xốp-Thơm-Vị-Mè-i.428879509.20018378456?extraParams=%7B%22display_model_id%22%3A204624498639%2C%22model_selection_logic%22%3A3%7D
27,Vigift - Đặc Sản Quà Đà Nẵng,Thành phố Đà Nẵng,https://shopee.vn/search?shop=428879509,Trà Hoa Lài Vigift Đặc Sản Đà Nẵng Làm Quà_Thanh Mát Hương Lài,72.000 ₫,Đặc sản chất lượng - Trà Hoa Lài Vigift Đặc Sản Đà Nẵng Làm Quà_Thanh Mát Hương Lài,https://down-vn.img.susercontent.com/file/vn-11134207-7ra0g-m8n8qp052kxu28,https://shopee.vn/Trà-Hoa-Lài-Vigift-Đặc-Sản-Đà-Nẵng-Làm-Quà_Thanh-Mát-Hương-Lài-i.428879509.17976592739?extraParams=%7B%22display_model_id%22%3A250519797563%2C%22model_selection_logic%22%3A3%7D
28,Vigift - Đặc Sản Quà Đà Nẵng,Thành phố Đà Nẵng,https://shopee.vn/search?shop=428879509,Hạt Macca Sấy Vigift  Đặc Sản Đà Nẵng Làm Quà - Thơm Ngon Béo Ngậy,206.000 ₫,Đặc sản chất lượng - Hạt Macca Sấy Vigift  Đặc Sản Đà Nẵng Làm Quà - Thơm Ngon Béo Ngậy,https://down-vn.img.susercontent.com/file/vn-11134207-7ra0g-m8lovh719yem69,https://shopee.vn/Hạt-Macca-Sấy-Vigift-Đặc-Sản-Đà-Nẵng-Làm-Quà-Thơm-Ngon-Béo-Ngậy-i.428879509.9247028869?extraParams=%7B%22display_model_id%22%3A222624527027%2C%22model_selection_logic%22%3A3%7D
29,Vigift - Đặc Sản Quà Đà Nẵng,Thành phố Đà Nẵng,https://shopee.vn/search?shop=428879509,Cá Chỉ Vàng Khô Nướng Vigift 500g  Đặc Sản Đà Nẵng Làm Quà - Ngọt Thịt Dai Dai,250.000 ₫,Đặc sản chất lượng - Cá Chỉ Vàng Khô Nướng Vigift 500g  Đặc Sản Đà Nẵng Làm Quà - Ngọt Thịt Dai Dai,https://down-vn.img.susercontent.com/file/vn-11134207-7ra0g-m8og5ojsajyad9,https://shopee.vn/Cá-Chỉ-Vàng-Khô-Nướng-Vigift-500g-Đặc-Sản-Đà-Nẵng-Làm-Quà-Ngọt-Thịt-Dai-Dai-i.428879509.8154401497?extraParams=%7B%22display_model_id%22%3A110198382210%2C%22model_selection_logic%22%3A3%7D
30,Vigift - Đặc Sản Quà Đà Nẵng,Thành phố Đà Nẵng,https://shopee.vn/search?shop=428879509,Mực Xé Giòn Ăn Liền Vigift Đặc Sản Đà Nẵng Làm Quà_Giòn Tan Ngọt Mực,66.000 ₫,Đặc sản chất lượng - Mực Xé Giòn Ăn Liền Vigift Đặc Sản Đà Nẵng Làm Quà_Giòn Tan Ngọt Mực,https://down-vn.img.susercontent.com/file/vn-11134207-7ra0g-m8n8k8zclvnm32,https://shopee.vn/Mực-Xé-Giòn-Ăn-Liền-Vigift-Đặc-Sản-Đà-Nẵng-Làm-Quà_Giòn-Tan-Ngọt-Mực-i.428879509.8746836831?extraParams=%7B%22display_model_id%22%3A252206444538%2C%22model_selection_logic%22%3A3%7D
31,Casfa Design,Thành phố Hồ Chí Minh,https://shopee.vn/search?shop=104604642,"Sổ gỗ lưu niệm Việt Nam chất liệu Gỗ A6 - Vietnam Handmade Notebook, Casfa Design",45.900 ₫,"Đặc sản chất lượng - Sổ gỗ lưu niệm Việt Nam chất liệu Gỗ A6 - Vietnam Handmade Notebook, Casfa Design",https://down-vn.img.susercontent.com/file/vn-11134207-81ztc-mlxn0o5d5sec91,https://shopee.vn/Sổ-gỗ-lưu-niệm-Việt-Nam-chất-liệu-Gỗ-A6-Vietnam-Handmade-Notebook-Casfa-Design-i.104604642.41628394871?extraParams=%7B%22display_model_id%22%3A410495546794%2C%22model_selection_logic%22%3A3%7D
32,Casfa Design,Thành phố Hồ Chí Minh,https://shopee.vn/search?shop=104604642,"Sổ gỗ in-khắc hoạ tiết địa danh du lịch nổi tiếng ở việt nam Casfa Design, A6",49.770 ₫,"Đặc sản chất lượng - Sổ gỗ in-khắc hoạ tiết địa danh du lịch nổi tiếng ở việt nam Casfa Design, A6",https://down-vn.img.susercontent.com/file/vn-11134207-81ztc-mmpknbkk5wjnb8,https://shopee.vn/Sổ-gỗ-in-khắc-hoạ-tiết-địa-danh-du-lịch-nổi-tiếng-ở-việt-nam-Casfa-Design-A6-i.104604642.29194530506?extraParams=%7B%22display_model_id%22%3A365735381597%2C%22model_selection_logic%22%3A3%7D
33,Casfa Design,Thành phố Hồ Chí Minh,https://shopee.vn/search?shop=104604642,"Móc Khóa Nón Lá – Lưu Niệm Việt Nam Nhỏ Gọn, Ý Nghĩa & Độc Đáo",22.900 ₫,"Đặc sản chất lượng - Móc Khóa Nón Lá – Lưu Niệm Việt Nam Nhỏ Gọn, Ý Nghĩa & Độc Đáo",https://down-vn.img.susercontent.com/file/vn-11134207-820l4-mi610mf09url70,https://shopee.vn/Móc-Khóa-Nón-Lá-–-Lưu-Niệm-Việt-Nam-Nhỏ-Gọn-Ý-Nghĩa-Độc-Đáo-i.104604642.44752756067?extraParams=%7B%22display_model_id%22%3A302235333720%2C%22model_selection_logic%22%3A3%7D
34,Casfa Design,Thành phố Hồ Chí Minh,https://shopee.vn/search?shop=104604642,"Thiệp Postcard bưu thiếp Việt Nam, phong cách vintage quà lưu niệm Casfa Design",18.850 ₫,"Đặc sản chất lượng - Thiệp Postcard bưu thiếp Việt Nam, phong cách vintage quà lưu niệm Casfa Design",https://down-vn.img.susercontent.com/file/vn-11134207-820l4-mequz53paadjad,https://shopee.vn/Thiệp-Postcard-bưu-thiếp-Việt-Nam-phong-cách-vintage-quà-lưu-niệm-Casfa-Design-i.104604642.26640106759?extraParams=%7B%22display_model_id%22%3A249221460609%2C%22model_selection_logic%22%3A3%7D
35,Casfa Design,Thành phố Hồ Chí Minh,https://shopee.vn/search?shop=104604642,"Sticker dán mặt CÓ CÁN BÓNG, decal cờ đỏ sao vàng, tem dán lá cờ Việt Nam, cờ tổ quốc dịp 30/4 2/9",18.850 ₫,"Đặc sản chất lượng - Sticker dán mặt CÓ CÁN BÓNG, decal cờ đỏ sao vàng, tem dán lá cờ Việt Nam, cờ tổ quốc dịp 30/4 2/9",https://down-vn.img.susercontent.com/file/vn-11134207-81ztc-mn8dxhtje9s8b4,https://shopee.vn/Sticker-dán-mặt-CÓ-CÁN-BÓNG-decal-cờ-đỏ-sao-vàng-tem-dán-lá-cờ-Việt-Nam-cờ-tổ-quốc-dịp-30-4-2-9-i.104604642.50559107200?extraParams=%7B%22display_model_id%22%3A292550745723%2C%22model_selection_logic%22%3A3%7D
36,Casfa Design,Thành phố Hồ Chí Minh,https://shopee.vn/search?shop=104604642,"Sticker Lá Cờ Việt Nam Casfa Design – Kháng Nước, Dán Mọi Mặt Phẳng, Kích Thước A6",14.500 ₫,"Đặc sản chất lượng - Sticker Lá Cờ Việt Nam Casfa Design – Kháng Nước, Dán Mọi Mặt Phẳng, Kích Thước A6",https://down-vn.img.susercontent.com/file/vn-11134207-820l4-mgyl28q0zll79b,https://shopee.vn/Sticker-Lá-Cờ-Việt-Nam-Casfa-Design-–-Kháng-Nước-Dán-Mọi-Mặt-Phẳng-Kích-Thước-A6-i.104604642.52351074340?extraParams=%7B%22display_model_id%22%3A259081526509%2C%22model_selection_logic%22%3A3%7D
37,Casfa Design,Thành phố Hồ Chí Minh,https://shopee.vn/search?shop=104604642,"Sổ Gỗ A6 Handmade - Quà Tặng Lưu Niệm Việt Nam, Casfa Design",45.820 ₫,"Đặc sản chất lượng - Sổ Gỗ A6 Handmade - Quà Tặng Lưu Niệm Việt Nam, Casfa Design",https://down-vn.img.susercontent.com/file/vn-11134207-81ztc-mlxn1cy43sp0fe,https://shopee.vn/Sổ-Gỗ-A6-Handmade-Quà-Tặng-Lưu-Niệm-Việt-Nam-Casfa-Design-i.104604642.56755433788?extraParams=%7B%22display_model_id%22%3A425495584697%2C%22model_selection_logic%22%3A3%7D
38,Casfa Design,Thành phố Hồ Chí Minh,https://shopee.vn/search?shop=104604642,Vòng Tay Cờ Đỏ Sao Vàng – Tự Hào Người Việt Nam | CASFA DESIGN,50.490 ₫,Đặc sản chất lượng - Vòng Tay Cờ Đỏ Sao Vàng – Tự Hào Người Việt Nam | CASFA DESIGN,https://down-vn.img.susercontent.com/file/vn-11134207-820l4-mgyl370rgmbu08,https://shopee.vn/Vòng-Tay-Cờ-Đỏ-Sao-Vàng-–-Tự-Hào-Người-Việt-Nam-CASFA-DESIGN-i.104604642.45001132648?extraParams=%7B%22display_model_id%22%3A272141464659%2C%22model_selection_logic%22%3A3%7D
39,Casfa Design,Thành phố Hồ Chí Minh,https://shopee.vn/search?shop=104604642,"Sổ lưu niệm Việt Nam chất liệu Gỗ A6 - Vietnam Handmade Notebook, Qùa Tặng Lưu Giữ Kỷ Niệm",45.900 ₫,"Đặc sản chất lượng - Sổ lưu niệm Việt Nam chất liệu Gỗ A6 - Vietnam Handmade Notebook, Qùa Tặng Lưu Giữ Kỷ Niệm",https://down-vn.img.susercontent.com/file/vn-11134207-7ras8-mcrkz51lifj6df,https://shopee.vn/Sổ-lưu-niệm-Việt-Nam-chất-liệu-Gỗ-A6-Vietnam-Handmade-Notebook-Qùa-Tặng-Lưu-Giữ-Kỷ-Niệm-i.104604642.29089295510?extraParams=%7B%22display_model_id%22%3A380441202211%2C%22model_selection_logic%22%3A3%7D
40,Casfa Design,Thành phố Hồ Chí Minh,https://shopee.vn/search?shop=104604642,Móc Khoá Gỗ Lưu Niệm Aó Dài - Móc Khóa Gỗ Handmade - Quà Tặng Lưu Niệm Việt Nam,24.650 ₫,Đặc sản chất lượng - Móc Khoá Gỗ Lưu Niệm Aó Dài - Móc Khóa Gỗ Handmade - Quà Tặng Lưu Niệm Việt Nam,https://down-vn.img.susercontent.com/file/vn-11134207-7ra0g-macwfgqdwyc806,https://shopee.vn/Móc-Khoá-Gỗ-Lưu-Niệm-Aó-Dài-Móc-Khóa-Gỗ-Handmade-Quà-Tặng-Lưu-Niệm-Việt-Nam-i.104604642.41652590121?extraParams=%7B%22display_model_id%22%3A275213560829%2C%22model_selection_logic%22%3A3%7D
41,TINH NGUYÊN,Tỉnh Tây Ninh,https://shopee.vn/search?shop=191855774,Combo 3 Bánh Tráng Ớt Tây Ninh Tinh Nguyên (200gx3gói),58.000 ₫,Đặc sản chất lượng - Combo 3 Bánh Tráng Ớt Tây Ninh Tinh Nguyên (200gx3gói),https://down-vn.img.susercontent.com/file/vn-11134207-81ztc-mpbo0jc8a0b271,https://shopee.vn/Combo-3-Bánh-Tráng-Ớt-Tây-Ninh-Tinh-Nguyên-(200gx3gói)-i.191855774.8475215625?extraParams=%7B%22display_model_id%22%3A26657840173%2C%22model_selection_logic%22%3A3%7D
42,TINH NGUYÊN,Tỉnh Tây Ninh,https://shopee.vn/search?shop=191855774,Xốt Me Cay DellyCook (300g),32.830 ₫,Đặc sản chất lượng - Xốt Me Cay DellyCook (300g),https://down-vn.img.susercontent.com/file/vn-11134207-81ztc-mpd6e4jpabya31,https://shopee.vn/Xốt-Me-Cay-DellyCook-(300g)-i.191855774.12966025119?extraParams=%7B%22display_model_id%22%3A86451046572%2C%22model_selection_logic%22%3A3%7D
43,TINH NGUYÊN,Tỉnh Tây Ninh,https://shopee.vn/search?shop=191855774,Bánh Tráng Ớt Tây Ninh Tinh Nguyên (200g),21.500 ₫,Đặc sản chất lượng - Bánh Tráng Ớt Tây Ninh Tinh Nguyên (200g),https://down-vn.img.susercontent.com/file/vn-11134207-81ztc-mpd610kd83d85a,https://shopee.vn/Bánh-Tráng-Ớt-Tây-Ninh-Tinh-Nguyên-(200g)-i.191855774.5031121622?extraParams=%7B%22display_model_id%22%3A52102566921%2C%22model_selection_logic%22%3A3%7D
44,TINH NGUYÊN,Tỉnh Tây Ninh,https://shopee.vn/search?shop=191855774,Bánh Tráng Trộn Bơ Tỏi Fadely (50g),24.000 ₫,Đặc sản chất lượng - Bánh Tráng Trộn Bơ Tỏi Fadely (50g),https://down-vn.img.susercontent.com/file/vn-11134207-81ztc-mpd6mwvrhs76db,https://shopee.vn/Bánh-Tráng-Trộn-Bơ-Tỏi-Fadely-(50g)-i.191855774.22280964810?extraParams=%7B%22display_model_id%22%3A225654771187%2C%22model_selection_logic%22%3A3%7D
45,TINH NGUYÊN,Tỉnh Tây Ninh,https://shopee.vn/search?shop=191855774,Muối Tôm Tây Ninh Tinh Nguyên (90g),18.130 ₫,Đặc sản chất lượng - Muối Tôm Tây Ninh Tinh Nguyên (90g),https://down-vn.img.susercontent.com/file/vn-11134207-81ztc-mpd60nftj9jh07,https://shopee.vn/Muối-Tôm-Tây-Ninh-Tinh-Nguyên-(90g)-i.191855774.6228569238?extraParams=%7B%22display_model_id%22%3A52102593894%2C%22model_selection_logic%22%3A3%7D
46,TINH NGUYÊN,Tỉnh Tây Ninh,https://shopee.vn/search?shop=191855774,Muối Tôm Siêu Cay Tây Ninh Tinh Nguyên (95g),21.800 ₫,Đặc sản chất lượng - Muối Tôm Siêu Cay Tây Ninh Tinh Nguyên (95g),https://down-vn.img.susercontent.com/file/vn-11134207-81ztc-mpd5tcmdrrb6b9,https://shopee.vn/Muối-Tôm-Siêu-Cay-Tây-Ninh-Tinh-Nguyên-(95g)-i.191855774.7759862969?extraParams=%7B%22display_model_id%22%3A31584151496%2C%22model_selection_logic%22%3A3%7D
47,TINH NGUYÊN,Tỉnh Tây Ninh,https://shopee.vn/search?shop=191855774,Combo 5 Bánh Tráng Ớt Tây Ninh Tinh Nguyên (100gx5gói),57.600 ₫,Đặc sản chất lượng - Combo 5 Bánh Tráng Ớt Tây Ninh Tinh Nguyên (100gx5gói),https://down-vn.img.susercontent.com/file/vn-11134207-81ztc-mpd5s6vp74lr22,https://shopee.vn/Combo-5-Bánh-Tráng-Ớt-Tây-Ninh-Tinh-Nguyên-(100gx5gói)-i.191855774.7664968250?extraParams=%7B%22display_model_id%22%3A61964333086%2C%22model_selection_logic%22%3A3%7D
48,TINH NGUYÊN,Tỉnh Tây Ninh,https://shopee.vn/search?shop=191855774,Muối Tiêu Lá Chanh Tây Ninh Tinh Nguyên (90g),19.500 ₫,Đặc sản chất lượng - Muối Tiêu Lá Chanh Tây Ninh Tinh Nguyên (90g),https://down-vn.img.susercontent.com/file/vn-11134207-81ztc-mpd629okwaa7be,https://shopee.vn/Muối-Tiêu-Lá-Chanh-Tây-Ninh-Tinh-Nguyên-(90g)-i.191855774.3628660299?extraParams=%7B%22display_model_id%22%3A72102592391%2C%22model_selection_logic%22%3A3%7D
49,TINH NGUYÊN,Tỉnh Tây Ninh,https://shopee.vn/search?shop=191855774,Combo 4 Bánh Tráng Siêu Mỏng Tây Ninh Tinh Nguyên (180gx4gói),70.200 ₫,Đặc sản chất lượng - Combo 4 Bánh Tráng Siêu Mỏng Tây Ninh Tinh Nguyên (180gx4gói),https://down-vn.img.susercontent.com/file/vn-11134207-81ztc-mpd5u3jpsq2z86,https://shopee.vn/Combo-4-Bánh-Tráng-Siêu-Mỏng-Tây-Ninh-Tinh-Nguyên-(180gx4gói)-i.191855774.8375203451?extraParams=%7B%22display_model_id%22%3A93270140699%2C%22model_selection_logic%22%3A3%7D
50,TINH NGUYÊN,Tỉnh Tây Ninh,https://shopee.vn/search?shop=191855774,Muối Ớt Chanh Tinh Nguyên (200g),21.070 ₫,Đặc sản chất lượng - Muối Ớt Chanh Tinh Nguyên (200g),https://down-vn.img.susercontent.com/file/vn-11134207-81ztc-mpd6op7ji9la9f,https://shopee.vn/Muối-Ớt-Chanh-Tinh-Nguyên-(200g)-i.191855774.4160079436?extraParams=%7B%22display_model_id%22%3A22442443421%2C%22model_selection_logic%22%3A3%7D
51,messagecoffee.store,Thành phố Hồ Chí Minh,https://shopee.vn/search?shop=241946261,Cà phê Robusta Honey nguyên chất rang mộc 100% vị đắng đầm hậu ngọt thơm nồng dùng pha phin pha máy từ Message Coffee,100.000 ₫,Đặc sản chất lượng - Cà phê Robusta Honey nguyên chất rang mộc 100% vị đắng đầm hậu ngọt thơm nồng dùng pha phin pha máy từ Message Coffee,https://down-vn.img.susercontent.com/file/vn-11134207-81ztc-mp5dn982vdhea8,https://shopee.vn/Cà-phê-Robusta-Honey-nguyên-chất-rang-mộc-100-vị-đắng-đầm-hậu-ngọt-thơm-nồng-dùng-pha-phin-pha-máy-từ-Message-Coffee-i.241946261.4231325681?extraParams=%7B%22display_model_id%22%3A123670737147%2C%22model_selection_logic%22%3A3%7D
52,messagecoffee.store,Thành phố Hồ Chí Minh,https://shopee.vn/search?shop=241946261,"Cà phê BLACK Hòa Tan Sấy Lạnh Gu Đậm Đà, tinh chất cafe rang xay nguyên chất, tiện lợi, dùng liền từ Message Coffee",70.000 ₫,"Đặc sản chất lượng - Cà phê BLACK Hòa Tan Sấy Lạnh Gu Đậm Đà, tinh chất cafe rang xay nguyên chất, tiện lợi, dùng liền từ Message Coffee",https://down-vn.img.susercontent.com/file/vn-11134207-81ztc-mp5dmn6fglj432,https://shopee.vn/Cà-phê-BLACK-Hòa-Tan-Sấy-Lạnh-Gu-Đậm-Đà-tinh-chất-cafe-rang-xay-nguyên-chất-tiện-lợi-dùng-liền-từ-Message-Coffee-i.241946261.13587471029?extraParams=%7B%22display_model_id%22%3A135213532981%2C%22model_selection_logic%22%3A3%7D
53,messagecoffee.store,Thành phố Hồ Chí Minh,https://shopee.vn/search?shop=241946261,Cà phê Arabica Cầu Đất nguyên chất 100% hậu vị ngọt thơm quyến rũ Pha Máy - Cold Brew và Drip từ Message Coffee,140.000 ₫,Đặc sản chất lượng - Cà phê Arabica Cầu Đất nguyên chất 100% hậu vị ngọt thơm quyến rũ Pha Máy - Cold Brew và Drip từ Message Coffee,https://down-vn.img.susercontent.com/file/vn-11134207-81ztc-mp5dof0igjcydc,https://shopee.vn/Cà-phê-Arabica-Cầu-Đất-nguyên-chất-100-hậu-vị-ngọt-thơm-quyến-rũ-Pha-Máy-Cold-Brew-và-Drip-từ-Message-Coffee-i.241946261.3744255455?extraParams=%7B%22display_model_id%22%3A48206134564%2C%22model_selection_logic%22%3A3%7D
54,messagecoffee.store,Thành phố Hồ Chí Minh,https://shopee.vn/search?shop=241946261,"Túi thơm cà phê đẹp rẻ 100% hạt nguyên chất khối lượng 30-50gram khử mủi ô tô, tủ, văn phòng làm việc từ Message coffee",18.000 ₫,"Đặc sản chất lượng - Túi thơm cà phê đẹp rẻ 100% hạt nguyên chất khối lượng 30-50gram khử mủi ô tô, tủ, văn phòng làm việc từ Message coffee",https://down-vn.img.susercontent.com/file/vn-11134207-7r98o-ltd7196v6t95af,https://shopee.vn/Túi-thơm-cà-phê-đẹp-rẻ-100-hạt-nguyên-chất-khối-lượng-30-50gram-khử-mủi-ô-tô-tủ-văn-phòng-làm-việc-từ-Message-coffee-i.241946261.3724542745?extraParams=%7B%22display_model_id%22%3A64411923140%2C%22model_selection_logic%22%3A3%7D
55,messagecoffee.store,Thành phố Hồ Chí Minh,https://shopee.vn/search?shop=241946261,Cà phê nguyên chất Blend Robusta - Arabica rang mộc đậm đà thơm nồng dùng pha phin hoặc pha máy ngon từ Message Coffee,105.000 ₫,Đặc sản chất lượng - Cà phê nguyên chất Blend Robusta - Arabica rang mộc đậm đà thơm nồng dùng pha phin hoặc pha máy ngon từ Message Coffee,https://down-vn.img.susercontent.com/file/vn-11134207-81ztc-mp5dwhnhreo22f,https://shopee.vn/Cà-phê-nguyên-chất-Blend-Robusta-Arabica-rang-mộc-đậm-đà-thơm-nồng-dùng-pha-phin-hoặc-pha-máy-ngon-từ-Message-Coffee-i.241946261.6544157286?extraParams=%7B%22display_model_id%22%3A123670465770%2C%22model_selection_logic%22%3A3%7D
56,messagecoffee.store,Thành phố Hồ Chí Minh,https://shopee.vn/search?shop=241946261,Cà phê Robusta nguyên chất rang mộc 100% vị truyền thống đậm đà thơm nồng cafe pha phin ngon gói 500gr từ Message Coffee,80.000 ₫,Đặc sản chất lượng - Cà phê Robusta nguyên chất rang mộc 100% vị truyền thống đậm đà thơm nồng cafe pha phin ngon gói 500gr từ Message Coffee,https://down-vn.img.susercontent.com/file/vn-11134207-81ztc-mp5dw0cni1or0f,https://shopee.vn/Cà-phê-Robusta-nguyên-chất-rang-mộc-100-vị-truyền-thống-đậm-đà-thơm-nồng-cafe-pha-phin-ngon-gói-500gr-từ-Message-Coffee-i.241946261.5744153934?extraParams=%7B%22display_model_id%22%3A76205913307%2C%22model_selection_logic%22%3A3%7D
57,messagecoffee.store,Thành phố Hồ Chí Minh,https://shopee.vn/search?shop=241946261,Cafe Culi Đặc Biệt nguyên chất rang mộc 100% vị đắng đậm thơm ngọt hậu dùng pha cà phê phin ngon từ Message Coffee,105.000 ₫,Đặc sản chất lượng - Cafe Culi Đặc Biệt nguyên chất rang mộc 100% vị đắng đậm thơm ngọt hậu dùng pha cà phê phin ngon từ Message Coffee,https://down-vn.img.susercontent.com/file/vn-11134207-81ztc-mp5dt9ftr5z47c,https://shopee.vn/Cafe-Culi-Đặc-Biệt-nguyên-chất-rang-mộc-100-vị-đắng-đậm-thơm-ngọt-hậu-dùng-pha-cà-phê-phin-ngon-từ-Message-Coffee-i.241946261.7544154861?extraParams=%7B%22display_model_id%22%3A50475657540%2C%22model_selection_logic%22%3A3%7D
58,messagecoffee.store,Thành phố Hồ Chí Minh,https://shopee.vn/search?shop=241946261,"Cà phê DECAF cao cấp - Cafe robusta tách cafeine, ít đắng, dành cho người nhạy cảm với cafeine, không mất ngủ gói 200gr",145.000 ₫,"Đặc sản chất lượng - Cà phê DECAF cao cấp - Cafe robusta tách cafeine, ít đắng, dành cho người nhạy cảm với cafeine, không mất ngủ gói 200gr",https://down-vn.img.susercontent.com/file/vn-11134207-81ztc-mp5dkyj9tlora0,https://shopee.vn/Cà-phê-DECAF-cao-cấp-Cafe-robusta-tách-cafeine-ít-đắng-dành-cho-người-nhạy-cảm-với-cafeine-không-mất-ngủ-gói-200gr-i.241946261.4456892966?extraParams=%7B%22display_model_id%22%3A61353425535%2C%22model_selection_logic%22%3A3%7D
59,messagecoffee.store,Thành phố Hồ Chí Minh,https://shopee.vn/search?shop=241946261,Cà phê nguyên chất Cầu Đất Blend rang mộc 100% thơm quyến rũ hậu ngọt đắng đầm dùng pha máy - pha phin từ Message Coffee,110.000 ₫,Đặc sản chất lượng - Cà phê nguyên chất Cầu Đất Blend rang mộc 100% thơm quyến rũ hậu ngọt đắng đầm dùng pha máy - pha phin từ Message Coffee,https://down-vn.img.susercontent.com/file/vn-11134207-81ztc-mp5dqha7udqj80,https://shopee.vn/Cà-phê-nguyên-chất-Cầu-Đất-Blend-rang-mộc-100-thơm-quyến-rũ-hậu-ngọt-đắng-đầm-dùng-pha-máy-pha-phin-từ-Message-Coffee-i.241946261.7980454089?extraParams=%7B%22display_model_id%22%3A68205488772%2C%22model_selection_logic%22%3A3%7D
60,messagecoffee.store,Thành phố Hồ Chí Minh,https://shopee.vn/search?shop=241946261,"Hộp Quà Tết Cà phê Đặc sản VietNam Amazing Cup, Combo Cafe Specialty, Set Quà tặng Sang trọng Cao Cấp từ Message Coffee",530.000 ₫,"Đặc sản chất lượng - Hộp Quà Tết Cà phê Đặc sản VietNam Amazing Cup, Combo Cafe Specialty, Set Quà tặng Sang trọng Cao Cấp từ Message Coffee",https://down-vn.img.susercontent.com/file/vn-11134207-820l4-mj0spblly9z7a4,https://shopee.vn/Hộp-Quà-Tết-Cà-phê-Đặc-sản-VietNam-Amazing-Cup-Combo-Cafe-Specialty-Set-Quà-tặng-Sang-trọng-Cao-Cấp-từ-Message-Coffee-i.241946261.20357097331?extraParams=%7B%22display_model_id%22%3A69138552950%2C%22model_selection_logic%22%3A3%7D
61,Chitt Decor,Thành phố Huế,https://shopee.vn/search?shop=907257152,( UTOTY26 FCM ) Móc Khóa Cầu Thủ Thẻ Cầu Thủ FC Mobile Mùa Thẻ UTOTY26 - RIN HUDA-CHIT,21.000 ₫,Đặc sản chất lượng - ( UTOTY26 FCM ) Móc Khóa Cầu Thủ Thẻ Cầu Thủ FC Mobile Mùa Thẻ UTOTY26 - RIN HUDA-CHIT,https://down-vn.img.susercontent.com/file/sg-11134201-81zu4-mmlq1v89gw79c0,https://shopee.vn/(-UTOTY26-FCM-)-Móc-Khóa-Cầu-Thủ-Thẻ-Cầu-Thủ-FC-Mobile-Mùa-Thẻ-UTOTY26-RIN-HUDA-CHIT-i.907257152.45408198991?extraParams=%7B%22display_model_id%22%3A380727334430%2C%22model_selection_logic%22%3A3%7D
62,Chitt Decor,Thành phố Huế,https://shopee.vn/search?shop=907257152,"Móc Khóa Chữ Ký FC Mobile Móc Khóa Bóng Đá Thẻ Cầu Thủ Messi, Ronaldo, Neymar phiên bản chữ ký",19.500 ₫,"Đặc sản chất lượng - Móc Khóa Chữ Ký FC Mobile Móc Khóa Bóng Đá Thẻ Cầu Thủ Messi, Ronaldo, Neymar phiên bản chữ ký",https://down-vn.img.susercontent.com/file/sg-11134201-81ztn-miegoeb6iosne5,https://shopee.vn/Móc-Khóa-Chữ-Ký-FC-Mobile-Móc-Khóa-Bóng-Đá-Thẻ-Cầu-Thủ-Messi-Ronaldo-Neymar-phiên-bản-chữ-ký-i.907257152.45703299594?extraParams=%7B%22display_model_id%22%3A315439415405%2C%22model_selection_logic%22%3A3%7D
63,Chitt Decor,Thành phố Huế,https://shopee.vn/search?shop=907257152,"Móc Khóa FC Mobile Móc Khóa Bóng Đá Thẻ Cầu Thủ Messi, Ronaldo, Beckham, Torres, Mbappé... Sưu Tầm - chit",18.500 ₫,"Đặc sản chất lượng - Móc Khóa FC Mobile Móc Khóa Bóng Đá Thẻ Cầu Thủ Messi, Ronaldo, Beckham, Torres, Mbappé... Sưu Tầm - chit",https://down-vn.img.susercontent.com/file/sg-11134201-81zw9-miegnjcs2iv45e,https://shopee.vn/Móc-Khóa-FC-Mobile-Móc-Khóa-Bóng-Đá-Thẻ-Cầu-Thủ-Messi-Ronaldo-Beckham-Torres-Mbappé...-Sưu-Tầm-chit-i.907257152.56353280821?extraParams=%7B%22display_model_id%22%3A310316414423%2C%22model_selection_logic%22%3A3%7D
64,Chitt Decor,Thành phố Huế,https://shopee.vn/search?shop=907257152,Thẻ Cầu Thủ Chỉ Định FC Mobile MẪU MỚI 2026 Chọn Theo Mẫu - chit,23.000 ₫,Đặc sản chất lượng - Thẻ Cầu Thủ Chỉ Định FC Mobile MẪU MỚI 2026 Chọn Theo Mẫu - chit,https://down-vn.img.susercontent.com/file/sg-11134201-825zm-mjuo9i9p4g7845,https://shopee.vn/Thẻ-Cầu-Thủ-Chỉ-Định-FC-Mobile-MẪU-MỚI-2026-Chọn-Theo-Mẫu-chit-i.907257152.48805256510?extraParams=%7B%22display_model_id%22%3A262360406141%2C%22model_selection_logic%22%3A3%7D
65,Chitt Decor,Thành phố Huế,https://shopee.vn/search?shop=907257152,( UTOTY26 FCM ) Móc Khóa Cầu Thủ Thẻ Cầu Thủ FC Mobile Mùa Thẻ UTOTY26 - CHIT,23.500 ₫,Đặc sản chất lượng - ( UTOTY26 FCM ) Móc Khóa Cầu Thủ Thẻ Cầu Thủ FC Mobile Mùa Thẻ UTOTY26 - CHIT,https://down-vn.img.susercontent.com/file/sg-11134201-8260f-ml52w4vkej2n7c,https://shopee.vn/(-UTOTY26-FCM-)-Móc-Khóa-Cầu-Thủ-Thẻ-Cầu-Thủ-FC-Mobile-Mùa-Thẻ-UTOTY26-CHIT-i.907257152.45656462685?extraParams=%7B%22display_model_id%22%3A365580523395%2C%22model_selection_logic%22%3A3%7D
66,Chitt Decor,Thành phố Huế,https://shopee.vn/search?shop=907257152,"Móc Khóa FC Mobile Móc Khóa Bóng Đá Thẻ Cầu Thủ Messi, Ronaldo, Beckham, Torres, Mbappé... Sưu Tầm",15.500 ₫,"Đặc sản chất lượng - Móc Khóa FC Mobile Móc Khóa Bóng Đá Thẻ Cầu Thủ Messi, Ronaldo, Beckham, Torres, Mbappé... Sưu Tầm",https://down-vn.img.susercontent.com/file/sg-11134201-8261s-ml52xb9m0owaac,https://shopee.vn/Móc-Khóa-FC-Mobile-Móc-Khóa-Bóng-Đá-Thẻ-Cầu-Thủ-Messi-Ronaldo-Beckham-Torres-Mbappé...-Sưu-Tầm-i.907257152.55106434224?extraParams=%7B%22display_model_id%22%3A267419686827%2C%22model_selection_logic%22%3A3%7D
67,Chitt Decor,Thành phố Huế,https://shopee.vn/search?shop=907257152,"Móc khoá mica logo các trường đại học,cao đẳng,học viện - chit",19.500 ₫,"Đặc sản chất lượng - Móc khoá mica logo các trường đại học,cao đẳng,học viện - chit",https://down-vn.img.susercontent.com/file/sg-11134201-822y2-mi1iar3r5hqa1d,https://shopee.vn/Móc-khoá-mica-logo-các-trường-đại-học-cao-đẳng-học-viện-chit-i.907257152.48702840612?extraParams=%7B%22display_model_id%22%3A325272358886%2C%22model_selection_logic%22%3A3%7D
68,Chitt Decor,Thành phố Huế,https://shopee.vn/search?shop=907257152,( UTOTY26 FCM ) Móc Khóa Cầu Thủ Thẻ Cầu Thủ FC Mobile Mùa Thẻ UTOTY26 - chit,25.000 ₫,Đặc sản chất lượng - ( UTOTY26 FCM ) Móc Khóa Cầu Thủ Thẻ Cầu Thủ FC Mobile Mùa Thẻ UTOTY26 - chit,https://down-vn.img.susercontent.com/file/sg-11134201-8260g-ml4tec5v4bv0bf,https://shopee.vn/(-UTOTY26-FCM-)-Móc-Khóa-Cầu-Thủ-Thẻ-Cầu-Thủ-FC-Mobile-Mùa-Thẻ-UTOTY26-chit-i.907257152.47406450551?extraParams=%7B%22display_model_id%22%3A325579670162%2C%22model_selection_logic%22%3A3%7D
69,Chitt Decor,Thành phố Huế,https://shopee.vn/search?shop=907257152,MÓC TREO BALO IN TÊN BÉ VÀ SÔ BỐ MẸ - Xưởng quà tặng Sango,18.000 ₫,Đặc sản chất lượng - MÓC TREO BALO IN TÊN BÉ VÀ SÔ BỐ MẸ - Xưởng quà tặng Sango,https://down-vn.img.susercontent.com/file/sg-11134201-81zvn-mmlq2tdolfye60,https://shopee.vn/MÓC-TREO-BALO-IN-TÊN-BÉ-VÀ-SÔ-BỐ-MẸ-Xưởng-quà-tặng-Sango-i.907257152.56758187996?extraParams=%7B%22display_model_id%22%3A282504708043%2C%22model_selection_logic%22%3A3%7D
70,Chitt Decor,Thành phố Huế,https://shopee.vn/search?shop=907257152,(CHITTTDECOR )MÓC KHOÁ CẦU THỦ FC MOBILE 2026 MỚI NHẤT - CHITTDECOR,19.500 ₫,Đặc sản chất lượng - (CHITTTDECOR )MÓC KHOÁ CẦU THỦ FC MOBILE 2026 MỚI NHẤT - CHITTDECOR,https://down-vn.img.susercontent.com/file/vn-11134207-81ztc-mn8im5nqjuo8c6,https://shopee.vn/(CHITTTDECOR-)MÓC-KHOÁ-CẦU-THỦ-FC-MOBILE-2026-MỚI-NHẤT-CHITTDECOR-i.907257152.51059104119?extraParams=%7B%22display_model_id%22%3A355807083185%2C%22model_selection_logic%22%3A3%7D
71,Đặc sản Ngon Lạ Đà Lạt,Tỉnh Lâm Đồng,https://shopee.vn/search?shop=13988824,"Mứt dâu nguyên nguyên trái, Đặc Sản Ngon Lạ Đà Lạt",66.150 ₫,"Đặc sản chất lượng - Mứt dâu nguyên nguyên trái, Đặc Sản Ngon Lạ Đà Lạt",https://down-vn.img.susercontent.com/file/a5a107850f812c5045152a33ee9f3aaf,https://shopee.vn/Mứt-dâu-nguyên-nguyên-trái-Đặc-Sản-Ngon-Lạ-Đà-Lạt-i.13988824.2348442030?extraParams=%7B%22display_model_id%22%3A39669063881%2C%22model_selection_logic%22%3A3%7D
72,Đặc sản Ngon Lạ Đà Lạt,Tỉnh Lâm Đồng,https://shopee.vn/search?shop=13988824,"Nước cốt chanh dây nguyên chất, Đặc Sản Ngon Lạ Đà Lạt",56.700 ₫,"Đặc sản chất lượng - Nước cốt chanh dây nguyên chất, Đặc Sản Ngon Lạ Đà Lạt",https://down-vn.img.susercontent.com/file/a574b6f45d84de263cc5a011a8c05e20,https://shopee.vn/Nước-cốt-chanh-dây-nguyên-chất-Đặc-Sản-Ngon-Lạ-Đà-Lạt-i.13988824.2279290091?extraParams=%7B%22display_model_id%22%3A217066471352%2C%22model_selection_logic%22%3A3%7D
73,Đặc sản Ngon Lạ Đà Lạt,Tỉnh Lâm Đồng,https://shopee.vn/search?shop=13988824,"Khoai lang mật sấy dẻo, dẻo ngon, ít ngọt, không tẩm đường, Đặc Sản Ngon Lạ Đà Lạt",47.250 ₫,"Đặc sản chất lượng - Khoai lang mật sấy dẻo, dẻo ngon, ít ngọt, không tẩm đường, Đặc Sản Ngon Lạ Đà Lạt",https://down-vn.img.susercontent.com/file/0322b0f2fb8624b81880c47e5436f4a6,https://shopee.vn/Khoai-lang-mật-sấy-dẻo-dẻo-ngon-ít-ngọt-không-tẩm-đường-Đặc-Sản-Ngon-Lạ-Đà-Lạt-i.13988824.1031951792?extraParams=%7B%22display_model_id%22%3A24363840772%2C%22model_selection_logic%22%3A3%7D
74,Đặc sản Ngon Lạ Đà Lạt,Tỉnh Lâm Đồng,https://shopee.vn/search?shop=13988824,"Hoa atiso đỏ sấy dẻo, Đặc Sản Ngon Lạ Đà Lạt",87.750 ₫,"Đặc sản chất lượng - Hoa atiso đỏ sấy dẻo, Đặc Sản Ngon Lạ Đà Lạt",https://down-vn.img.susercontent.com/file/fc59aee5b54128555f47a0485f55b3a2,https://shopee.vn/Hoa-atiso-đỏ-sấy-dẻo-Đặc-Sản-Ngon-Lạ-Đà-Lạt-i.13988824.1983548943?extraParams=%7B%22display_model_id%22%3A15657623796%2C%22model_selection_logic%22%3A3%7D
75,Đặc sản Ngon Lạ Đà Lạt,Tỉnh Lâm Đồng,https://shopee.vn/search?shop=13988824,"Khoai lang sấy mỡ hành, Đặc Sản Ngon Lạ Đà Lạt",52.650 ₫,"Đặc sản chất lượng - Khoai lang sấy mỡ hành, Đặc Sản Ngon Lạ Đà Lạt",https://down-vn.img.susercontent.com/file/fd7c09a41209a53d76dbf8342cc590cb,https://shopee.vn/Khoai-lang-sấy-mỡ-hành-Đặc-Sản-Ngon-Lạ-Đà-Lạt-i.13988824.7935752643?extraParams=%7B%22display_model_id%22%3A18712769441%2C%22model_selection_logic%22%3A3%7D
76,Đặc sản Ngon Lạ Đà Lạt,Tỉnh Lâm Đồng,https://shopee.vn/search?shop=13988824,"Ô mai xí muội chua ngọt, chua chua, Đặc Sản Ngon Lạ Đà Lạt",36.450 ₫,"Đặc sản chất lượng - Ô mai xí muội chua ngọt, chua chua, Đặc Sản Ngon Lạ Đà Lạt",https://down-vn.img.susercontent.com/file/52186121376bf1810b5a0b1ec19cea4c,https://shopee.vn/Ô-mai-xí-muội-chua-ngọt-chua-chua-Đặc-Sản-Ngon-Lạ-Đà-Lạt-i.13988824.4757853536?extraParams=%7B%22display_model_id%22%3A71427357889%2C%22model_selection_logic%22%3A3%7D
77,Đặc sản Ngon Lạ Đà Lạt,Tỉnh Lâm Đồng,https://shopee.vn/search?shop=13988824,"Muối ô mai, muối xí muội, chấm trái cây chua chua, Đặc Sản Ngon Lạ Đà Lạt",40.500 ₫,"Đặc sản chất lượng - Muối ô mai, muối xí muội, chấm trái cây chua chua, Đặc Sản Ngon Lạ Đà Lạt",https://down-vn.img.susercontent.com/file/ab5b7e013b2b7f1caf75c4926cd55115,https://shopee.vn/Muối-ô-mai-muối-xí-muội-chấm-trái-cây-chua-chua-Đặc-Sản-Ngon-Lạ-Đà-Lạt-i.13988824.1031941009?extraParams=%7B%22display_model_id%22%3A21209218367%2C%22model_selection_logic%22%3A3%7D
78,Đặc sản Ngon Lạ Đà Lạt,Tỉnh Lâm Đồng,https://shopee.vn/search?shop=13988824,"Rau củ sấy giòn, Thập cẩm sấy giòn, Ăn vặt giòn tan, Đặc Sản Ngon Lạ Đà Lạt",43.200 ₫,"Đặc sản chất lượng - Rau củ sấy giòn, Thập cẩm sấy giòn, Ăn vặt giòn tan, Đặc Sản Ngon Lạ Đà Lạt",https://down-vn.img.susercontent.com/file/b1927d3f789e002dfd22b749a4c3af5b,https://shopee.vn/Rau-củ-sấy-giòn-Thập-cẩm-sấy-giòn-Ăn-vặt-giòn-tan-Đặc-Sản-Ngon-Lạ-Đà-Lạt-i.13988824.1031869546?extraParams=%7B%22display_model_id%22%3A3214378796%2C%22model_selection_logic%22%3A3%7D
79,Đặc sản Ngon Lạ Đà Lạt,Tỉnh Lâm Đồng,https://shopee.vn/search?shop=13988824,"Khoai tây tẩm vị trứng muối, phomai bò cười, rong biển, sate, mắm hành, Đặc Sản Ngon Lạ Đà Lạt",79.650 ₫,"Đặc sản chất lượng - Khoai tây tẩm vị trứng muối, phomai bò cười, rong biển, sate, mắm hành, Đặc Sản Ngon Lạ Đà Lạt",https://down-vn.img.susercontent.com/file/435a8d3e2ead3a4a6365dfc1892bbfff,https://shopee.vn/Khoai-tây-tẩm-vị-trứng-muối-phomai-bò-cười-rong-biển-sate-mắm-hành-Đặc-Sản-Ngon-Lạ-Đà-Lạt-i.13988824.12313463829?extraParams=%7B%22display_model_id%22%3A77341731422%2C%22model_selection_logic%22%3A3%7D
80,Đặc sản Ngon Lạ Đà Lạt,Tỉnh Lâm Đồng,https://shopee.vn/search?shop=13988824,"Xoài sấy muối ớt, Đặc Sản Ngon Lạ Đà Lạt",93.150 ₫,"Đặc sản chất lượng - Xoài sấy muối ớt, Đặc Sản Ngon Lạ Đà Lạt",https://down-vn.img.susercontent.com/file/vn-11134201-23020-pwkkqiii0tnv1a,https://shopee.vn/Xoài-sấy-muối-ớt-Đặc-Sản-Ngon-Lạ-Đà-Lạt-i.13988824.7308370712?extraParams=%7B%22display_model_id%22%3A15657711585%2C%22model_selection_logic%22%3A3%7D
81,Cửa hàng đồ ăn vặt của Chị Chư,Tỉnh Quảng Ninh,https://shopee.vn/search?shop=1731178242,"Kẹo râu rồng truyền thống thủ công Su Fang Zhai, quà lưu niệm, đóng gói riêng lẻ, đặc sản kẹo râu rồng Hàng Châu trong c",190.096 ₫,"Đặc sản chất lượng - Kẹo râu rồng truyền thống thủ công Su Fang Zhai, quà lưu niệm, đóng gói riêng lẻ, đặc sản kẹo râu rồng Hàng Châu trong c",https://down-vn.img.susercontent.com/file/vn-11134201-81ztc-mmftmrqgv18hff,https://shopee.vn/Kẹo-râu-rồng-truyền-thống-thủ-công-Su-Fang-Zhai-quà-lưu-niệm-đóng-gói-riêng-lẻ-đặc-sản-kẹo-râu-rồng-Hàng-Châu-trong-c-i.1731178242.42779627591?extraParams=%7B%22display_model_id%22%3A167390018411%2C%22model_selection_logic%22%3A3%7D
82,Cửa hàng đồ ăn vặt của Chị Chư,Tỉnh Quảng Ninh,https://shopee.vn/search?shop=1731178242,"Sầu riêng sấy khô đóng hộp, đặc sản snack Sầu riêng Vua Gối Vàng Thái Lan, trái cây sấy đông lạnh, snack trái cây sấy kh",340.076 ₫,"Đặc sản chất lượng - Sầu riêng sấy khô đóng hộp, đặc sản snack Sầu riêng Vua Gối Vàng Thái Lan, trái cây sấy đông lạnh, snack trái cây sấy kh",https://down-vn.img.susercontent.com/file/vn-11134201-81ztc-mmhslto96xhef6,https://shopee.vn/Sầu-riêng-sấy-khô-đóng-hộp-đặc-sản-snack-Sầu-riêng-Vua-Gối-Vàng-Thái-Lan-trái-cây-sấy-đông-lạnh-snack-trái-cây-sấy-kh-i.1731178242.46308033825?extraParams=%7B%22display_model_id%22%3A315713488419%2C%22model_selection_logic%22%3A3%7D
83,Cửa hàng đồ ăn vặt của Chị Chư,Tỉnh Quảng Ninh,https://shopee.vn/search?shop=1731178242,"Rau củ sấy khô mới phơi nắng500g Nguyên liệu lẩu nghêu khô Hải Hồng, hải sản nghêu khô250g Đồ dùng làm súp cho dịp Tết",203.837 ₫,"Đặc sản chất lượng - Rau củ sấy khô mới phơi nắng500g Nguyên liệu lẩu nghêu khô Hải Hồng, hải sản nghêu khô250g Đồ dùng làm súp cho dịp Tết",https://down-vn.img.susercontent.com/file/vn-11134201-81ztc-mmg68c7fsk5ra5,https://shopee.vn/Rau-củ-sấy-khô-mới-phơi-nắng500g-Nguyên-liệu-lẩu-nghêu-khô-Hải-Hồng-hải-sản-nghêu-khô250g-Đồ-dùng-làm-súp-cho-dịp-Tết-i.1731178242.25598043263?extraParams=%7B%22display_model_id%22%3A330707652707%2C%22model_selection_logic%22%3A3%7D
84,Cửa hàng đồ ăn vặt của Chị Chư,Tỉnh Quảng Ninh,https://shopee.vn/search?shop=1731178242,"Quả mâm xôi sấy đông lạnh cao cấp, trái cây sấy khô dùng để trang trí, không chất phụ gia, không hạt, trái cây sấy khô t",342.021 ₫,"Đặc sản chất lượng - Quả mâm xôi sấy đông lạnh cao cấp, trái cây sấy khô dùng để trang trí, không chất phụ gia, không hạt, trái cây sấy khô t",https://down-vn.img.susercontent.com/file/vn-11134201-81ztc-mmht17wssf7m25,https://shopee.vn/Quả-mâm-xôi-sấy-đông-lạnh-cao-cấp-trái-cây-sấy-khô-dùng-để-trang-trí-không-chất-phụ-gia-không-hạt-trái-cây-sấy-khô-t-i.1731178242.45908043045?extraParams=%7B%22display_model_id%22%3A360712937022%2C%22model_selection_logic%22%3A3%7D
85,Cửa hàng đồ ăn vặt của Chị Chư,Tỉnh Quảng Ninh,https://shopee.vn/search?shop=1731178242,"Bánh thịt Xianghe: Di sản văn hóa phi vật thể, làm thủ công từ thịt heo, hành lá, thì là, hành củ và thịt bò.300g/Trương",699.522 ₫,"Đặc sản chất lượng - Bánh thịt Xianghe: Di sản văn hóa phi vật thể, làm thủ công từ thịt heo, hành lá, thì là, hành củ và thịt bò.300g/Trương",https://down-vn.img.susercontent.com/file/sg-11134201-823rb-mp2gieawh15a49,https://shopee.vn/Bánh-thịt-Xianghe-Di-sản-văn-hóa-phi-vật-thể-làm-thủ-công-từ-thịt-heo-hành-lá-thì-là-hành-củ-và-thịt-bò.300g-Trương-i.1731178242.40679640999?extraParams=%7B%22display_model_id%22%3A287493448893%2C%22model_selection_logic%22%3A3%7D
86,Cửa hàng đồ ăn vặt của Chị Chư,Tỉnh Quảng Ninh,https://shopee.vn/search?shop=1731178242,"Lát bưởi khô, trái cây sấy khô dùng để pha trà trái cây, lát bưởi đỏ dùng để ăn liền, làm bánh và trang trí thương mại.",158.682 ₫,"Đặc sản chất lượng - Lát bưởi khô, trái cây sấy khô dùng để pha trà trái cây, lát bưởi đỏ dùng để ăn liền, làm bánh và trang trí thương mại.",https://down-vn.img.susercontent.com/file/vn-11134201-81ztc-mmhrgeo5kk5k69,https://shopee.vn/Lát-bưởi-khô-trái-cây-sấy-khô-dùng-để-pha-trà-trái-cây-lát-bưởi-đỏ-dùng-để-ăn-liền-làm-bánh-và-trang-trí-thương-mại.-i.1731178242.51408022554?extraParams=%7B%22display_model_id%22%3A325712826055%2C%22model_selection_logic%22%3A3%7D
87,Cửa hàng đồ ăn vặt của Chị Chư,Tỉnh Quảng Ninh,https://shopee.vn/search?shop=1731178242,"Món tráng miệng truyền thống Uyghur của vùng Tây Tân Cương, được làm thủ công truyền thống, đóng gói riêng lẻ, vị hạt dẻ",287.584 ₫,"Đặc sản chất lượng - Món tráng miệng truyền thống Uyghur của vùng Tây Tân Cương, được làm thủ công truyền thống, đóng gói riêng lẻ, vị hạt dẻ",https://down-vn.img.susercontent.com/file/vn-11134201-81ztc-mmj222ma8glic4,https://shopee.vn/Món-tráng-miệng-truyền-thống-Uyghur-của-vùng-Tây-Tân-Cương-được-làm-thủ-công-truyền-thống-đóng-gói-riêng-lẻ-vị-hạt-dẻ-i.1731178242.49258101380?extraParams=%7B%22display_model_id%22%3A440717519073%2C%22model_selection_logic%22%3A3%7D
88,Cửa hàng đồ ăn vặt của Chị Chư,Tỉnh Quảng Ninh,https://shopee.vn/search?shop=1731178242,"Món ăn vặt cay nồng, thơm ngon từ nấm tai hươu, món ăn vặt nấm thông thường để thư giãn, thỏa mãn cơn thèm, xem phim thả",176.111 ₫,"Đặc sản chất lượng - Món ăn vặt cay nồng, thơm ngon từ nấm tai hươu, món ăn vặt nấm thông thường để thư giãn, thỏa mãn cơn thèm, xem phim thả",https://down-vn.img.susercontent.com/file/vn-11134201-81ztc-mmimwbf23fnq6d,https://shopee.vn/Món-ăn-vặt-cay-nồng-thơm-ngon-từ-nấm-tai-hươu-món-ăn-vặt-nấm-thông-thường-để-thư-giãn-thỏa-mãn-cơn-thèm-xem-phim-thả-i.1731178242.58158051482?extraParams=%7B%22display_model_id%22%3A340715530793%2C%22model_selection_logic%22%3A3%7D
89,Cửa hàng đồ ăn vặt của Chị Chư,Tỉnh Quảng Ninh,https://shopee.vn/search?shop=1731178242,"Đậu phụ xiên que cay Wugang Orchid - Đồ ăn vặt cay kiểu Hồ Nam, đóng gói riêng lẻ, đậu phụ xiên que cay, đậu phụ khô Orc",83.318 ₫,"Đặc sản chất lượng - Đậu phụ xiên que cay Wugang Orchid - Đồ ăn vặt cay kiểu Hồ Nam, đóng gói riêng lẻ, đậu phụ xiên que cay, đậu phụ khô Orc",https://down-vn.img.susercontent.com/file/vn-11134201-81ztc-mmga5hx07u2s60,https://shopee.vn/Đậu-phụ-xiên-que-cay-Wugang-Orchid-Đồ-ăn-vặt-cay-kiểu-Hồ-Nam-đóng-gói-riêng-lẻ-đậu-phụ-xiên-que-cay-đậu-phụ-khô-Orc-i.1731178242.58157970126?extraParams=%7B%22display_model_id%22%3A315708550724%2C%22model_selection_logic%22%3A3%7D
90,Cửa hàng đồ ăn vặt của Chị Chư,Tỉnh Quảng Ninh,https://shopee.vn/search?shop=1731178242,"Thịt lợn khô cắt dày Haorunfang Macau, siêu dày, hương vị nguyên bản, đặc sản khô sấy gió Chu Hải Quảng Đông Quảng Châu,",231.920 ₫,"Đặc sản chất lượng - Thịt lợn khô cắt dày Haorunfang Macau, siêu dày, hương vị nguyên bản, đặc sản khô sấy gió Chu Hải Quảng Đông Quảng Châu,",https://down-vn.img.susercontent.com/file/vn-11134201-81ztc-mmix03h2m1olaf,https://shopee.vn/Thịt-lợn-khô-cắt-dày-Haorunfang-Macau-siêu-dày-hương-vị-nguyên-bản-đặc-sản-khô-sấy-gió-Chu-Hải-Quảng-Đông-Quảng-Châu--i.1731178242.58108059957?extraParams=%7B%22display_model_id%22%3A208819398042%2C%22model_selection_logic%22%3A3%7D
91,HaNa Gift & Decor,Thành phố Hồ Chí Minh,https://shopee.vn/search?shop=1318557152,Móc Khoá Lưu Niệm Việt Nam - Móc Khóa Gỗ Handmade - Quà Tặng Lưu Niệm Việt Nam,19.000 ₫,Đặc sản chất lượng - Móc Khoá Lưu Niệm Việt Nam - Móc Khóa Gỗ Handmade - Quà Tặng Lưu Niệm Việt Nam,https://down-vn.img.susercontent.com/file/vn-11134207-820l4-mjwd1qfwsop317,https://shopee.vn/Móc-Khoá-Lưu-Niệm-Việt-Nam-Móc-Khóa-Gỗ-Handmade-Quà-Tặng-Lưu-Niệm-Việt-Nam-i.1318557152.26256935414?extraParams=%7B%22display_model_id%22%3A118729475555%2C%22model_selection_logic%22%3A3%7D
92,HaNa Gift & Decor,Thành phố Hồ Chí Minh,https://shopee.vn/search?shop=1318557152,"Nam Châm Tủ Lạnh, Magnet Handmade, Quà Tặng Lưu Niệm Việt Nam, Hít Tủ Lạnh",25.500 ₫,"Đặc sản chất lượng - Nam Châm Tủ Lạnh, Magnet Handmade, Quà Tặng Lưu Niệm Việt Nam, Hít Tủ Lạnh",https://down-vn.img.susercontent.com/file/vn-11134207-820l4-mj2f4w73udqb62,https://shopee.vn/Nam-Châm-Tủ-Lạnh-Magnet-Handmade-Quà-Tặng-Lưu-Niệm-Việt-Nam-Hít-Tủ-Lạnh-i.1318557152.24334718880?extraParams=%7B%22display_model_id%22%3A178849396232%2C%22model_selection_logic%22%3A3%7D
93,HaNa Gift & Decor,Thành phố Hồ Chí Minh,https://shopee.vn/search?shop=1318557152,Magnet Việt Nam - Nam Châm Tủ Lạnh Handmade 3D - Quà Tặng Lưu Niệm Việt Nam,44.100 ₫,Đặc sản chất lượng - Magnet Việt Nam - Nam Châm Tủ Lạnh Handmade 3D - Quà Tặng Lưu Niệm Việt Nam,https://down-vn.img.susercontent.com/file/vn-11134207-820l4-mjcgsbx8a2o260,https://shopee.vn/Magnet-Việt-Nam-Nam-Châm-Tủ-Lạnh-Handmade-3D-Quà-Tặng-Lưu-Niệm-Việt-Nam-i.1318557152.21996593992?extraParams=%7B%22display_model_id%22%3A186039393525%2C%22model_selection_logic%22%3A3%7D
94,HaNa Gift & Decor,Thành phố Hồ Chí Minh,https://shopee.vn/search?shop=1318557152,Sổ Gỗ A6 Handmade - Quà Tặng Lưu Niệm Việt Nam,44.100 ₫,Đặc sản chất lượng - Sổ Gỗ A6 Handmade - Quà Tặng Lưu Niệm Việt Nam,https://down-vn.img.susercontent.com/file/vn-11134207-820l4-mjl5arlx7vgj58,https://shopee.vn/Sổ-Gỗ-A6-Handmade-Quà-Tặng-Lưu-Niệm-Việt-Nam-i.1318557152.26406955698?extraParams=%7B%22display_model_id%22%3A241315012408%2C%22model_selection_logic%22%3A3%7D
95,HaNa Gift & Decor,Thành phố Hồ Chí Minh,https://shopee.vn/search?shop=1318557152,"Túi tote – Túi vải Việt Nam in hình thắng cảnh, món ăn, Áo Dài – Quà lưu niệm Việt Nam.",55.000 ₫,"Đặc sản chất lượng - Túi tote – Túi vải Việt Nam in hình thắng cảnh, món ăn, Áo Dài – Quà lưu niệm Việt Nam.",https://down-vn.img.susercontent.com/file/vn-11134207-81ztc-mnca5kqwt5a97d,https://shopee.vn/Túi-tote-–-Túi-vải-Việt-Nam-in-hình-thắng-cảnh-món-ăn-Áo-Dài-–-Quà-lưu-niệm-Việt-Nam.-i.1318557152.25986343005?extraParams=%7B%22display_model_id%22%3A360826982560%2C%22model_selection_logic%22%3A3%7D
96,HaNa Gift & Decor,Thành phố Hồ Chí Minh,https://shopee.vn/search?shop=1318557152,"Móc Khoá Nón Lá, Lưu Niệm Việt Nam - Kích Thước 5cm",14.514 ₫,"Đặc sản chất lượng - Móc Khoá Nón Lá, Lưu Niệm Việt Nam - Kích Thước 5cm",https://down-vn.img.susercontent.com/file/vn-11134207-81ztc-mk6n7kud3nr65d,https://shopee.vn/Móc-Khoá-Nón-Lá-Lưu-Niệm-Việt-Nam-Kích-Thước-5cm-i.1318557152.26406953137?extraParams=%7B%22display_model_id%22%3A246647754822%2C%22model_selection_logic%22%3A3%7D
97,HaNa Gift & Decor,Thành phố Hồ Chí Minh,https://shopee.vn/search?shop=1318557152,Magnet Lưu Niệm Việt Nam - Nam Châm Tủ Lạnh quạt gỗ 3D hình quạt  - Quà Tặng Lưu Niệm Việt Nam,55.000 ₫,Đặc sản chất lượng - Magnet Lưu Niệm Việt Nam - Nam Châm Tủ Lạnh quạt gỗ 3D hình quạt  - Quà Tặng Lưu Niệm Việt Nam,https://down-vn.img.susercontent.com/file/vn-11134207-820l4-mj168mkqu6ti6f,https://shopee.vn/Magnet-Lưu-Niệm-Việt-Nam-Nam-Châm-Tủ-Lạnh-quạt-gỗ-3D-hình-quạt-Quà-Tặng-Lưu-Niệm-Việt-Nam-i.1318557152.29819540180?extraParams=%7B%22display_model_id%22%3A29644852093%2C%22model_selection_logic%22%3A3%7D
98,HaNa Gift & Decor,Thành phố Hồ Chí Minh,https://shopee.vn/search?shop=1318557152,"Nam Châm Tủ Lạnh, Magnet Handmade, Quà Tặng Lưu Niệm Việt Nam, Hít Tủ Lạnh",28.000 ₫,"Đặc sản chất lượng - Nam Châm Tủ Lạnh, Magnet Handmade, Quà Tặng Lưu Niệm Việt Nam, Hít Tủ Lạnh",https://down-vn.img.susercontent.com/file/vn-11134207-81ztc-mp2h5mzvg3cx06,https://shopee.vn/Nam-Châm-Tủ-Lạnh-Magnet-Handmade-Quà-Tặng-Lưu-Niệm-Việt-Nam-Hít-Tủ-Lạnh-i.1318557152.46261586938?extraParams=%7B%22display_model_id%22%3A292665802977%2C%22model_selection_logic%22%3A3%7D
99,HaNa Gift & Decor,Thành phố Hồ Chí Minh,https://shopee.vn/search?shop=1318557152,"Móc Khoá Lưu Niệm Việt Nam - Móc Khóa kim loại Áo Dái, Việt Nam - Quà Tặng Lưu Niệm Việt Nam",40.000 ₫,"Đặc sản chất lượng - Móc Khoá Lưu Niệm Việt Nam - Móc Khóa kim loại Áo Dái, Việt Nam - Quà Tặng Lưu Niệm Việt Nam",https://down-vn.img.susercontent.com/file/vn-11134207-81ztc-mkgq90thu68226,https://shopee.vn/Móc-Khoá-Lưu-Niệm-Việt-Nam-Móc-Khóa-kim-loại-Áo-Dái-Việt-Nam-Quà-Tặng-Lưu-Niệm-Việt-Nam-i.1318557152.28656949885?extraParams=%7B%22display_model_id%22%3A246314880238%2C%22model_selection_logic%22%3A3%7D
100,HaNa Gift & Decor,Thành phố Hồ Chí Minh,https://shopee.vn/search?shop=1318557152,Magnet Lưu Niệm Việt Nam - Nam Châm Tủ Lạnh kim loại - Quà Tặng Lưu Niệm Việt Nam,42.000 ₫,Đặc sản chất lượng - Magnet Lưu Niệm Việt Nam - Nam Châm Tủ Lạnh kim loại - Quà Tặng Lưu Niệm Việt Nam,https://down-vn.img.susercontent.com/file/vn-11134207-81ztc-mkgpti2la2h112,https://shopee.vn/Magnet-Lưu-Niệm-Việt-Nam-Nam-Châm-Tủ-Lạnh-kim-loại-Quà-Tặng-Lưu-Niệm-Việt-Nam-i.1318557152.25990503095?extraParams=%7B%22display_model_id%22%3A188149545388%2C%22model_selection_logic%22%3A3%7D
101,Nam Xanh Thực Phẩm Từ Tự Nhiên,Thành phố Hồ Chí Minh,https://shopee.vn/search?shop=240526633,"Hộp Gừng Ăn Vặt Nam Xanh, Gừng Nướng Mật Ong, Giữ Ấm Cơ Thể, Khử Hôi Miệng, Ăn Vặt Healthy, Hộp 80g",85.000 ₫,"Đặc sản chất lượng - Hộp Gừng Ăn Vặt Nam Xanh, Gừng Nướng Mật Ong, Giữ Ấm Cơ Thể, Khử Hôi Miệng, Ăn Vặt Healthy, Hộp 80g",https://down-vn.img.susercontent.com/file/vn-11134207-81ztc-mpa97jy6kdn2bc,https://shopee.vn/Hộp-Gừng-Ăn-Vặt-Nam-Xanh-Gừng-Nướng-Mật-Ong-Giữ-Ấm-Cơ-Thể-Khử-Hôi-Miệng-Ăn-Vặt-Healthy-Hộp-80g-i.240526633.12107910627?extraParams=%7B%22display_model_id%22%3A120344137793%2C%22model_selection_logic%22%3A3%7D
102,Nam Xanh Thực Phẩm Từ Tự Nhiên,Thành phố Hồ Chí Minh,https://shopee.vn/search?shop=240526633,"Trái Cây Sấy Ăn Vặt Nam Xanh, Tắc Sấy Dẻo Mật Ong, Dùng Kèm Trà Nóng, Nguyên Liệu Tự Nhiên",68.000 ₫,"Đặc sản chất lượng - Trái Cây Sấy Ăn Vặt Nam Xanh, Tắc Sấy Dẻo Mật Ong, Dùng Kèm Trà Nóng, Nguyên Liệu Tự Nhiên",https://down-vn.img.susercontent.com/file/vn-11134207-81ztc-mp1st9vkxczz40,https://shopee.vn/Trái-Cây-Sấy-Ăn-Vặt-Nam-Xanh-Tắc-Sấy-Dẻo-Mật-Ong-Dùng-Kèm-Trà-Nóng-Nguyên-Liệu-Tự-Nhiên-i.240526633.6523610058?extraParams=%7B%22display_model_id%22%3A56124575275%2C%22model_selection_logic%22%3A3%7D
103,Nam Xanh Thực Phẩm Từ Tự Nhiên,Thành phố Hồ Chí Minh,https://shopee.vn/search?shop=240526633,"Hộp Gừng Sấy Ăn Vặt Nam Xanh, Gừng Sấy Tắc Mật Ong, Gừng Non, Không Xơ Ít Cay, Nguyên Liệu Tự Nhiên",50.000 ₫,"Đặc sản chất lượng - Hộp Gừng Sấy Ăn Vặt Nam Xanh, Gừng Sấy Tắc Mật Ong, Gừng Non, Không Xơ Ít Cay, Nguyên Liệu Tự Nhiên",https://down-vn.img.susercontent.com/file/vn-11134207-81ztc-mp9145p6xkhs84,https://shopee.vn/Hộp-Gừng-Sấy-Ăn-Vặt-Nam-Xanh-Gừng-Sấy-Tắc-Mật-Ong-Gừng-Non-Không-Xơ-Ít-Cay-Nguyên-Liệu-Tự-Nhiên-i.240526633.3823661193?extraParams=%7B%22display_model_id%22%3A83544090821%2C%22model_selection_logic%22%3A3%7D
104,Nam Xanh Thực Phẩm Từ Tự Nhiên,Thành phố Hồ Chí Minh,https://shopee.vn/search?shop=240526633,"Trái Cây Ăn Vặt, Tắc Sấy Dẻo, Nguyên Liệu Tự Nhiên, Không Chất Bảo Quản, Ăn Vặt Healthy, Hộp 140g",64.800 ₫,"Đặc sản chất lượng - Trái Cây Ăn Vặt, Tắc Sấy Dẻo, Nguyên Liệu Tự Nhiên, Không Chất Bảo Quản, Ăn Vặt Healthy, Hộp 140g",https://down-vn.img.susercontent.com/file/vn-11134207-81ztc-mp1st9vkxczz40,https://shopee.vn/Trái-Cây-Ăn-Vặt-Tắc-Sấy-Dẻo-Nguyên-Liệu-Tự-Nhiên-Không-Chất-Bảo-Quản-Ăn-Vặt-Healthy-Hộp-140g-i.240526633.16893205691?extraParams=%7B%22display_model_id%22%3A183957317775%2C%22model_selection_logic%22%3A3%7D
105,Nam Xanh Thực Phẩm Từ Tự Nhiên,Thành phố Hồ Chí Minh,https://shopee.vn/search?shop=240526633,"Hộp Gừng Nướng Ăn Vặt Nam Xanh, Giữ Ấm Cơ Thể, Khử Hôi Miệng, Ăn Vặt Healthy, Không Chất Bảo Quản",80.000 ₫,"Đặc sản chất lượng - Hộp Gừng Nướng Ăn Vặt Nam Xanh, Giữ Ấm Cơ Thể, Khử Hôi Miệng, Ăn Vặt Healthy, Không Chất Bảo Quản",https://down-vn.img.susercontent.com/file/vn-11134207-81ztc-mofh2ed4qdqlc0,https://shopee.vn/Hộp-Gừng-Nướng-Ăn-Vặt-Nam-Xanh-Giữ-Ấm-Cơ-Thể-Khử-Hôi-Miệng-Ăn-Vặt-Healthy-Không-Chất-Bảo-Quản-i.240526633.5022984267?extraParams=%7B%22display_model_id%22%3A15663580137%2C%22model_selection_logic%22%3A3%7D
106,Nam Xanh Thực Phẩm Từ Tự Nhiên,Thành phố Hồ Chí Minh,https://shopee.vn/search?shop=240526633,"Hộp Trái Cây Sấy Ăn Vặt Nam Xanh, Mơ Sấy Dẻo, Mơ Tây Bắc Tách Nước, Ăn Vặt Healthy, Hộp Giấy",69.880 ₫,"Đặc sản chất lượng - Hộp Trái Cây Sấy Ăn Vặt Nam Xanh, Mơ Sấy Dẻo, Mơ Tây Bắc Tách Nước, Ăn Vặt Healthy, Hộp Giấy",https://down-vn.img.susercontent.com/file/vn-11134207-81ztc-mof5wxkbbj0pf5,https://shopee.vn/Hộp-Trái-Cây-Sấy-Ăn-Vặt-Nam-Xanh-Mơ-Sấy-Dẻo-Mơ-Tây-Bắc-Tách-Nước-Ăn-Vặt-Healthy-Hộp-Giấy-i.240526633.3962120233?extraParams=%7B%22display_model_id%22%3A84302528943%2C%22model_selection_logic%22%3A3%7D
107,Nam Xanh Thực Phẩm Từ Tự Nhiên,Thành phố Hồ Chí Minh,https://shopee.vn/search?shop=240526633,"Đồ Ăn Vặt Healthy Nam Xanh, Vỏ Bưởi Sấy Phủ Mơ Muối, Nguyên Liệu Tự Nhiên, Không Chất Bảo Quản",35.300 ₫,"Đặc sản chất lượng - Đồ Ăn Vặt Healthy Nam Xanh, Vỏ Bưởi Sấy Phủ Mơ Muối, Nguyên Liệu Tự Nhiên, Không Chất Bảo Quản",https://down-vn.img.susercontent.com/file/vn-11134207-7ras8-m3a7nmpqg7os03,https://shopee.vn/Đồ-Ăn-Vặt-Healthy-Nam-Xanh-Vỏ-Bưởi-Sấy-Phủ-Mơ-Muối-Nguyên-Liệu-Tự-Nhiên-Không-Chất-Bảo-Quản-i.240526633.21174953652?extraParams=%7B%22display_model_id%22%3A186217360236%2C%22model_selection_logic%22%3A3%7D
108,Nam Xanh Thực Phẩm Từ Tự Nhiên,Thành phố Hồ Chí Minh,https://shopee.vn/search?shop=240526633,"Túi Gừng Nướng Ăn Vặt Nam Xanh, Gừng Nướng Mật Ong, Ăn Vặt Healthy, Khử Hôi Miệng, Túi 10 Gói Nhỏ",69.000 ₫,"Đặc sản chất lượng - Túi Gừng Nướng Ăn Vặt Nam Xanh, Gừng Nướng Mật Ong, Ăn Vặt Healthy, Khử Hôi Miệng, Túi 10 Gói Nhỏ",https://down-vn.img.susercontent.com/file/vn-11134207-81ztc-mop3lczq0bgs4b,https://shopee.vn/Túi-Gừng-Nướng-Ăn-Vặt-Nam-Xanh-Gừng-Nướng-Mật-Ong-Ăn-Vặt-Healthy-Khử-Hôi-Miệng-Túi-10-Gói-Nhỏ-i.240526633.11047737390?extraParams=%7B%22display_model_id%22%3A120344785359%2C%22model_selection_logic%22%3A3%7D
109,Nam Xanh Thực Phẩm Từ Tự Nhiên,Thành phố Hồ Chí Minh,https://shopee.vn/search?shop=240526633,Nam Xanh Hạt Sen Sấy Dừa Mật Ong 100G (130G),165.000 ₫,Đặc sản chất lượng - Nam Xanh Hạt Sen Sấy Dừa Mật Ong 100G (130G),https://down-vn.img.susercontent.com/file/vn-11134207-820l4-mdzk1xebnn5u46,https://shopee.vn/Nam-Xanh-Hạt-Sen-Sấy-Dừa-Mật-Ong-100G-(130G)-i.240526633.4827592003?extraParams=%7B%22display_model_id%22%3A32100264348%2C%22model_selection_logic%22%3A3%7D
110,Nam Xanh Thực Phẩm Từ Tự Nhiên,Thành phố Hồ Chí Minh,https://shopee.vn/search?shop=240526633,"Túi Trái Cây Sấy Ăn Vặt, Xoài Loại 1, Ăn Vặt Healthy, Nguyên Liệu Tự Nhiên, Không Chất Bảo Quản",86.000 ₫,"Đặc sản chất lượng - Túi Trái Cây Sấy Ăn Vặt, Xoài Loại 1, Ăn Vặt Healthy, Nguyên Liệu Tự Nhiên, Không Chất Bảo Quản",https://down-vn.img.susercontent.com/file/vn-11134207-81ztc-mp7tqzzzkxzi93,https://shopee.vn/Túi-Trái-Cây-Sấy-Ăn-Vặt-Xoài-Loại-1-Ăn-Vặt-Healthy-Nguyên-Liệu-Tự-Nhiên-Không-Chất-Bảo-Quản-i.240526633.7162739218?extraParams=%7B%22display_model_id%22%3A51810117395%2C%22model_selection_logic%22%3A3%7D
111,Tổng Kho Đồ Đồng Mỹ nghệ 99,Tỉnh Bắc Ninh,https://shopee.vn/search?shop=438805744,"Đồng xu âm dương, xin đài , gieo quẻ, chiêu tài bằng đồng nguyên chất",18.000 ₫,"Đặc sản chất lượng - Đồng xu âm dương, xin đài , gieo quẻ, chiêu tài bằng đồng nguyên chất",https://down-vn.img.susercontent.com/file/vn-11134207-7ra0g-m7etu72whsl8aa,https://shopee.vn/Đồng-xu-âm-dương-xin-đài-gieo-quẻ-chiêu-tài-bằng-đồng-nguyên-chất-i.438805744.29729789713?extraParams=%7B%22display_model_id%22%3A291470250663%2C%22model_selection_logic%22%3A3%7D
112,Tổng Kho Đồ Đồng Mỹ nghệ 99,Tỉnh Bắc Ninh,https://shopee.vn/search?shop=438805744,"hoa sen đồng - bó hoa sen bằng đồng 10-15bông , có kèm lọ và không kèm lọ",550.000 ₫,"Đặc sản chất lượng - hoa sen đồng - bó hoa sen bằng đồng 10-15bông , có kèm lọ và không kèm lọ",https://down-vn.img.susercontent.com/file/vn-11134207-820l4-mi0fnlvcyi2u4b,https://shopee.vn/hoa-sen-đồng-bó-hoa-sen-bằng-đồng-10-15bông-có-kèm-lọ-và-không-kèm-lọ-i.438805744.43400586205?extraParams=%7B%22display_model_id%22%3A265046126391%2C%22model_selection_logic%22%3A3%7D
113,Tổng Kho Đồ Đồng Mỹ nghệ 99,Tỉnh Bắc Ninh,https://shopee.vn/search?shop=438805744,Trống đồng lưu niệm - quà tặng mặt trống đồng hoa văn các mẫu cao cấp .có kèm hộp đỏ và kệ gỗ,280.000 ₫,Đặc sản chất lượng - Trống đồng lưu niệm - quà tặng mặt trống đồng hoa văn các mẫu cao cấp .có kèm hộp đỏ và kệ gỗ,https://down-vn.img.susercontent.com/file/vn-11134207-7ra0g-m7hr4rin7il40a,https://shopee.vn/Trống-đồng-lưu-niệm-quà-tặng-mặt-trống-đồng-hoa-văn-các-mẫu-cao-cấp-.có-kèm-hộp-đỏ-và-kệ-gỗ-i.438805744.26430009552?extraParams=%7B%22display_model_id%22%3A227535378819%2C%22model_selection_logic%22%3A3%7D
114,Tổng Kho Đồ Đồng Mỹ nghệ 99,Tỉnh Bắc Ninh,https://shopee.vn/search?shop=438805744,Hồ Lô phong thuỷ bằng đồng,83.300 ₫,Đặc sản chất lượng - Hồ Lô phong thuỷ bằng đồng,https://down-vn.img.susercontent.com/file/vn-11134207-7ra0g-m81wohgpgvb6fd,https://shopee.vn/Hồ-Lô-phong-thuỷ-bằng-đồng-i.438805744.28681595746?extraParams=%7B%22display_model_id%22%3A218373391065%2C%22model_selection_logic%22%3A3%7D
115,Tổng Kho Đồ Đồng Mỹ nghệ 99,Tỉnh Bắc Ninh,https://shopee.vn/search?shop=438805744,"cồng chiêng nhạc cụ bằng đồng, nhạc cụ truyền thống kích thước 30cm,40cm,50cm",420.000 ₫,"Đặc sản chất lượng - cồng chiêng nhạc cụ bằng đồng, nhạc cụ truyền thống kích thước 30cm,40cm,50cm",https://down-vn.img.susercontent.com/file/vn-11134207-820l4-mgm5447de68cbd,https://shopee.vn/cồng-chiêng-nhạc-cụ-bằng-đồng-nhạc-cụ-truyền-thống-kích-thước-30cm-40cm-50cm-i.438805744.43017849298?extraParams=%7B%22display_model_id%22%3A430060910439%2C%22model_selection_logic%22%3A3%7D
116,Tổng Kho Đồ Đồng Mỹ nghệ 99,Tỉnh Bắc Ninh,https://shopee.vn/search?shop=438805744,"chập cheng mua lân, múa trống, chũm choẹ, chập chiêng bằng inox 304 size 20-30cm(1 cặp gồm 2 chiếc)",70.000 ₫,"Đặc sản chất lượng - chập cheng mua lân, múa trống, chũm choẹ, chập chiêng bằng inox 304 size 20-30cm(1 cặp gồm 2 chiếc)",https://down-vn.img.susercontent.com/file/vn-11134207-820l4-mebrr11rki6a68,https://shopee.vn/chập-cheng-mua-lân-múa-trống-chũm-choẹ-chập-chiêng-bằng-inox-304-size-20-30cm(1-cặp-gồm-2-chiếc)-i.438805744.40614893131?extraParams=%7B%22display_model_id%22%3A291233700230%2C%22model_selection_logic%22%3A3%7D
117,Tổng Kho Đồ Đồng Mỹ nghệ 99,Tỉnh Bắc Ninh,https://shopee.vn/search?shop=438805744,Trống đồng lưu niệm- quà tặng mặt trống đồng hoa văn sắc nét đủ bôi kệ gỗ và hộp quà đi kèm,250.000 ₫,Đặc sản chất lượng - Trống đồng lưu niệm- quà tặng mặt trống đồng hoa văn sắc nét đủ bôi kệ gỗ và hộp quà đi kèm,https://down-vn.img.susercontent.com/file/vn-11134207-7ras8-mc057pt29or27e,https://shopee.vn/Trống-đồng-lưu-niệm-quà-tặng-mặt-trống-đồng-hoa-văn-sắc-nét-đủ-bôi-kệ-gỗ-và-hộp-quà-đi-kèm-i.438805744.41107952762?extraParams=%7B%22display_model_id%22%3A227930436361%2C%22model_selection_logic%22%3A3%7D
118,Tổng Kho Đồ Đồng Mỹ nghệ 99,Tỉnh Bắc Ninh,https://shopee.vn/search?shop=438805744,"Trống đồng đông sơn, trống đồng mini để bàn trang trí - quà tặng- lưu niệm",899.000 ₫,"Đặc sản chất lượng - Trống đồng đông sơn, trống đồng mini để bàn trang trí - quà tặng- lưu niệm",https://down-vn.img.susercontent.com/file/vn-11134207-7ra0g-m7g4qw4j8ghi37,https://shopee.vn/Trống-đồng-đông-sơn-trống-đồng-mini-để-bàn-trang-trí-quà-tặng-lưu-niệm-i.438805744.29979876557?extraParams=%7B%22display_model_id%22%3A242911498614%2C%22model_selection_logic%22%3A3%7D
119,Tổng Kho Đồ Đồng Mỹ nghệ 99,Tỉnh Bắc Ninh,https://shopee.vn/search?shop=438805744,Trống đồng lưu niệm- trống đồng đông sơn- trống đồng mini để bàn,890.000 ₫,Đặc sản chất lượng - Trống đồng lưu niệm- trống đồng đông sơn- trống đồng mini để bàn,https://down-vn.img.susercontent.com/file/vn-11134207-820l4-mivf1hedet5057,https://shopee.vn/Trống-đồng-lưu-niệm-trống-đồng-đông-sơn-trống-đồng-mini-để-bàn-i.438805744.42057111646?extraParams=%7B%22display_model_id%22%3A280602970177%2C%22model_selection_logic%22%3A3%7D
120,Tổng Kho Đồ Đồng Mỹ nghệ 99,Tỉnh Bắc Ninh,https://shopee.vn/search?shop=438805744,"Nón đãi vàng , máng đãi vàng thủ công đường kính 40-46-50cm",321.000 ₫,"Đặc sản chất lượng - Nón đãi vàng , máng đãi vàng thủ công đường kính 40-46-50cm",https://down-vn.img.susercontent.com/file/vn-11134207-81ztc-mmsynudciyo83f,https://shopee.vn/Nón-đãi-vàng-máng-đãi-vàng-thủ-công-đường-kính-40-46-50cm-i.438805744.57908421536?extraParams=%7B%22display_model_id%22%3A380750622492%2C%22model_selection_logic%22%3A3%7D
121,Vũ Long Bamboo,Thành phố Hà Nội,https://shopee.vn/search?shop=1344409784,"Cốc tre vẽ tay hình cô gái, phong cảnh Việt Nam đặc sắc, ống cắm bút, ống đựng bút, quà tặng lưu niệm handmade độc đáo",50.000 ₫,"Đặc sản chất lượng - Cốc tre vẽ tay hình cô gái, phong cảnh Việt Nam đặc sắc, ống cắm bút, ống đựng bút, quà tặng lưu niệm handmade độc đáo",https://down-vn.img.susercontent.com/file/vn-11134207-7r98o-lzik299kq4i567,https://shopee.vn/Cốc-tre-vẽ-tay-hình-cô-gái-phong-cảnh-Việt-Nam-đặc-sắc-ống-cắm-bút-ống-đựng-bút-quà-tặng-lưu-niệm-handmade-độc-đáo-i.1344409784.29359435085?extraParams=%7B%22display_model_id%22%3A109249028214%2C%22model_selection_logic%22%3A3%7D
122,Vũ Long Bamboo,Thành phố Hà Nội,https://shopee.vn/search?shop=1344409784,(Xưởng sx) ĐẾ COASTER LÓT LY CỐC BẰNG MÂY ĐAN và SỨ THỦ CÔNG BẰNG TAY - QUÀ TẶNG LƯU NIỆM MỸ NGHỆ VIỆT NAM,20.000 ₫,Đặc sản chất lượng - (Xưởng sx) ĐẾ COASTER LÓT LY CỐC BẰNG MÂY ĐAN và SỨ THỦ CÔNG BẰNG TAY - QUÀ TẶNG LƯU NIỆM MỸ NGHỆ VIỆT NAM,https://down-vn.img.susercontent.com/file/vn-11134207-7r98o-lziheknrdefhb7,https://shopee.vn/(Xưởng-sx)-ĐẾ-COASTER-LÓT-LY-CỐC-BẰNG-MÂY-ĐAN-và-SỨ-THỦ-CÔNG-BẰNG-TAY-QUÀ-TẶNG-LƯU-NIỆM-MỸ-NGHỆ-VIỆT-NAM-i.1344409784.26709427382?extraParams=%7B%22display_model_id%22%3A88991022004%2C%22model_selection_logic%22%3A3%7D
123,Vũ Long Bamboo,Thành phố Hà Nội,https://shopee.vn/search?shop=1344409784,"(Combo siêu hời) Bộ bàn ghế mây sò tự nhiên nhỏ gọn, tiện lợi phù hợp bộ Cafe/ ban công gia đình / Homestay",470.000 ₫,"Đặc sản chất lượng - (Combo siêu hời) Bộ bàn ghế mây sò tự nhiên nhỏ gọn, tiện lợi phù hợp bộ Cafe/ ban công gia đình / Homestay",https://down-vn.img.susercontent.com/file/vn-11134207-7r98o-lzh70x7pca01b6,https://shopee.vn/(Combo-siêu-hời)-Bộ-bàn-ghế-mây-sò-tự-nhiên-nhỏ-gọn-tiện-lợi-phù-hợp-bộ-Cafe-ban-công-gia-đình-Homestay-i.1344409784.28709304802?extraParams=%7B%22display_model_id%22%3A99632392002%2C%22model_selection_logic%22%3A3%7D
124,Vũ Long Bamboo,Thành phố Hà Nội,https://shopee.vn/search?shop=1344409784,Tranh phong cảnh trên chất liệu mành tre đặc sắc kích thước rộng 30 x dài 50cm dễ gấp gọn dùng để treo tường hoặc tặng,40.000 ₫,Đặc sản chất lượng - Tranh phong cảnh trên chất liệu mành tre đặc sắc kích thước rộng 30 x dài 50cm dễ gấp gọn dùng để treo tường hoặc tặng,https://down-vn.img.susercontent.com/file/vn-11134207-7r98o-lzhoqmc8emh923,https://shopee.vn/Tranh-phong-cảnh-trên-chất-liệu-mành-tre-đặc-sắc-kích-thước-rộng-30-x-dài-50cm-dễ-gấp-gọn-dùng-để-treo-tường-hoặc-tặng-i.1344409784.28209363103?extraParams=%7B%22display_model_id%22%3A241478853517%2C%22model_selection_logic%22%3A3%7D
125,Vũ Long Bamboo,Thành phố Hà Nội,https://shopee.vn/search?shop=1344409784,"(xưởng sx) Nón lá múa tặng kèm quai nón biểu diễn văn nghệ, nón lá xứ Huế trắng sáng mỏng nhẹ đường kính 40cm",55.000 ₫,"Đặc sản chất lượng - (xưởng sx) Nón lá múa tặng kèm quai nón biểu diễn văn nghệ, nón lá xứ Huế trắng sáng mỏng nhẹ đường kính 40cm",https://down-vn.img.susercontent.com/file/vn-11134207-7r98o-lzivbxqcqo997a,https://shopee.vn/(xưởng-sx)-Nón-lá-múa-tặng-kèm-quai-nón-biểu-diễn-văn-nghệ-nón-lá-xứ-Huế-trắng-sáng-mỏng-nhẹ-đường-kính-40cm-i.1344409784.29709468765?extraParams=%7B%22display_model_id%22%3A187764187735%2C%22model_selection_logic%22%3A3%7D
126,Vũ Long Bamboo,Thành phố Hà Nội,https://shopee.vn/search?shop=1344409784,"(Xưởng SX- Hoả tốc) Nón lá vẽ phong cảnh đa dạng, nón vẽ sen đườg kính 40cm được chọn mẫu, nón huế vẽ phong cảnh đặc sắc",70.000 ₫,"Đặc sản chất lượng - (Xưởng SX- Hoả tốc) Nón lá vẽ phong cảnh đa dạng, nón vẽ sen đườg kính 40cm được chọn mẫu, nón huế vẽ phong cảnh đặc sắc",https://down-vn.img.susercontent.com/file/vn-11134207-7r98o-lzhlcow1u0y542,https://shopee.vn/(Xưởng-SX-Hoả-tốc)-Nón-lá-vẽ-phong-cảnh-đa-dạng-nón-vẽ-sen-đườg-kính-40cm-được-chọn-mẫu-nón-huế-vẽ-phong-cảnh-đặc-sắc-i.1344409784.26959370285?extraParams=%7B%22display_model_id%22%3A195347374640%2C%22model_selection_logic%22%3A3%7D
127,Vũ Long Bamboo,Thành phố Hà Nội,https://shopee.vn/search?shop=1344409784,"Đĩa biểu tượng Việt Nam bằng đồng 8cm, hình ảnh đặc trưng Việt Nam, quà tặng, quà lưu niệm tặng khách quốc tế",66.240 ₫,"Đặc sản chất lượng - Đĩa biểu tượng Việt Nam bằng đồng 8cm, hình ảnh đặc trưng Việt Nam, quà tặng, quà lưu niệm tặng khách quốc tế",https://down-vn.img.susercontent.com/file/vn-11134207-7r98o-lzlm28f2moble3,https://shopee.vn/Đĩa-biểu-tượng-Việt-Nam-bằng-đồng-8cm-hình-ảnh-đặc-trưng-Việt-Nam-quà-tặng-quà-lưu-niệm-tặng-khách-quốc-tế-i.1344409784.26009917482?extraParams=%7B%22display_model_id%22%3A185356000272%2C%22model_selection_logic%22%3A3%7D
128,Vũ Long Bamboo,Thành phố Hà Nội,https://shopee.vn/search?shop=1344409784,"( Xưởng sx) Quạt vải Huế lụa cầm tay loại to 28cm, Hàng loại 1 chống mọt, vẽ phong cảnh Việt Nam",25.000 ₫,"Đặc sản chất lượng - ( Xưởng sx) Quạt vải Huế lụa cầm tay loại to 28cm, Hàng loại 1 chống mọt, vẽ phong cảnh Việt Nam",https://down-vn.img.susercontent.com/file/vn-11134207-7r98o-lzipz7qxn1ot8d,https://shopee.vn/(-Xưởng-sx)-Quạt-vải-Huế-lụa-cầm-tay-loại-to-28cm-Hàng-loại-1-chống-mọt-vẽ-phong-cảnh-Việt-Nam-i.1344409784.27259457517?extraParams=%7B%22display_model_id%22%3A241484262666%2C%22model_selection_logic%22%3A3%7D
129,Vũ Long Bamboo,Thành phố Hà Nội,https://shopee.vn/search?shop=1344409784,"(Hoả tốc) Ghế mây Café hỏa tốc, ghế mây sò",235.000 ₫,"Đặc sản chất lượng - (Hoả tốc) Ghế mây Café hỏa tốc, ghế mây sò",https://down-vn.img.susercontent.com/file/vn-11134207-7ras8-m16oadwhu73u68,https://shopee.vn/(Hoả-tốc)-Ghế-mây-Café-hỏa-tốc-ghế-mây-sò-i.1344409784.26663438619?extraParams=%7B%22display_model_id%22%3A236853327488%2C%22model_selection_logic%22%3A3%7D
130,Vũ Long Bamboo,Thành phố Hà Nội,https://shopee.vn/search?shop=1344409784,"(Xưởng SX) Tranh mẹt vẽ phong cảnh đa dạng mẫu mã đường kính 35cm, tranh treo tường trang trí nhà hàng quán ăn đặc sắc",40.000 ₫,"Đặc sản chất lượng - (Xưởng SX) Tranh mẹt vẽ phong cảnh đa dạng mẫu mã đường kính 35cm, tranh treo tường trang trí nhà hàng quán ăn đặc sắc",https://down-vn.img.susercontent.com/file/vn-11134207-7r98o-lziflm19wfc104,https://shopee.vn/(Xưởng-SX)-Tranh-mẹt-vẽ-phong-cảnh-đa-dạng-mẫu-mã-đường-kính-35cm-tranh-treo-tường-trang-trí-nhà-hàng-quán-ăn-đặc-sắc-i.1344409784.28659420173?extraParams=%7B%22display_model_id%22%3A256481899031%2C%22model_selection_logic%22%3A3%7D
131,Memo Candles,Thành phố Hồ Chí Minh,https://shopee.vn/search?shop=891325314,"Nến thơm noel cốc xi măng thư giãn mini, Candle cup handmade tinh dầu thiên nhiên 8/3",29.000 ₫,"Đặc sản chất lượng - Nến thơm noel cốc xi măng thư giãn mini, Candle cup handmade tinh dầu thiên nhiên 8/3",https://down-vn.img.susercontent.com/file/sg-11134201-22110-c8sf6c45qpjv5c,https://shopee.vn/Nến-thơm-noel-cốc-xi-măng-thư-giãn-mini-Candle-cup-handmade-tinh-dầu-thiên-nhiên-8-3-i.891325314.23204773353?extraParams=%7B%22display_model_id%22%3A235865405901%2C%22model_selection_logic%22%3A3%7D
132,Memo Candles,Thành phố Hồ Chí Minh,https://shopee.vn/search?shop=891325314,"Sáp thơm treo tinh dầu tủ quần áo, ô tô, sáp hoa khô tròn handamde trang trí vintage hoa khô",14.112 ₫,"Đặc sản chất lượng - Sáp thơm treo tinh dầu tủ quần áo, ô tô, sáp hoa khô tròn handamde trang trí vintage hoa khô",https://down-vn.img.susercontent.com/file/sg-11134201-22110-zp4af0sh4tjva9,https://shopee.vn/Sáp-thơm-treo-tinh-dầu-tủ-quần-áo-ô-tô-sáp-hoa-khô-tròn-handamde-trang-trí-vintage-hoa-khô-i.891325314.19262130105?extraParams=%7B%22display_model_id%22%3A193179904129%2C%22model_selection_logic%22%3A3%7D
133,Memo Candles,Thành phố Hồ Chí Minh,https://shopee.vn/search?shop=891325314,"Hộp Quà Nến Thơm valentine 8/3 , Set Quà Nến Thơm Handmade Tặng Người Yêu Dịp Noel Gấu Cute",52.200 ₫,"Đặc sản chất lượng - Hộp Quà Nến Thơm valentine 8/3 , Set Quà Nến Thơm Handmade Tặng Người Yêu Dịp Noel Gấu Cute",https://down-vn.img.susercontent.com/file/sg-11134201-22110-mxekq7q8jyjv92,https://shopee.vn/Hộp-Quà-Nến-Thơm-valentine-8-3-Set-Quà-Nến-Thơm-Handmade-Tặng-Người-Yêu-Dịp-Noel-Gấu-Cute-i.891325314.20962780169?extraParams=%7B%22display_model_id%22%3A230281242458%2C%22model_selection_logic%22%3A3%7D
134,Memo Candles,Thành phố Hồ Chí Minh,https://shopee.vn/search?shop=891325314,"Sáp thơm treo tinh dầu tủ quần áo , ô tô, sáp hoa khô tròn handamde trang trí hoa khô sáp tròn đặc",19.950 ₫,"Đặc sản chất lượng - Sáp thơm treo tinh dầu tủ quần áo , ô tô, sáp hoa khô tròn handamde trang trí hoa khô sáp tròn đặc",https://down-vn.img.susercontent.com/file/sg-11134201-22110-2wn7rgtj3tjvb3,https://shopee.vn/Sáp-thơm-treo-tinh-dầu-tủ-quần-áo-ô-tô-sáp-hoa-khô-tròn-handamde-trang-trí-hoa-khô-sáp-tròn-đặc-i.891325314.23405221919?extraParams=%7B%22display_model_id%22%3A203179672237%2C%22model_selection_logic%22%3A3%7D
135,Memo Candles,Thành phố Hồ Chí Minh,https://shopee.vn/search?shop=891325314,"Hộp Quà Nến Thơm 8/3 , Set Quà Nến Thơm Handmade Tặng Người Yêu Dịp Đặc Biệt",48.000 ₫,"Đặc sản chất lượng - Hộp Quà Nến Thơm 8/3 , Set Quà Nến Thơm Handmade Tặng Người Yêu Dịp Đặc Biệt",https://down-vn.img.susercontent.com/file/sg-11134201-22110-3j5p67esssjvf3,https://shopee.vn/Hộp-Quà-Nến-Thơm-8-3-Set-Quà-Nến-Thơm-Handmade-Tặng-Người-Yêu-Dịp-Đặc-Biệt-i.891325314.19062004699?extraParams=%7B%22display_model_id%22%3A213173027050%2C%22model_selection_logic%22%3A3%7D
136,Memo Candles,Thành phố Hồ Chí Minh,https://shopee.vn/search?shop=891325314,"Sáp thơm treo tinh dầu tủ quần áo, ô tô, sáp hoa khô tinh dầu thiên nhiên handamde trang trí hoa khô sáp 30g",26.000 ₫,"Đặc sản chất lượng - Sáp thơm treo tinh dầu tủ quần áo, ô tô, sáp hoa khô tinh dầu thiên nhiên handamde trang trí hoa khô sáp 30g",https://down-vn.img.susercontent.com/file/sg-11134201-22110-flh7j70x3tjvca,https://shopee.vn/Sáp-thơm-treo-tinh-dầu-tủ-quần-áo-ô-tô-sáp-hoa-khô-tinh-dầu-thiên-nhiên-handamde-trang-trí-hoa-khô-sáp-30g-i.891325314.23905223119?extraParams=%7B%22display_model_id%22%3A146246119376%2C%22model_selection_logic%22%3A3%7D
137,Memo Candles,Thành phố Hồ Chí Minh,https://shopee.vn/search?shop=891325314,"Hộp Quà Nến Thơm , Set Quà Nến Thơm Handmade Tặng Người Yêu Dịp Noel Gấu Bông 8/3",35.100 ₫,"Đặc sản chất lượng - Hộp Quà Nến Thơm , Set Quà Nến Thơm Handmade Tặng Người Yêu Dịp Noel Gấu Bông 8/3",https://down-vn.img.susercontent.com/file/sg-11134201-22120-s188fo335qkv03,https://shopee.vn/Hộp-Quà-Nến-Thơm-Set-Quà-Nến-Thơm-Handmade-Tặng-Người-Yêu-Dịp-Noel-Gấu-Bông-8-3-i.891325314.20167043556?extraParams=%7B%22display_model_id%22%3A183452393181%2C%22model_selection_logic%22%3A3%7D
138,Memo Candles,Thành phố Hồ Chí Minh,https://shopee.vn/search?shop=891325314,"Hộp Quà Sáp thơm 8/3, Set Quà Nến Thơm Handmade Tặng Người Yêu Dịp Noel Sáp thơm",36.000 ₫,"Đặc sản chất lượng - Hộp Quà Sáp thơm 8/3, Set Quà Nến Thơm Handmade Tặng Người Yêu Dịp Noel Sáp thơm",https://down-vn.img.susercontent.com/file/sg-11134201-22110-vdi7z6eva1jvf7,https://shopee.vn/Hộp-Quà-Sáp-thơm-8-3-Set-Quà-Nến-Thơm-Handmade-Tặng-Người-Yêu-Dịp-Noel-Sáp-thơm-i.891325314.20563080568?extraParams=%7B%22display_model_id%22%3A230292954640%2C%22model_selection_logic%22%3A3%7D
139,Memo Candles,Thành phố Hồ Chí Minh,https://shopee.vn/search?shop=891325314,"Sáp thơm treo tinh dầu tủ quần áo cao cấp, ô tô, sáp hoa khô tròn handamde tròn rỗng",17.100 ₫,"Đặc sản chất lượng - Sáp thơm treo tinh dầu tủ quần áo cao cấp, ô tô, sáp hoa khô tròn handamde tròn rỗng",https://down-vn.img.susercontent.com/file/sg-11134201-22110-qewmlm6oxtjv97,https://shopee.vn/Sáp-thơm-treo-tinh-dầu-tủ-quần-áo-cao-cấp-ô-tô-sáp-hoa-khô-tròn-handamde-tròn-rỗng-i.891325314.22105221220?extraParams=%7B%22display_model_id%22%3A183179598674%2C%22model_selection_logic%22%3A3%7D
140,Memo Candles,Thành phố Hồ Chí Minh,https://shopee.vn/search?shop=891325314,"Hộp Quà Nến Thơm Giáng Sinh, Set Quà Nến Thơm Handmade Tặng Người Yêu Dịp Noel Cây Thông",47.450 ₫,"Đặc sản chất lượng - Hộp Quà Nến Thơm Giáng Sinh, Set Quà Nến Thơm Handmade Tặng Người Yêu Dịp Noel Cây Thông",https://down-vn.img.susercontent.com/file/sg-11134201-22120-keltp94r8qkv25,https://shopee.vn/Hộp-Quà-Nến-Thơm-Giáng-Sinh-Set-Quà-Nến-Thơm-Handmade-Tặng-Người-Yêu-Dịp-Noel-Cây-Thông-i.891325314.19567101154?extraParams=%7B%22display_model_id%22%3A213456012387%2C%22model_selection_logic%22%3A3%7D
141,Mỹ Nghệ Phúc Loan,Thành phố Hồ Chí Minh,https://shopee.vn/search?shop=172203435,Muỗng ăn tráng miệng ốc xà cừ độc đáo | Muỗng trứng cá - Caviar spoon,23.000 ₫,Đặc sản chất lượng - Muỗng ăn tráng miệng ốc xà cừ độc đáo | Muỗng trứng cá - Caviar spoon,https://down-vn.img.susercontent.com/file/0769c82d6b836fd68af88dd42dcb97f3,https://shopee.vn/Muỗng-ăn-tráng-miệng-ốc-xà-cừ-độc-đáo-Muỗng-trứng-cá-Caviar-spoon-i.172203435.18248222565?extraParams=%7B%22display_model_id%22%3A145836381949%2C%22model_selection_logic%22%3A3%7D
142,Mỹ Nghệ Phúc Loan,Thành phố Hồ Chí Minh,https://shopee.vn/search?shop=172203435,Hũ Tròn Đựng Đồ Gỗ Sơn Mài Cẩn Trứng 16cm,350.000 ₫,Đặc sản chất lượng - Hũ Tròn Đựng Đồ Gỗ Sơn Mài Cẩn Trứng 16cm,https://down-vn.img.susercontent.com/file/sg-11134201-22100-xty630psxeiv3e,https://shopee.vn/Hũ-Tròn-Đựng-Đồ-Gỗ-Sơn-Mài-Cẩn-Trứng-16cm-i.172203435.2849017823?extraParams=%7B%22display_model_id%22%3A7178798130%2C%22model_selection_logic%22%3A3%7D
143,Mỹ Nghệ Phúc Loan,Thành phố Hồ Chí Minh,https://shopee.vn/search?shop=172203435,"Bộ 6 Lót Ly Tròn Sơn Mài Truyền Thống Việt Nam Cao Cấp Kèm Hộp | Phụ Kiện Bàn Ăn, Quà Lưu Niệm",450.000 ₫,"Đặc sản chất lượng - Bộ 6 Lót Ly Tròn Sơn Mài Truyền Thống Việt Nam Cao Cấp Kèm Hộp | Phụ Kiện Bàn Ăn, Quà Lưu Niệm",https://down-vn.img.susercontent.com/file/sg-11134201-22110-9fdmtw5stijva1,https://shopee.vn/Bộ-6-Lót-Ly-Tròn-Sơn-Mài-Truyền-Thống-Việt-Nam-Cao-Cấp-Kèm-Hộp-Phụ-Kiện-Bàn-Ăn-Quà-Lưu-Niệm-i.172203435.21160303200?extraParams=%7B%22display_model_id%22%3A137067357085%2C%22model_selection_logic%22%3A3%7D
144,Mỹ Nghệ Phúc Loan,Thành phố Hồ Chí Minh,https://shopee.vn/search?shop=172203435,Hũ kẹo tròn sơn mài trang trí nghệ thuật 10cm,150.000 ₫,Đặc sản chất lượng - Hũ kẹo tròn sơn mài trang trí nghệ thuật 10cm,https://down-vn.img.susercontent.com/file/a2d4821cbeba39aed615522dbe36e308,https://shopee.vn/Hũ-kẹo-tròn-sơn-mài-trang-trí-nghệ-thuật-10cm-i.172203435.2872462863?extraParams=%7B%22display_model_id%22%3A7301418190%2C%22model_selection_logic%22%3A3%7D
145,Mỹ Nghệ Phúc Loan,Thành phố Hồ Chí Minh,https://shopee.vn/search?shop=172203435,Tượng Voi Đá Vểnh Vòi Vui Vẻ Phong Thủy Nhiều Mẫu | Tượng Đá Trang Trí,65.000 ₫,Đặc sản chất lượng - Tượng Voi Đá Vểnh Vòi Vui Vẻ Phong Thủy Nhiều Mẫu | Tượng Đá Trang Trí,https://down-vn.img.susercontent.com/file/sg-11134201-22100-h20uid5b4oivc5,https://shopee.vn/Tượng-Voi-Đá-Vểnh-Vòi-Vui-Vẻ-Phong-Thủy-Nhiều-Mẫu-Tượng-Đá-Trang-Trí-i.172203435.18155001999?extraParams=%7B%22display_model_id%22%3A192762256959%2C%22model_selection_logic%22%3A3%7D
146,Mỹ Nghệ Phúc Loan,Thành phố Hồ Chí Minh,https://shopee.vn/search?shop=172203435,Tranh Sơn Mài Cẩn Trứng Nghệ Thuật Truyền Thống Việt Nam 20x30cm | Mỹ Nghệ Phúc Loan,350.000 ₫,Đặc sản chất lượng - Tranh Sơn Mài Cẩn Trứng Nghệ Thuật Truyền Thống Việt Nam 20x30cm | Mỹ Nghệ Phúc Loan,https://down-vn.img.susercontent.com/file/sg-11134201-22100-duhhmk2bwriv2d,https://shopee.vn/Tranh-Sơn-Mài-Cẩn-Trứng-Nghệ-Thuật-Truyền-Thống-Việt-Nam-20x30cm-Mỹ-Nghệ-Phúc-Loan-i.172203435.19855385673?extraParams=%7B%22display_model_id%22%3A380262802752%2C%22model_selection_logic%22%3A3%7D
147,Mỹ Nghệ Phúc Loan,Thành phố Hồ Chí Minh,https://shopee.vn/search?shop=172203435,Quà Lưu Niệm Gương Mini Hình Cô Gái Việt Nam,70.000 ₫,Đặc sản chất lượng - Quà Lưu Niệm Gương Mini Hình Cô Gái Việt Nam,https://down-vn.img.susercontent.com/file/f71af1083a5b6ab7f68f12667539a3ec,https://shopee.vn/Quà-Lưu-Niệm-Gương-Mini-Hình-Cô-Gái-Việt-Nam-i.172203435.4021155231?extraParams=%7B%22display_model_id%22%3A15126959501%2C%22model_selection_logic%22%3A3%7D
148,Mỹ Nghệ Phúc Loan,Thành phố Hồ Chí Minh,https://shopee.vn/search?shop=172203435,Hộp Nữ Trang Sơn Mài Lót Nhung 9 x 18cm Hình Cô Gái Việt Nam | Hộp Nữ Trang Truyền Thống - Hộp Gỗ Đựng,320.000 ₫,Đặc sản chất lượng - Hộp Nữ Trang Sơn Mài Lót Nhung 9 x 18cm Hình Cô Gái Việt Nam | Hộp Nữ Trang Truyền Thống - Hộp Gỗ Đựng,https://down-vn.img.susercontent.com/file/vn-11134207-820l4-mg6ffz5oytxlc3,https://shopee.vn/Hộp-Nữ-Trang-Sơn-Mài-Lót-Nhung-9-x-18cm-Hình-Cô-Gái-Việt-Nam-Hộp-Nữ-Trang-Truyền-Thống-Hộp-Gỗ-Đựng-i.172203435.3202170842?extraParams=%7B%22display_model_id%22%3A8179628268%2C%22model_selection_logic%22%3A3%7D
149,Mỹ Nghệ Phúc Loan,Thành phố Hồ Chí Minh,https://shopee.vn/search?shop=172203435,Hộp Đựng Khăn Giấy Gỗ Sơn Mài Hình Chữ Nhật Lớn,450.000 ₫,Đặc sản chất lượng - Hộp Đựng Khăn Giấy Gỗ Sơn Mài Hình Chữ Nhật Lớn,https://down-vn.img.susercontent.com/file/vn-11134207-820l4-mge1vipuedxmb3,https://shopee.vn/Hộp-Đựng-Khăn-Giấy-Gỗ-Sơn-Mài-Hình-Chữ-Nhật-Lớn-i.172203435.20552541636?extraParams=%7B%22display_model_id%22%3A380029570670%2C%22model_selection_logic%22%3A3%7D
150,Mỹ Nghệ Phúc Loan,Thành phố Hồ Chí Minh,https://shopee.vn/search?shop=172203435,Hộp Nữ Trang Sơn Mài Lập Thể Nhiều Màu 9x18,330.000 ₫,Đặc sản chất lượng - Hộp Nữ Trang Sơn Mài Lập Thể Nhiều Màu 9x18,https://down-vn.img.susercontent.com/file/5c6f4ac3e8f6e013a0a7f615442a647d,https://shopee.vn/Hộp-Nữ-Trang-Sơn-Mài-Lập-Thể-Nhiều-Màu-9x18-i.172203435.19452445549?extraParams=%7B%22display_model_id%22%3A155947378387%2C%22model_selection_logic%22%3A3%7D
151,HiPs - Quà Huế,Thành phố Huế,https://shopee.vn/search?shop=1240337474,"CÀ PHÊ MUỐI HOÀ TAN CỐ ĐÔ- set 10 gói tiện lợi, tiết kiệm ( Không hộp)",57.000 ₫,"Đặc sản chất lượng - CÀ PHÊ MUỐI HOÀ TAN CỐ ĐÔ- set 10 gói tiện lợi, tiết kiệm ( Không hộp)",https://down-vn.img.susercontent.com/file/vn-11134207-81ztc-mmwmaourp05i7a,https://shopee.vn/CÀ-PHÊ-MUỐI-HOÀ-TAN-CỐ-ĐÔ-set-10-gói-tiện-lợi-tiết-kiệm-(-Không-hộp)-i.1240337474.27061772851?extraParams=%7B%22display_model_id%22%3A205440360900%2C%22model_selection_logic%22%3A3%7D
152,HiPs - Quà Huế,Thành phố Huế,https://shopee.vn/search?shop=1240337474,Bánh Huế - Bánh Ngũ Sắc - Quà Huế hộp 6 cái,59.000 ₫,Đặc sản chất lượng - Bánh Huế - Bánh Ngũ Sắc - Quà Huế hộp 6 cái,https://down-vn.img.susercontent.com/file/vn-11134207-81ztc-mmx240277if5b0,https://shopee.vn/Bánh-Huế-Bánh-Ngũ-Sắc-Quà-Huế-hộp-6-cái-i.1240337474.27150493500?extraParams=%7B%22display_model_id%22%3A245863386600%2C%22model_selection_logic%22%3A3%7D
153,HiPs - Quà Huế,Thành phố Huế,https://shopee.vn/search?shop=1240337474,Bánh ép Huế [combo 4 vị túi kẽm] - Vị Cá chua ngọt - Vị Gà Phôi Mai - Vị tép - Vị bbq - ngon giòn ăn siêu cuốn,79.000 ₫,Đặc sản chất lượng - Bánh ép Huế [combo 4 vị túi kẽm] - Vị Cá chua ngọt - Vị Gà Phôi Mai - Vị tép - Vị bbq - ngon giòn ăn siêu cuốn,https://down-vn.img.susercontent.com/file/vn-11134207-81ztc-mnau6346wbgked,https://shopee.vn/Bánh-ép-Huế-combo-4-vị-túi-kẽm-Vị-Cá-chua-ngọt-Vị-Gà-Phôi-Mai-Vị-tép-Vị-bbq-ngon-giòn-ăn-siêu-cuốn-i.1240337474.49408007992?extraParams=%7B%22display_model_id%22%3A395709456370%2C%22model_selection_logic%22%3A3%7D
154,HiPs - Quà Huế,Thành phố Huế,https://shopee.vn/search?shop=1240337474,"Túi giấy HiPs - Đựng quà Huế, túi giấy trắng thân thiện môi trường (set 5 cái)",40.000 ₫,"Đặc sản chất lượng - Túi giấy HiPs - Đựng quà Huế, túi giấy trắng thân thiện môi trường (set 5 cái)",https://down-vn.img.susercontent.com/file/vn-11134207-820l4-meqs3rn1le6e27,https://shopee.vn/Túi-giấy-HiPs-Đựng-quà-Huế-túi-giấy-trắng-thân-thiện-môi-trường-(set-5-cái)-i.1240337474.42719340954?extraParams=%7B%22display_model_id%22%3A253903865131%2C%22model_selection_logic%22%3A3%7D
155,HiPs - Quà Huế,Thành phố Huế,https://shopee.vn/search?shop=1240337474,Sữa Hạt Sen Hòa Tan - Sen Huế 100% - giàu dinh dưỡng với 4 vị hấp dẫn,165.000 ₫,Đặc sản chất lượng - Sữa Hạt Sen Hòa Tan - Sen Huế 100% - giàu dinh dưỡng với 4 vị hấp dẫn,https://down-vn.img.susercontent.com/file/vn-11134207-81ztc-mnasva15kufc14,https://shopee.vn/Sữa-Hạt-Sen-Hòa-Tan-Sen-Huế-100-giàu-dinh-dưỡng-với-4-vị-hấp-dẫn-i.1240337474.26710911148?extraParams=%7B%22display_model_id%22%3A335814990973%2C%22model_selection_logic%22%3A3%7D
156,HiPs - Quà Huế,Thành phố Huế,https://shopee.vn/search?shop=1240337474,Kèn Gốm - Tu Huýt- sản phẩm gốm Phước Tích,104.500 ₫,Đặc sản chất lượng - Kèn Gốm - Tu Huýt- sản phẩm gốm Phước Tích,https://down-vn.img.susercontent.com/file/vn-11134207-81ztc-mmwo0yf2tjwo57,https://shopee.vn/Kèn-Gốm-Tu-Huýt-sản-phẩm-gốm-Phước-Tích-i.1240337474.25576143189?extraParams=%7B%22display_model_id%22%3A176982703459%2C%22model_selection_logic%22%3A3%7D
157,HiPs - Quà Huế,Thành phố Huế,https://shopee.vn/search?shop=1240337474,Bánh Ép - Đặc Sản Huế - Vị BBQ - Vị tép - Vị Cá - Vị Gà - Thơm giòn,57.000 ₫,Đặc sản chất lượng - Bánh Ép - Đặc Sản Huế - Vị BBQ - Vị tép - Vị Cá - Vị Gà - Thơm giòn,https://down-vn.img.susercontent.com/file/vn-11134207-81ztc-mmwmebxl4wsh25,https://shopee.vn/Bánh-Ép-Đặc-Sản-Huế-Vị-BBQ-Vị-tép-Vị-Cá-Vị-Gà-Thơm-giòn-i.1240337474.25376088677?extraParams=%7B%22display_model_id%22%3A207531188066%2C%22model_selection_logic%22%3A3%7D
158,HiPs - Quà Huế,Thành phố Huế,https://shopee.vn/search?shop=1240337474,"Mứt gừng thẻ - cay dịu, chua nhẹ",95.000 ₫,"Đặc sản chất lượng - Mứt gừng thẻ - cay dịu, chua nhẹ",https://down-vn.img.susercontent.com/file/vn-11134207-81ztc-mmx24wllmzus4b,https://shopee.vn/Mứt-gừng-thẻ-cay-dịu-chua-nhẹ-i.1240337474.47855723083?extraParams=%7B%22display_model_id%22%3A395516098993%2C%22model_selection_logic%22%3A3%7D
159,HiPs - Quà Huế,Thành phố Huế,https://shopee.vn/search?shop=1240337474,Trà Gừng Hoà Tan Vị Hoa Cúc - Sản Xuất Tại Kim Long Huế - Giúp giữ ấm cơ thể và cải thiện giấc ngủ,49.500 ₫,Đặc sản chất lượng - Trà Gừng Hoà Tan Vị Hoa Cúc - Sản Xuất Tại Kim Long Huế - Giúp giữ ấm cơ thể và cải thiện giấc ngủ,https://down-vn.img.susercontent.com/file/vn-11134207-81ztc-mnau4zjimyv99b,https://shopee.vn/Trà-Gừng-Hoà-Tan-Vị-Hoa-Cúc-Sản-Xuất-Tại-Kim-Long-Huế-Giúp-giữ-ấm-cơ-thể-và-cải-thiện-giấc-ngủ-i.1240337474.28162422488?extraParams=%7B%22display_model_id%22%3A215420584926%2C%22model_selection_logic%22%3A3%7D
160,HiPs - Quà Huế,Thành phố Huế,https://shopee.vn/search?shop=1240337474,Trà Gừng Hoà Tan Vị Nguyên Bản - Sản xuất tại Kim Long Huế - giúp hỗ trợ tiêu hoá và làm ấm cơ thể.,38.500 ₫,Đặc sản chất lượng - Trà Gừng Hoà Tan Vị Nguyên Bản - Sản xuất tại Kim Long Huế - giúp hỗ trợ tiêu hoá và làm ấm cơ thể.,https://down-vn.img.susercontent.com/file/vn-11134207-81ztc-mnau3d20fo5eca,https://shopee.vn/Trà-Gừng-Hoà-Tan-Vị-Nguyên-Bản-Sản-xuất-tại-Kim-Long-Huế-giúp-hỗ-trợ-tiêu-hoá-và-làm-ấm-cơ-thể.-i.1240337474.27262422854?extraParams=%7B%22display_model_id%22%3A176702495045%2C%22model_selection_logic%22%3A3%7D
161,TỔNG KHO ĐỒ ĐỒNG VN,Tỉnh Bắc Ninh,https://shopee.vn/search?shop=597000742,Trống Đồng Quà Tặng Dát Vàng Đủ Kích Thước Để Bàn Làm Việc Phong Thủy,1.259.000 ₫,Đặc sản chất lượng - Trống Đồng Quà Tặng Dát Vàng Đủ Kích Thước Để Bàn Làm Việc Phong Thủy,https://down-vn.img.susercontent.com/file/vn-11134207-7ras8-mccbbhxkyezn8c,https://shopee.vn/Trống-Đồng-Quà-Tặng-Dát-Vàng-Đủ-Kích-Thước-Để-Bàn-Làm-Việc-Phong-Thủy-i.597000742.23830980570?extraParams=%7B%22display_model_id%22%3A137466129127%2C%22model_selection_logic%22%3A3%7D
162,TỔNG KHO ĐỒ ĐỒNG VN,Tỉnh Bắc Ninh,https://shopee.vn/search?shop=597000742,Tranh Trống Đồng 60*60cm Họa Tiết Hoa Văn Trống Đồng Ăn Mòn Độ Bền Trọn Đời Khung Composite,1.399.000 ₫,Đặc sản chất lượng - Tranh Trống Đồng 60*60cm Họa Tiết Hoa Văn Trống Đồng Ăn Mòn Độ Bền Trọn Đời Khung Composite,https://down-vn.img.susercontent.com/file/vn-11134207-7r98o-m03e99j56v0v0a,https://shopee.vn/Tranh-Trống-Đồng-60*60cm-Họa-Tiết-Hoa-Văn-Trống-Đồng-Ăn-Mòn-Độ-Bền-Trọn-Đời-Khung-Composite-i.597000742.14692316927?extraParams=%7B%22display_model_id%22%3A126680811557%2C%22model_selection_logic%22%3A3%7D
163,TỔNG KHO ĐỒ ĐỒNG VN,Tỉnh Bắc Ninh,https://shopee.vn/search?shop=597000742,[HÀNG KỸ] Mặt Trống Đồng Đông Sơn Treo Tường ĐK 60cm Thếp V.àng   Cao Cấp Quà Tặng Đồ Đồng Đại Bái,1.199.000 ₫,Đặc sản chất lượng - [HÀNG KỸ] Mặt Trống Đồng Đông Sơn Treo Tường ĐK 60cm Thếp V.àng   Cao Cấp Quà Tặng Đồ Đồng Đại Bái,https://down-vn.img.susercontent.com/file/vn-11134207-7r98o-m07mdq16dnrje8,https://shopee.vn/-HÀNG-KỸ-Mặt-Trống-Đồng-Đông-Sơn-Treo-Tường-ĐK-60cm-Thếp-V.àng-Cao-Cấp-Quà-Tặng-Đồ-Đồng-Đại-Bái-i.597000742.22468098730?extraParams=%7B%22display_model_id%22%3A221609566314%2C%22model_selection_logic%22%3A3%7D
164,TỔNG KHO ĐỒ ĐỒNG VN,Tỉnh Bắc Ninh,https://shopee.vn/search?shop=597000742,Vinh Hoa Phú Quý Tranh Đồng 2m31*1m27 Dát Vàng   Cao Cấp Freeship,5.600.000 ₫,Đặc sản chất lượng - Vinh Hoa Phú Quý Tranh Đồng 2m31*1m27 Dát Vàng   Cao Cấp Freeship,https://down-vn.img.susercontent.com/file/vn-11134207-7r98o-m07anjsj5vjhd8,https://shopee.vn/Vinh-Hoa-Phú-Quý-Tranh-Đồng-2m31*1m27-Dát-Vàng-Cao-Cấp-Freeship-i.597000742.23833100660?extraParams=%7B%22display_model_id%22%3A231276264386%2C%22model_selection_logic%22%3A3%7D
165,TỔNG KHO ĐỒ ĐỒNG VN,Tỉnh Bắc Ninh,https://shopee.vn/search?shop=597000742,Tranh Đồng Quê Hương Cội Nguồn Quê Hương 2m31x1m27 Bằng Đồng Dát V.àng   Khung Gỗ Sồi Nga Tranh Quê Hương Trạm Trổ Kỹ,6.999.000 ₫,Đặc sản chất lượng - Tranh Đồng Quê Hương Cội Nguồn Quê Hương 2m31x1m27 Bằng Đồng Dát V.àng   Khung Gỗ Sồi Nga Tranh Quê Hương Trạm Trổ Kỹ,https://down-vn.img.susercontent.com/file/vn-11134207-7r98o-m0752am7k7hpc3,https://shopee.vn/Tranh-Đồng-Quê-Hương-Cội-Nguồn-Quê-Hương-2m31x1m27-Bằng-Đồng-Dát-V.àng-Khung-Gỗ-Sồi-Nga-Tranh-Quê-Hương-Trạm-Trổ-Kỹ-i.597000742.21822885775?extraParams=%7B%22display_model_id%22%3A181194426124%2C%22model_selection_logic%22%3A3%7D
166,TỔNG KHO ĐỒ ĐỒNG VN,Tỉnh Bắc Ninh,https://shopee.vn/search?shop=597000742,Tranh Mừng Thọ Bằng Đồng 100*60cm Có Ảnh Bố Mẹ Ông Bà Khung Gỗ Đèn Led Miễn Ship,2.900.000 ₫,Đặc sản chất lượng - Tranh Mừng Thọ Bằng Đồng 100*60cm Có Ảnh Bố Mẹ Ông Bà Khung Gỗ Đèn Led Miễn Ship,https://down-vn.img.susercontent.com/file/vn-11134207-7ras8-m446sfjvspfz65,https://shopee.vn/Tranh-Mừng-Thọ-Bằng-Đồng-100*60cm-Có-Ảnh-Bố-Mẹ-Ông-Bà-Khung-Gỗ-Đèn-Led-Miễn-Ship-i.597000742.21760115134?extraParams=%7B%22display_model_id%22%3A193065934945%2C%22model_selection_logic%22%3A3%7D
167,TỔNG KHO ĐỒ ĐỒNG VN,Tỉnh Bắc Ninh,https://shopee.vn/search?shop=597000742,[LOẠI 1] Combo Lư Xông Trầm Bằng Đồng Kèm Đôn Đúc Nguyên Khối Cao 12cm Chạm Trổ Tinh Xảo Đồ Đồng Đại Bái,469.000 ₫,Đặc sản chất lượng - [LOẠI 1] Combo Lư Xông Trầm Bằng Đồng Kèm Đôn Đúc Nguyên Khối Cao 12cm Chạm Trổ Tinh Xảo Đồ Đồng Đại Bái,https://down-vn.img.susercontent.com/file/cd10b72d6b73eb766fb27ab96f991aa5,https://shopee.vn/-LOẠI-1-Combo-Lư-Xông-Trầm-Bằng-Đồng-Kèm-Đôn-Đúc-Nguyên-Khối-Cao-12cm-Chạm-Trổ-Tinh-Xảo-Đồ-Đồng-Đại-Bái-i.597000742.21443124557?extraParams=%7B%22display_model_id%22%3A212186764035%2C%22model_selection_logic%22%3A3%7D
168,TỔNG KHO ĐỒ ĐỒNG VN,Tỉnh Bắc Ninh,https://shopee.vn/search?shop=597000742,"Cây Cắm Hương Vòng Trụ Cắm Hương Vòng Bằng Đồng Vàng Chữ Phúc, Chữ Công Cao 70cm Giúp Bảo Vệ Gia Đình Ý Nghĩa Phong Thủy",220.000 ₫,"Đặc sản chất lượng - Cây Cắm Hương Vòng Trụ Cắm Hương Vòng Bằng Đồng Vàng Chữ Phúc, Chữ Công Cao 70cm Giúp Bảo Vệ Gia Đình Ý Nghĩa Phong Thủy",https://down-vn.img.susercontent.com/file/vn-11134207-7r98o-m03cpg8flcktee,https://shopee.vn/Cây-Cắm-Hương-Vòng-Trụ-Cắm-Hương-Vòng-Bằng-Đồng-Vàng-Chữ-Phúc-Chữ-Công-Cao-70cm-Giúp-Bảo-Vệ-Gia-Đình-Ý-Nghĩa-Phong-Thủy-i.597000742.20111561045?extraParams=%7B%22display_model_id%22%3A136033524025%2C%22model_selection_logic%22%3A3%7D
169,TỔNG KHO ĐỒ ĐỒNG VN,Tỉnh Bắc Ninh,https://shopee.vn/search?shop=597000742,Mã Đáo Thành Công Tranh Đồng Treo Tường 2m31 x 1m2  Đồng Vàng   Kèm Đèn Led Phong Thủy,4.600.000 ₫,Đặc sản chất lượng - Mã Đáo Thành Công Tranh Đồng Treo Tường 2m31 x 1m2  Đồng Vàng   Kèm Đèn Led Phong Thủy,https://down-vn.img.susercontent.com/file/vn-11134207-7r98o-m07lb2zk070vdf,https://shopee.vn/Mã-Đáo-Thành-Công-Tranh-Đồng-Treo-Tường-2m31-x-1m2-Đồng-Vàng-Kèm-Đèn-Led-Phong-Thủy-i.597000742.19913936642?extraParams=%7B%22display_model_id%22%3A180785813923%2C%22model_selection_logic%22%3A3%7D
170,TỔNG KHO ĐỒ ĐỒNG VN,Tỉnh Bắc Ninh,https://shopee.vn/search?shop=597000742,"Hoành Phi Câu Đối Cuốn Thư 1m55, 1m76 Hun Màu Giả Cổ Bằng Đồng Vàng Cao Cấp Giá Rẻ - Đồ Đồng Đại Bái Freeship",3.899.000 ₫,"Đặc sản chất lượng - Hoành Phi Câu Đối Cuốn Thư 1m55, 1m76 Hun Màu Giả Cổ Bằng Đồng Vàng Cao Cấp Giá Rẻ - Đồ Đồng Đại Bái Freeship",https://down-vn.img.susercontent.com/file/f2d40e8d733ab5c7af586a094355757c,https://shopee.vn/Hoành-Phi-Câu-Đối-Cuốn-Thư-1m55-1m76-Hun-Màu-Giả-Cổ-Bằng-Đồng-Vàng-Cao-Cấp-Giá-Rẻ-Đồ-Đồng-Đại-Bái-Freeship-i.597000742.19838999894?extraParams=%7B%22display_model_id%22%3A164224773869%2C%22model_selection_logic%22%3A3%7D
171,HẢI ÂU SAIGON,Thành phố Hồ Chí Minh,https://shopee.vn/search?shop=147693060,"Thiệp Handmade, Thiệp Giấy Xoắn (Quilling Cards) - Thiệp Sinh Nhật, Tình Yêu, Chúc Mừng - FLOW 15x15cm",78.000 ₫,"Đặc sản chất lượng - Thiệp Handmade, Thiệp Giấy Xoắn (Quilling Cards) - Thiệp Sinh Nhật, Tình Yêu, Chúc Mừng - FLOW 15x15cm",https://down-vn.img.susercontent.com/file/vn-11134207-7r98o-ls140a2cals41c,https://shopee.vn/Thiệp-Handmade-Thiệp-Giấy-Xoắn-(Quilling-Cards)-Thiệp-Sinh-Nhật-Tình-Yêu-Chúc-Mừng-FLOW-15x15cm-i.147693060.21161141842?extraParams=%7B%22display_model_id%22%3A175046158043%2C%22model_selection_logic%22%3A3%7D
172,HẢI ÂU SAIGON,Thành phố Hồ Chí Minh,https://shopee.vn/search?shop=147693060,"Thiệp Handmade, Thiệp Giấy Xoắn (Quilling Cards) - Thiệp Sinh Nhật, Tình Yêu, Chúc Mừng - OTHER 15x15cm",78.000 ₫,"Đặc sản chất lượng - Thiệp Handmade, Thiệp Giấy Xoắn (Quilling Cards) - Thiệp Sinh Nhật, Tình Yêu, Chúc Mừng - OTHER 15x15cm",https://down-vn.img.susercontent.com/file/vn-11134207-7r98o-lrty6ghjdkn8c2,https://shopee.vn/Thiệp-Handmade-Thiệp-Giấy-Xoắn-(Quilling-Cards)-Thiệp-Sinh-Nhật-Tình-Yêu-Chúc-Mừng-OTHER-15x15cm-i.147693060.16089393732?extraParams=%7B%22display_model_id%22%3A221995271714%2C%22model_selection_logic%22%3A3%7D
173,HẢI ÂU SAIGON,Thành phố Hồ Chí Minh,https://shopee.vn/search?shop=147693060,"Thiệp Handmade, Thiệp Giấy Xoắn (Quilling Cards) - Thiệp Sinh Nhật, Tình Yêu, Chúc Mừng - FLOW 15x15cm",78.000 ₫,"Đặc sản chất lượng - Thiệp Handmade, Thiệp Giấy Xoắn (Quilling Cards) - Thiệp Sinh Nhật, Tình Yêu, Chúc Mừng - FLOW 15x15cm",https://down-vn.img.susercontent.com/file/vn-11134207-7r98o-ls12ezp9x7dle8,https://shopee.vn/Thiệp-Handmade-Thiệp-Giấy-Xoắn-(Quilling-Cards)-Thiệp-Sinh-Nhật-Tình-Yêu-Chúc-Mừng-FLOW-15x15cm-i.147693060.8618448284?extraParams=%7B%22display_model_id%22%3A166344964025%2C%22model_selection_logic%22%3A3%7D
174,HẢI ÂU SAIGON,Thành phố Hồ Chí Minh,https://shopee.vn/search?shop=147693060,Thiệp Giấy Xoắn Tết Sum Vầy Size 13x18cm,80.000 ₫,Đặc sản chất lượng - Thiệp Giấy Xoắn Tết Sum Vầy Size 13x18cm,https://down-vn.img.susercontent.com/file/sg-11134201-22120-ctjjwwe4onlv08,https://shopee.vn/Thiệp-Giấy-Xoắn-Tết-Sum-Vầy-Size-13x18cm-i.147693060.22614984348?extraParams=%7B%22display_model_id%22%3A117871701237%2C%22model_selection_logic%22%3A3%7D
175,HẢI ÂU SAIGON,Thành phố Hồ Chí Minh,https://shopee.vn/search?shop=147693060,"Thiệp Handmade, Thiệp Giấy Xoắn (Quilling Cards) - Thiệp Sinh Nhật, Tình Yêu, Chúc Mừng - BIRD 15x15cm",78.000 ₫,"Đặc sản chất lượng - Thiệp Handmade, Thiệp Giấy Xoắn (Quilling Cards) - Thiệp Sinh Nhật, Tình Yêu, Chúc Mừng - BIRD 15x15cm",https://down-vn.img.susercontent.com/file/vn-11134207-7r98o-lr49zotoe5qx33,https://shopee.vn/Thiệp-Handmade-Thiệp-Giấy-Xoắn-(Quilling-Cards)-Thiệp-Sinh-Nhật-Tình-Yêu-Chúc-Mừng-BIRD-15x15cm-i.147693060.21761140111?extraParams=%7B%22display_model_id%22%3A175046105153%2C%22model_selection_logic%22%3A3%7D
176,HẢI ÂU SAIGON,Thành phố Hồ Chí Minh,https://shopee.vn/search?shop=147693060,"Thiệp Handmade, Thiệp Giấy Xoắn (Quilling Cards) - Thiệp Sinh Nhật, Tình Yêu, Chúc Mừng - FLOW 15x15cm",78.000 ₫,"Đặc sản chất lượng - Thiệp Handmade, Thiệp Giấy Xoắn (Quilling Cards) - Thiệp Sinh Nhật, Tình Yêu, Chúc Mừng - FLOW 15x15cm",https://down-vn.img.susercontent.com/file/vn-11134207-7r98o-ls12ezpal31599,https://shopee.vn/Thiệp-Handmade-Thiệp-Giấy-Xoắn-(Quilling-Cards)-Thiệp-Sinh-Nhật-Tình-Yêu-Chúc-Mừng-FLOW-15x15cm-i.147693060.21161122577?extraParams=%7B%22display_model_id%22%3A226066470811%2C%22model_selection_logic%22%3A3%7D
177,HẢI ÂU SAIGON,Thành phố Hồ Chí Minh,https://shopee.vn/search?shop=147693060,"Thiệp Handmade, Thiệp Giấy Xoắn (Quilling Cards) - Thiệp Sinh Nhật, Tình Yêu, Chúc Mừng - FLOW 15x15cm",78.000 ₫,"Đặc sản chất lượng - Thiệp Handmade, Thiệp Giấy Xoắn (Quilling Cards) - Thiệp Sinh Nhật, Tình Yêu, Chúc Mừng - FLOW 15x15cm",https://down-vn.img.susercontent.com/file/vn-11134207-7r98o-ls140a2c7sm116,https://shopee.vn/Thiệp-Handmade-Thiệp-Giấy-Xoắn-(Quilling-Cards)-Thiệp-Sinh-Nhật-Tình-Yêu-Chúc-Mừng-FLOW-15x15cm-i.147693060.20861142321?extraParams=%7B%22display_model_id%22%3A146215538217%2C%22model_selection_logic%22%3A3%7D
178,HẢI ÂU SAIGON,Thành phố Hồ Chí Minh,https://shopee.vn/search?shop=147693060,"Thiệp Handmade, Thiệp Giấy Xoắn (Quilling Cards) - Thiệp Sinh Nhật, Tình Yêu, Chúc Mừng - SEA 15x15cm",78.000 ₫,"Đặc sản chất lượng - Thiệp Handmade, Thiệp Giấy Xoắn (Quilling Cards) - Thiệp Sinh Nhật, Tình Yêu, Chúc Mừng - SEA 15x15cm",https://down-vn.img.susercontent.com/file/vn-11134207-7r98o-lr2xt3epgog41c,https://shopee.vn/Thiệp-Handmade-Thiệp-Giấy-Xoắn-(Quilling-Cards)-Thiệp-Sinh-Nhật-Tình-Yêu-Chúc-Mừng-SEA-15x15cm-i.147693060.20861133408?extraParams=%7B%22display_model_id%22%3A217013281577%2C%22model_selection_logic%22%3A3%7D
179,HẢI ÂU SAIGON,Thành phố Hồ Chí Minh,https://shopee.vn/search?shop=147693060,"Thiệp Handmade, Thiệp Giấy Xoắn (Quilling Cards) - Thiệp Sinh Nhật, Tình Yêu, Chúc Mừng - ANIMAL 15x15cm",78.000 ₫,"Đặc sản chất lượng - Thiệp Handmade, Thiệp Giấy Xoắn (Quilling Cards) - Thiệp Sinh Nhật, Tình Yêu, Chúc Mừng - ANIMAL 15x15cm",https://down-vn.img.susercontent.com/file/vn-11134207-7r98o-lrzki31rdm84f6,https://shopee.vn/Thiệp-Handmade-Thiệp-Giấy-Xoắn-(Quilling-Cards)-Thiệp-Sinh-Nhật-Tình-Yêu-Chúc-Mừng-ANIMAL-15x15cm-i.147693060.20061139388?extraParams=%7B%22display_model_id%22%3A213124041619%2C%22model_selection_logic%22%3A3%7D
180,HẢI ÂU SAIGON,Thành phố Hồ Chí Minh,https://shopee.vn/search?shop=147693060,"Thiệp Handmade, Thiệp Giấy Xoắn (Quilling Cards) - Thiệp Sinh Nhật, Tình Yêu, Chúc Mừng - ANIMAL 15x15cm",78.000 ₫,"Đặc sản chất lượng - Thiệp Handmade, Thiệp Giấy Xoắn (Quilling Cards) - Thiệp Sinh Nhật, Tình Yêu, Chúc Mừng - ANIMAL 15x15cm",https://down-vn.img.susercontent.com/file/vn-11134207-7r98o-lrzjoxgw3lp590,https://shopee.vn/Thiệp-Handmade-Thiệp-Giấy-Xoắn-(Quilling-Cards)-Thiệp-Sinh-Nhật-Tình-Yêu-Chúc-Mừng-ANIMAL-15x15cm-i.147693060.19961123627?extraParams=%7B%22display_model_id%22%3A193123141775%2C%22model_selection_logic%22%3A3%7D
181,Thế Khoa,Thành phố Hồ Chí Minh,https://shopee.vn/search?shop=20586844,Nhân Vật 71050 Người Nhện Lego [chọn mẫu],99.000 ₫,Đặc sản chất lượng - Nhân Vật 71050 Người Nhện Lego [chọn mẫu],https://down-vn.img.susercontent.com/file/vn-11134207-820l4-mio2nc2q6u4g2a,https://shopee.vn/Nhân-Vật-71050-Người-Nhện-Lego-chọn-mẫu--i.20586844.52403644497?extraParams=%7B%22display_model_id%22%3A287296144861%2C%22model_selection_logic%22%3A3%7D
182,Thế Khoa,Thành phố Hồ Chí Minh,https://shopee.vn/search?shop=20586844,Túi Mô Hình Nhỏ Ninjago 2026 Nhiều Loại [chọn mẫu],169.100 ₫,Đặc sản chất lượng - Túi Mô Hình Nhỏ Ninjago 2026 Nhiều Loại [chọn mẫu],https://down-vn.img.susercontent.com/file/vn-11134207-81ztc-mo16s7obtx5206,https://shopee.vn/Túi-Mô-Hình-Nhỏ-Ninjago-2026-Nhiều-Loại-chọn-mẫu--i.20586844.40480738209?extraParams=%7B%22display_model_id%22%3A310899119286%2C%22model_selection_logic%22%3A3%7D
183,Thế Khoa,Thành phố Hồ Chí Minh,https://shopee.vn/search?shop=20586844,[chọn mẫu] Nhân Vật 71052 Nhỏ Seri 29 [Newseal],138.000 ₫,Đặc sản chất lượng - [chọn mẫu] Nhân Vật 71052 Nhỏ Seri 29 [Newseal],https://down-vn.img.susercontent.com/file/vn-11134207-81ztc-mo4xf52t1zpg97,https://shopee.vn/-chọn-mẫu-Nhân-Vật-71052-Nhỏ-Seri-29-Newseal--i.20586844.50660342691?extraParams=%7B%22display_model_id%22%3A435908233970%2C%22model_selection_logic%22%3A3%7D
184,Thế Khoa,Thành phố Hồ Chí Minh,https://shopee.vn/search?shop=20586844,[chọn mẫu] Mô Hình Nhỏ Chủ Đề BAM Nhiều Mẫu,62.000 ₫,Đặc sản chất lượng - [chọn mẫu] Mô Hình Nhỏ Chủ Đề BAM Nhiều Mẫu,https://down-vn.img.susercontent.com/file/vn-11134207-820l4-mj59k28tvmdd50,https://shopee.vn/-chọn-mẫu-Mô-Hình-Nhỏ-Chủ-Đề-BAM-Nhiều-Mẫu-i.20586844.57054181337?extraParams=%7B%22display_model_id%22%3A335467841623%2C%22model_selection_logic%22%3A3%7D
185,Thế Khoa,Thành phố Hồ Chí Minh,https://shopee.vn/search?shop=20586844,[Chọn Mẫu ] Mô Hình Con Vật Nhỏ Các Loại [thekhoa],48.000 ₫,Đặc sản chất lượng - [Chọn Mẫu ] Mô Hình Con Vật Nhỏ Các Loại [thekhoa],https://down-vn.img.susercontent.com/file/vn-11134207-81ztc-mma8iplet1qa72,https://shopee.vn/-Chọn-Mẫu-Mô-Hình-Con-Vật-Nhỏ-Các-Loại-thekhoa--i.20586844.49357759916?extraParams=%7B%22display_model_id%22%3A370993684450%2C%22model_selection_logic%22%3A3%7D
186,Thế Khoa,Thành phố Hồ Chí Minh,https://shopee.vn/search?shop=20586844,Nhân Vật 71048 Series 27 Chính Hãng [Được chọn mẫu],122.000 ₫,Đặc sản chất lượng - Nhân Vật 71048 Series 27 Chính Hãng [Được chọn mẫu],https://down-vn.img.susercontent.com/file/vn-11134207-7ra0g-m80ay24ub7t061,https://shopee.vn/Nhân-Vật-71048-Series-27-Chính-Hãng-Được-chọn-mẫu--i.20586844.28531447899?extraParams=%7B%22display_model_id%22%3A118639077575%2C%22model_selection_logic%22%3A3%7D
187,Thế Khoa,Thành phố Hồ Chí Minh,https://shopee.vn/search?shop=20586844,[chọn mẫu] Nhân Vật 71051 Nhỏ Seri 28,135.000 ₫,Đặc sản chất lượng - [chọn mẫu] Nhân Vật 71051 Nhỏ Seri 28,https://down-vn.img.susercontent.com/file/vn-11134207-820l4-mj0zvabxw3r493,https://shopee.vn/-chọn-mẫu-Nhân-Vật-71051-Nhỏ-Seri-28-i.20586844.53104086252?extraParams=%7B%22display_model_id%22%3A310389231246%2C%22model_selection_logic%22%3A3%7D
188,Thế Khoa,Thành phố Hồ Chí Minh,https://shopee.vn/search?shop=20586844,Minifigures 71046 Nhân vật Lego series 26 [Được chọn mẫu],118.000 ₫,Đặc sản chất lượng - Minifigures 71046 Nhân vật Lego series 26 [Được chọn mẫu],https://down-vn.img.susercontent.com/file/vn-11134207-7r98o-lypyw6pl4sb10b,https://shopee.vn/Minifigures-71046-Nhân-vật-Lego-series-26-Được-chọn-mẫu--i.20586844.28357433549?extraParams=%7B%22display_model_id%22%3A185297783421%2C%22model_selection_logic%22%3A3%7D
189,Thế Khoa,Thành phố Hồ Chí Minh,https://shopee.vn/search?shop=20586844,[Chọn Mẫu] Nhân Vật Nhỏ 71045 seri 25,109.000 ₫,Đặc sản chất lượng - [Chọn Mẫu] Nhân Vật Nhỏ 71045 seri 25,https://down-vn.img.susercontent.com/file/vn-11134207-820l4-mjnz8ncyg6pz2a,https://shopee.vn/-Chọn-Mẫu-Nhân-Vật-Nhỏ-71045-seri-25-i.20586844.51954915163?extraParams=%7B%22display_model_id%22%3A325914404023%2C%22model_selection_logic%22%3A3%7D
190,Thế Khoa,Thành phố Hồ Chí Minh,https://shopee.vn/search?shop=20586844,Túi Mô Hình 30443 Nhỏ Chủ Đề Marval DC 30653 Các Loại [chọn mẫu],198.000 ₫,Đặc sản chất lượng - Túi Mô Hình 30443 Nhỏ Chủ Đề Marval DC 30653 Các Loại [chọn mẫu],https://down-vn.img.susercontent.com/file/vn-11134207-81ztc-moxp3o71arr648,https://shopee.vn/Túi-Mô-Hình-30443-Nhỏ-Chủ-Đề-Marval-DC-30653-Các-Loại-chọn-mẫu--i.20586844.46104872093?extraParams=%7B%22display_model_id%22%3A415448282393%2C%22model_selection_logic%22%3A3%7D
191,Xưởng mây tre Hà Nội,Thành phố Hà Nội,https://shopee.vn/search?shop=445407593,( Giá rẻ nhất) Quạt vải Huế lụa cầm tay loại 28cm [ Hàng loại 1 chống mọt ] vẽ phong cảnh quà tặng lưu niệm đặc sắc,25.000 ₫,Đặc sản chất lượng - ( Giá rẻ nhất) Quạt vải Huế lụa cầm tay loại 28cm [ Hàng loại 1 chống mọt ] vẽ phong cảnh quà tặng lưu niệm đặc sắc,https://down-vn.img.susercontent.com/file/vn-11134207-7ras8-m0o5j52478bxa6,https://shopee.vn/(-Giá-rẻ-nhất)-Quạt-vải-Huế-lụa-cầm-tay-loại-28cm-Hàng-loại-1-chống-mọt-vẽ-phong-cảnh-quà-tặng-lưu-niệm-đặc-sắc-i.445407593.23075448639?extraParams=%7B%22display_model_id%22%3A221866267377%2C%22model_selection_logic%22%3A3%7D
192,Xưởng mây tre Hà Nội,Thành phố Hà Nội,https://shopee.vn/search?shop=445407593,(Giá rẻ nhất) Lót ly sứ đan viền mây thủ công Nhiều Hoạ Tiết đường kinh 10cm Loại Đẹp - Quà tặng lưu niệm bạn bè quóc tế,15.000 ₫,Đặc sản chất lượng - (Giá rẻ nhất) Lót ly sứ đan viền mây thủ công Nhiều Hoạ Tiết đường kinh 10cm Loại Đẹp - Quà tặng lưu niệm bạn bè quóc tế,https://down-vn.img.susercontent.com/file/vn-11134207-7ras8-m0psi5w1uzu556,https://shopee.vn/(Giá-rẻ-nhất)-Lót-ly-sứ-đan-viền-mây-thủ-công-Nhiều-Hoạ-Tiết-đường-kinh-10cm-Loại-Đẹp-Quà-tặng-lưu-niệm-bạn-bè-quóc-tế-i.445407593.20477535096?extraParams=%7B%22display_model_id%22%3A204784010146%2C%22model_selection_logic%22%3A3%7D
193,Xưởng mây tre Hà Nội,Thành phố Hà Nội,https://shopee.vn/search?shop=445407593,Nón lá mini trang trí (đường kính 7.5cm/9.5cm/12cm/14.5cm/17.5cm),10.000 ₫,Đặc sản chất lượng - Nón lá mini trang trí (đường kính 7.5cm/9.5cm/12cm/14.5cm/17.5cm),https://down-vn.img.susercontent.com/file/vn-11134207-7ras8-m0pook5l1wgf64,https://shopee.vn/Nón-lá-mini-trang-trí-(đường-kính-7.5cm-9.5cm-12cm-14.5cm-17.5cm)-i.445407593.20280299917?extraParams=%7B%22display_model_id%22%3A148226059038%2C%22model_selection_logic%22%3A3%7D
194,Xưởng mây tre Hà Nội,Thành phố Hà Nội,https://shopee.vn/search?shop=445407593,"Nón lá cho bé, nón lá người lớn cỡ nhỡ, nón lá múa hát cho trẻ em, nón trang trí cỡ nhỡ",70.000 ₫,"Đặc sản chất lượng - Nón lá cho bé, nón lá người lớn cỡ nhỡ, nón lá múa hát cho trẻ em, nón trang trí cỡ nhỡ",https://down-vn.img.susercontent.com/file/vn-11134207-7ras8-m0s5qlsvawsva0,https://shopee.vn/Nón-lá-cho-bé-nón-lá-người-lớn-cỡ-nhỡ-nón-lá-múa-hát-cho-trẻ-em-nón-trang-trí-cỡ-nhỡ-i.445407593.14212639993?extraParams=%7B%22display_model_id%22%3A256694294039%2C%22model_selection_logic%22%3A3%7D
195,Xưởng mây tre Hà Nội,Thành phố Hà Nội,https://shopee.vn/search?shop=445407593,"(Xưởng sx) Ghế mây sò cà phê giá rẻ phù hợp ban công, homestay, quán cafe, decor trang trí kích thước nhỏ gọn chắc chắn",120.000 ₫,"Đặc sản chất lượng - (Xưởng sx) Ghế mây sò cà phê giá rẻ phù hợp ban công, homestay, quán cafe, decor trang trí kích thước nhỏ gọn chắc chắn",https://down-vn.img.susercontent.com/file/vn-11134207-7ras8-m0mqn2majbal15,https://shopee.vn/(Xưởng-sx)-Ghế-mây-sò-cà-phê-giá-rẻ-phù-hợp-ban-công-homestay-quán-cafe-decor-trang-trí-kích-thước-nhỏ-gọn-chắc-chắn-i.445407593.10558532324?extraParams=%7B%22display_model_id%22%3A156633330062%2C%22model_selection_logic%22%3A3%7D
196,Xưởng mây tre Hà Nội,Thành phố Hà Nội,https://shopee.vn/search?shop=445407593,"(Giá rẻ nhất) Bàn gỗ me tây nguyên tấm, Bàn Cafe vỉa hè",480.000 ₫,"Đặc sản chất lượng - (Giá rẻ nhất) Bàn gỗ me tây nguyên tấm, Bàn Cafe vỉa hè",https://down-vn.img.susercontent.com/file/vn-11134207-7ras8-m0r5eyq1z94d62,https://shopee.vn/(Giá-rẻ-nhất)-Bàn-gỗ-me-tây-nguyên-tấm-Bàn-Cafe-vỉa-hè-i.445407593.11259402947?extraParams=%7B%22display_model_id%22%3A47555021251%2C%22model_selection_logic%22%3A3%7D
197,Xưởng mây tre Hà Nội,Thành phố Hà Nội,https://shopee.vn/search?shop=445407593,(Xưởng sx) Nón lá làng chuông loại đẹp tặng kèm quai nón,210.000 ₫,Đặc sản chất lượng - (Xưởng sx) Nón lá làng chuông loại đẹp tặng kèm quai nón,https://down-vn.img.susercontent.com/file/vn-11134207-7ras8-m0qzdsywbdzj48,https://shopee.vn/(Xưởng-sx)-Nón-lá-làng-chuông-loại-đẹp-tặng-kèm-quai-nón-i.445407593.22347935065?extraParams=%7B%22display_model_id%22%3A214423355919%2C%22model_selection_logic%22%3A3%7D
198,Xưởng mây tre Hà Nội,Thành phố Hà Nội,https://shopee.vn/search?shop=445407593,"(Giá rẻ nhất) Trang trí, tranh mẹt Đông Hồ tranh mẹt vẽ tay",110.000 ₫,"Đặc sản chất lượng - (Giá rẻ nhất) Trang trí, tranh mẹt Đông Hồ tranh mẹt vẽ tay",https://down-vn.img.susercontent.com/file/vn-11134207-7ras8-m0o6txz6iyz3af,https://shopee.vn/(Giá-rẻ-nhất)-Trang-trí-tranh-mẹt-Đông-Hồ-tranh-mẹt-vẽ-tay-i.445407593.14505001919?extraParams=%7B%22display_model_id%22%3A150230013714%2C%22model_selection_logic%22%3A3%7D
199,Xưởng mây tre Hà Nội,Thành phố Hà Nội,https://shopee.vn/search?shop=445407593,"(Hoả tốc ) Nón lá chụp ảnh áo dài, nón trang trí đường kính 40cm",250.000 ₫,"Đặc sản chất lượng - (Hoả tốc ) Nón lá chụp ảnh áo dài, nón trang trí đường kính 40cm",https://down-vn.img.susercontent.com/file/vn-11134207-7ras8-m0o53rx1nlkdfb,https://shopee.vn/(Hoả-tốc-)-Nón-lá-chụp-ảnh-áo-dài-nón-trang-trí-đường-kính-40cm-i.445407593.13626435316?extraParams=%7B%22display_model_id%22%3A131182795734%2C%22model_selection_logic%22%3A3%7D
200,Xưởng mây tre Hà Nội,Thành phố Hà Nội,https://shopee.vn/search?shop=445407593,(Giá rẻ nhất) Đèn mây tre nơm cá - Hàng xuất khẩu,50.000 ₫,Đặc sản chất lượng - (Giá rẻ nhất) Đèn mây tre nơm cá - Hàng xuất khẩu,https://down-vn.img.susercontent.com/file/vn-11134207-7ras8-m0o5pr8vn3sd2e,https://shopee.vn/(Giá-rẻ-nhất)-Đèn-mây-tre-nơm-cá-Hàng-xuất-khẩu-i.445407593.13441041480?extraParams=%7B%22display_model_id%22%3A108039292445%2C%22model_selection_logic%22%3A3%7D
201,Cửa hàng đẹp của Wangyu,Overseas,https://shopee.vn/search?shop=1258438434,Hàng sẵn có Cypress Leaf Herbal Hair-Fixing Xà phòng thực vật Xà phòng dưỡng tóc Làm sạch rửa mặt Xà phòng rửa mặt tinh dầu thủ công nguyên chất Xà phòng dầu gội Xà phòng chăm sóc tóc,67.540 ₫,Đặc sản chất lượng - Hàng sẵn có Cypress Leaf Herbal Hair-Fixing Xà phòng thực vật Xà phòng dưỡng tóc Làm sạch rửa mặt Xà phòng rửa mặt tinh dầu thủ công nguyên chất Xà phòng dầu gội Xà phòng chăm sóc tóc,https://down-vn.img.susercontent.com/file/cn-11134207-7ras8-mdc45qfbrj3d86,https://shopee.vn/Hàng-sẵn-có-Cypress-Leaf-Herbal-Hair-Fixing-Xà-phòng-thực-vật-Xà-phòng-dưỡng-tóc-Làm-sạch-rửa-mặt-Xà-phòng-rửa-mặt-tinh-dầu-thủ-công-nguyên-chất-Xà-phòng-dầu-gội-Xà-phòng-chăm-sóc-tóc-i.1258438434.43259359771?extraParams=%7B%22display_model_id%22%3A355252923888%2C%22model_selection_logic%22%3A3%7D
202,Cửa hàng đẹp của Wangyu,Overseas,https://shopee.vn/search?shop=1258438434,Hộp ngải cứu bằng tre một lỗ mới,76.542 ₫,Đặc sản chất lượng - Hộp ngải cứu bằng tre một lỗ mới,https://down-vn.img.susercontent.com/file/cn-11134207-820l4-mlmaqc8iiqdrc8,https://shopee.vn/Hộp-ngải-cứu-bằng-tre-một-lỗ-mới-i.1258438434.26317423896?extraParams=%7B%22display_model_id%22%3A217970844589%2C%22model_selection_logic%22%3A3%7D
203,Cửa hàng đẹp của Wangyu,Overseas,https://shopee.vn/search?shop=1258438434,"Có hàng, dụng cụ gãi ngứa không cần trợ giúp, dụng cụ gãi lưng cho người cao tuổi, dụng cụ gãi ngứa, dụng cụ gãi lưng có thể mở rộng, thanh đôi bằng thép không gỉ chống xoắn",75.100 ₫,"Đặc sản chất lượng - Có hàng, dụng cụ gãi ngứa không cần trợ giúp, dụng cụ gãi lưng cho người cao tuổi, dụng cụ gãi ngứa, dụng cụ gãi lưng có thể mở rộng, thanh đôi bằng thép không gỉ chống xoắn",https://down-vn.img.susercontent.com/file/sg-11134201-7rd6o-m6ql5d3mtswr43,https://shopee.vn/Có-hàng-dụng-cụ-gãi-ngứa-không-cần-trợ-giúp-dụng-cụ-gãi-lưng-cho-người-cao-tuổi-dụng-cụ-gãi-ngứa-dụng-cụ-gãi-lưng-có-thể-mở-rộng-thanh-đôi-bằng-thép-không-gỉ-chống-xoắn-i.1258438434.27627731495?extraParams=%7B%22display_model_id%22%3A237433174646%2C%22model_selection_logic%22%3A3%7D
204,Cửa hàng đẹp của Wangyu,Overseas,https://shopee.vn/search?shop=1258438434,Hàng sẵn có 2026 Phong cách mới Bianstone Moxibustion Dụng cụ cầm tay Làm đẹp nhỏ Moxibustion Dụng cụ làm đẹp mặt Tinh dầu Dụng cụ nhập khẩu Máy mát xa điện mặt Dụng cụ làm đẹp Dụng cụ cạo Gửi Fe,362.387 ₫,Đặc sản chất lượng - Hàng sẵn có 2026 Phong cách mới Bianstone Moxibustion Dụng cụ cầm tay Làm đẹp nhỏ Moxibustion Dụng cụ làm đẹp mặt Tinh dầu Dụng cụ nhập khẩu Máy mát xa điện mặt Dụng cụ làm đẹp Dụng cụ cạo Gửi Fe,https://down-vn.img.susercontent.com/file/sg-11134201-82267-mhfz6dcwqih3fd,https://shopee.vn/Hàng-sẵn-có-2026-Phong-cách-mới-Bianstone-Moxibustion-Dụng-cụ-cầm-tay-Làm-đẹp-nhỏ-Moxibustion-Dụng-cụ-làm-đẹp-mặt-Tinh-dầu-Dụng-cụ-nhập-khẩu-Máy-mát-xa-điện-mặt-Dụng-cụ-làm-đẹp-Dụng-cụ-cạo-Gửi-Fe-i.1258438434.44752038693?extraParams=%7B%22display_model_id%22%3A325197190769%2C%22model_selection_logic%22%3A3%7D
205,Cửa hàng đẹp của Wangyu,Overseas,https://shopee.vn/search?shop=1258438434,"Có sẵn hộp đồng dày cho moxibustion sử dụng tại nhà, hộp que moxibustion đồng điều chỉnh nhiệt độ, hộp moxibustion di động bán buôn",32.712 ₫,"Đặc sản chất lượng - Có sẵn hộp đồng dày cho moxibustion sử dụng tại nhà, hộp que moxibustion đồng điều chỉnh nhiệt độ, hộp moxibustion di động bán buôn",https://down-vn.img.susercontent.com/file/sg-11134201-7ren9-m8vewpffviqqbd,https://shopee.vn/Có-sẵn-hộp-đồng-dày-cho-moxibustion-sử-dụng-tại-nhà-hộp-que-moxibustion-đồng-điều-chỉnh-nhiệt-độ-hộp-moxibustion-di-động-bán-buôn-i.1258438434.28234388383?extraParams=%7B%22display_model_id%22%3A216020660380%2C%22model_selection_logic%22%3A3%7D
206,Cửa hàng đẹp của Wangyu,Overseas,https://shopee.vn/search?shop=1258438434,Tre Tự Nhiên Moxibustion Hộp Toàn Thân Treo Đa Năng Moxibustion Hộp Di Động Moxibustion Hộ Gia Đình Tự Động Đẩy Một Lỗ Porous Moxibustion Box W,58.454 ₫,Đặc sản chất lượng - Tre Tự Nhiên Moxibustion Hộp Toàn Thân Treo Đa Năng Moxibustion Hộp Di Động Moxibustion Hộ Gia Đình Tự Động Đẩy Một Lỗ Porous Moxibustion Box W,https://down-vn.img.susercontent.com/file/sg-11134201-7ra3a-m4u37kfw38k735,https://shopee.vn/Tre-Tự-Nhiên-Moxibustion-Hộp-Toàn-Thân-Treo-Đa-Năng-Moxibustion-Hộp-Di-Động-Moxibustion-Hộ-Gia-Đình-Tự-Động-Đẩy-Một-Lỗ-Porous-Moxibustion-Box-W-i.1258438434.24990355254?extraParams=%7B%22display_model_id%22%3A233693014257%2C%22model_selection_logic%22%3A3%7D
207,Cửa hàng đẹp của Wangyu,Overseas,https://shopee.vn/search?shop=1258438434,Hàng sẵn có Quà lưu niệm tinh tế Búa ngải cứu Quà tặng cho bạn bè Quà tặng cho người cao tuổi Búa sức khỏe Kinh tuyến Búa Massage gõ Quà tặng cao cấp Satin ngải cứu gia đình,55.056 ₫,Đặc sản chất lượng - Hàng sẵn có Quà lưu niệm tinh tế Búa ngải cứu Quà tặng cho bạn bè Quà tặng cho người cao tuổi Búa sức khỏe Kinh tuyến Búa Massage gõ Quà tặng cao cấp Satin ngải cứu gia đình,https://down-vn.img.susercontent.com/file/cn-11134207-820l4-mlhu0d6y5kaq15,https://shopee.vn/Hàng-sẵn-có-Quà-lưu-niệm-tinh-tế-Búa-ngải-cứu-Quà-tặng-cho-bạn-bè-Quà-tặng-cho-người-cao-tuổi-Búa-sức-khỏe-Kinh-tuyến-Búa-Massage-gõ-Quà-tặng-cao-cấp-Satin-ngải-cứu-gia-đình-i.1258438434.27079974054?extraParams=%7B%22display_model_id%22%3A340615675627%2C%22model_selection_logic%22%3A3%7D
208,Cửa hàng đẹp của Wangyu,Overseas,https://shopee.vn/search?shop=1258438434,"Ống ngải cứu siêu nhỏ, dụng cụ ngải cứu điện tử, ống treo nhỏ, hộp ngải cứu cầm tay, Hộp dây buộc chuyên dụng",16.804 ₫,"Đặc sản chất lượng - Ống ngải cứu siêu nhỏ, dụng cụ ngải cứu điện tử, ống treo nhỏ, hộp ngải cứu cầm tay, Hộp dây buộc chuyên dụng",https://down-vn.img.susercontent.com/file/cn-11134207-820l4-mlo9saetbim87e,https://shopee.vn/Ống-ngải-cứu-siêu-nhỏ-dụng-cụ-ngải-cứu-điện-tử-ống-treo-nhỏ-hộp-ngải-cứu-cầm-tay-Hộp-dây-buộc-chuyên-dụng-i.1258438434.26259963635?extraParams=%7B%22display_model_id%22%3A345757493391%2C%22model_selection_logic%22%3A3%7D
209,Cửa hàng đẹp của Wangyu,Overseas,https://shopee.vn/search?shop=1258438434,Hàng sẵn có Hộp quà Massage Lược trang điểm Gương mang theo Hộp quà lưu niệm Massage Lược gỗ Lược sừng Quà tặng cho phụ nữ Quà tặng cho bạn gái Quà tặng cho mẹ Lược massage gỗ đàn hương Quà tặng sinh nhật Quà tặng ngày lễ Souven,134.407 ₫,Đặc sản chất lượng - Hàng sẵn có Hộp quà Massage Lược trang điểm Gương mang theo Hộp quà lưu niệm Massage Lược gỗ Lược sừng Quà tặng cho phụ nữ Quà tặng cho bạn gái Quà tặng cho mẹ Lược massage gỗ đàn hương Quà tặng sinh nhật Quà tặng ngày lễ Souven,https://down-vn.img.susercontent.com/file/cn-11134207-7ras8-mdfnuuny26isf2,https://shopee.vn/Hàng-sẵn-có-Hộp-quà-Massage-Lược-trang-điểm-Gương-mang-theo-Hộp-quà-lưu-niệm-Massage-Lược-gỗ-Lược-sừng-Quà-tặng-cho-phụ-nữ-Quà-tặng-cho-bạn-gái-Quà-tặng-cho-mẹ-Lược-massage-gỗ-đàn-hương-Quà-tặng-sinh-nhật-Quà-tặng-ngày-lễ-Souven-i.1258438434.27928413305?extraParams=%7B%22display_model_id%22%3A247795963409%2C%22model_selection_logic%22%3A3%7D
210,Cửa hàng đẹp của Wangyu,Overseas,https://shopee.vn/search?shop=1258438434,"Có sẵn lọ moxibustion hoa đào cho vẻ đẹp da mặt, lọ gốm tím di động, sử dụng tại nhà, lọ rồng lửa cho thẩm mỹ viện",37.312 ₫,"Đặc sản chất lượng - Có sẵn lọ moxibustion hoa đào cho vẻ đẹp da mặt, lọ gốm tím di động, sử dụng tại nhà, lọ rồng lửa cho thẩm mỹ viện",https://down-vn.img.susercontent.com/file/sg-11134201-7rffn-m9qzsqv9m9uk5e,https://shopee.vn/Có-sẵn-lọ-moxibustion-hoa-đào-cho-vẻ-đẹp-da-mặt-lọ-gốm-tím-di-động-sử-dụng-tại-nhà-lọ-rồng-lửa-cho-thẩm-mỹ-viện-i.1258438434.41800831718?extraParams=%7B%22display_model_id%22%3A280066296898%2C%22model_selection_logic%22%3A3%7D
211,CỬA HÀNG MAI HƯƠNG,Tỉnh Phú Thọ,https://shopee.vn/search?shop=901909,Bút bi mực gel tẩy xóa được đặc biệt thông minh hộp 12 cây,35.000 ₫,Đặc sản chất lượng - Bút bi mực gel tẩy xóa được đặc biệt thông minh hộp 12 cây,https://down-vn.img.susercontent.com/file/vn-11134207-7ras8-md8i13xjiywv97,https://shopee.vn/Bút-bi-mực-gel-tẩy-xóa-được-đặc-biệt-thông-minh-hộp-12-cây-i.901909.320817798?extraParams=%7B%22display_model_id%22%3A193834304982%2C%22model_selection_logic%22%3A3%7D
212,CỬA HÀNG MAI HƯƠNG,Tỉnh Phú Thọ,https://shopee.vn/search?shop=901909,"10 bộ Áo mưa bộ, Áo mưa phượt người lớn loại rẻ không cúc",36.999 ₫,"Đặc sản chất lượng - 10 bộ Áo mưa bộ, Áo mưa phượt người lớn loại rẻ không cúc",https://down-vn.img.susercontent.com/file/vn-11134207-7r98o-lzt2uvpgwzt9c2,https://shopee.vn/10-bộ-Áo-mưa-bộ-Áo-mưa-phượt-người-lớn-loại-rẻ-không-cúc-i.901909.649539793?extraParams=%7B%22display_model_id%22%3A300514551635%2C%22model_selection_logic%22%3A3%7D
213,CỬA HÀNG MAI HƯƠNG,Tỉnh Phú Thọ,https://shopee.vn/search?shop=901909,hộp đựng bút 3D hoạ tiết dễ thương,24.998 ₫,Đặc sản chất lượng - hộp đựng bút 3D hoạ tiết dễ thương,https://down-vn.img.susercontent.com/file/vn-11134207-7ra0g-m7a78tulnl9yac,https://shopee.vn/hộp-đựng-bút-3D-hoạ-tiết-dễ-thương-i.901909.18935942631?extraParams=%7B%22display_model_id%22%3A191841739211%2C%22model_selection_logic%22%3A3%7D
214,CỬA HÀNG MAI HƯƠNG,Tỉnh Phú Thọ,https://shopee.vn/search?shop=901909,Set 20 Ruột Bút Gel Xoá Được Thần Kỳ Tiện Lợi,35.000 ₫,Đặc sản chất lượng - Set 20 Ruột Bút Gel Xoá Được Thần Kỳ Tiện Lợi,https://down-vn.img.susercontent.com/file/vn-11134207-81ztc-mpdb5qkjbsi5b5,https://shopee.vn/Set-20-Ruột-Bút-Gel-Xoá-Được-Thần-Kỳ-Tiện-Lợi-i.901909.1072369096?extraParams=%7B%22display_model_id%22%3A1252548300%2C%22model_selection_logic%22%3A3%7D
215,CỬA HÀNG MAI HƯƠNG,Tỉnh Phú Thọ,https://shopee.vn/search?shop=901909,Lố 10 đôi tất nam người lớn,59.000 ₫,Đặc sản chất lượng - Lố 10 đôi tất nam người lớn,https://down-vn.img.susercontent.com/file/vn-11134207-7r98o-lzt431ncb4bl09,https://shopee.vn/Lố-10-đôi-tất-nam-người-lớn-i.901909.84558277?extraParams=%7B%22display_model_id%22%3A156489691092%2C%22model_selection_logic%22%3A3%7D
216,CỬA HÀNG MAI HƯƠNG,Tỉnh Phú Thọ,https://shopee.vn/search?shop=901909,Khăn Tắm Xuất Nhật Khổ Lớn Siêu Mềm Mại Họa Tiết In Chìm 140x70cm (Nhiều Màu),29.000 ₫,Đặc sản chất lượng - Khăn Tắm Xuất Nhật Khổ Lớn Siêu Mềm Mại Họa Tiết In Chìm 140x70cm (Nhiều Màu),https://down-vn.img.susercontent.com/file/vn-11134207-7r98o-lzvpwhe9aa3lec,https://shopee.vn/Khăn-Tắm-Xuất-Nhật-Khổ-Lớn-Siêu-Mềm-Mại-Họa-Tiết-In-Chìm-140x70cm-(Nhiều-Màu)-i.901909.7373094656?extraParams=%7B%22display_model_id%22%3A221430819801%2C%22model_selection_logic%22%3A3%7D
217,CỬA HÀNG MAI HƯƠNG,Tỉnh Phú Thọ,https://shopee.vn/search?shop=901909,sét 6 bút nhớ dòng.bút đánh dấu.bút highligher hình que kem,19.999 ₫,Đặc sản chất lượng - sét 6 bút nhớ dòng.bút đánh dấu.bút highligher hình que kem,https://down-vn.img.susercontent.com/file/vn-11134207-7qukw-lgglgtj1k83b9d,https://shopee.vn/sét-6-bút-nhớ-dòng.bút-đánh-dấu.bút-highligher-hình-que-kem-i.901909.19274738506?extraParams=%7B%22display_model_id%22%3A248494016486%2C%22model_selection_logic%22%3A3%7D
218,CỬA HÀNG MAI HƯƠNG,Tỉnh Phú Thọ,https://shopee.vn/search?shop=901909,Set 60 Cái Nhãn Vở Có Keo Dán Sẵn,14.400 ₫,Đặc sản chất lượng - Set 60 Cái Nhãn Vở Có Keo Dán Sẵn,https://down-vn.img.susercontent.com/file/6ce77b1e6bd8562bb12e5e93fcfcad9f,https://shopee.vn/Set-60-Cái-Nhãn-Vở-Có-Keo-Dán-Sẵn-i.901909.434512573?extraParams=%7B%22display_model_id%22%3A167220843123%2C%22model_selection_logic%22%3A3%7D
219,CỬA HÀNG MAI HƯƠNG,Tỉnh Phú Thọ,https://shopee.vn/search?shop=901909,hộp 48 bút smart b13 nét 1.0 viết êm.đậm nét,79.000 ₫,Đặc sản chất lượng - hộp 48 bút smart b13 nét 1.0 viết êm.đậm nét,https://down-vn.img.susercontent.com/file/vn-11134207-7r98o-lzuk4hrhxnbhe7,https://shopee.vn/hộp-48-bút-smart-b13-nét-1.0-viết-êm.đậm-nét-i.901909.17612495058?extraParams=%7B%22display_model_id%22%3A38409658578%2C%22model_selection_logic%22%3A3%7D
220,CỬA HÀNG MAI HƯƠNG,Tỉnh Phú Thọ,https://shopee.vn/search?shop=901909,hộp 12 bút chữ A khắc tên theo yêu cầu,119.000 ₫,Đặc sản chất lượng - hộp 12 bút chữ A khắc tên theo yêu cầu,https://down-vn.img.susercontent.com/file/vn-11134207-7ras8-m1nlghl63t5fe5,https://shopee.vn/hộp-12-bút-chữ-A-khắc-tên-theo-yêu-cầu-i.901909.74012441?extraParams=%7B%22display_model_id%22%3A166745444129%2C%22model_selection_logic%22%3A3%7D
221,Hồng Chính Souvenir,Tỉnh Ninh Bình,https://shopee.vn/search?shop=1480056962,Nam châm hít tủ lạnh Việt Nam chất liệu gỗ - Vietnam Wooden Magnets,19.500 ₫,Đặc sản chất lượng - Nam châm hít tủ lạnh Việt Nam chất liệu gỗ - Vietnam Wooden Magnets,https://down-vn.img.susercontent.com/file/vn-11134207-7ras8-mcli9aiar6ak61,https://shopee.vn/Nam-châm-hít-tủ-lạnh-Việt-Nam-chất-liệu-gỗ-Vietnam-Wooden-Magnets-i.1480056962.28328736993?extraParams=%7B%22display_model_id%22%3A330641377201%2C%22model_selection_logic%22%3A3%7D
222,Hồng Chính Souvenir,Tỉnh Ninh Bình,https://shopee.vn/search?shop=1480056962,Nam châm Hít tủ lạnh 3D món ăn Việt Nam hàng thủ công - Vietnam handmade magnets,35.000 ₫,Đặc sản chất lượng - Nam châm Hít tủ lạnh 3D món ăn Việt Nam hàng thủ công - Vietnam handmade magnets,https://down-vn.img.susercontent.com/file/vn-11134207-7ras8-mcu25evf28nw0e,https://shopee.vn/Nam-châm-Hít-tủ-lạnh-3D-món-ăn-Việt-Nam-hàng-thủ-công-Vietnam-handmade-magnets-i.1480056962.43860971731?extraParams=%7B%22display_model_id%22%3A282631376609%2C%22model_selection_logic%22%3A3%7D
223,Hồng Chính Souvenir,Tỉnh Ninh Bình,https://shopee.vn/search?shop=1480056962,Móc khóa lưu niệm Món ăn Việt Nam 3D nặn tay thủ công - Vietnam Handmade 3D Food Keychains,35.000 ₫,Đặc sản chất lượng - Móc khóa lưu niệm Món ăn Việt Nam 3D nặn tay thủ công - Vietnam Handmade 3D Food Keychains,https://down-vn.img.susercontent.com/file/vn-11134207-7ras8-mcyr4xbdnhwcb9,https://shopee.vn/Móc-khóa-lưu-niệm-Món-ăn-Việt-Nam-3D-nặn-tay-thủ-công-Vietnam-Handmade-3D-Food-Keychains-i.1480056962.41061376012?extraParams=%7B%22display_model_id%22%3A277631375452%2C%22model_selection_logic%22%3A3%7D
224,Hồng Chính Souvenir,Tỉnh Ninh Bình,https://shopee.vn/search?shop=1480056962,Móc khóa lưu niệm Việt Nam - Móc khóa Gỗ làm Quà tặng lưu niệm - 99 mẫu - Vietnam Wooden Keychains,13.750 ₫,Đặc sản chất lượng - Móc khóa lưu niệm Việt Nam - Móc khóa Gỗ làm Quà tặng lưu niệm - 99 mẫu - Vietnam Wooden Keychains,https://down-vn.img.susercontent.com/file/vn-11134207-7ras8-mcww6nowhpcsbe,https://shopee.vn/Móc-khóa-lưu-niệm-Việt-Nam-Móc-khóa-Gỗ-làm-Quà-tặng-lưu-niệm-99-mẫu-Vietnam-Wooden-Keychains-i.1480056962.29983474871?extraParams=%7B%22display_model_id%22%3A188426805715%2C%22model_selection_logic%22%3A3%7D
225,Hồng Chính Souvenir,Tỉnh Ninh Bình,https://shopee.vn/search?shop=1480056962,"Nam châm lưu niệm, hít tủ lạnh Nón Lá Việt Nam loại 5cm - Vietnam Non La Magnets",15.000 ₫,"Đặc sản chất lượng - Nam châm lưu niệm, hít tủ lạnh Nón Lá Việt Nam loại 5cm - Vietnam Non La Magnets",https://down-vn.img.susercontent.com/file/vn-11134207-7ras8-mcxi8rtj9kqn96,https://shopee.vn/Nam-châm-lưu-niệm-hít-tủ-lạnh-Nón-Lá-Việt-Nam-loại-5cm-Vietnam-Non-La-Magnets-i.1480056962.28380086696?extraParams=%7B%22display_model_id%22%3A159078709780%2C%22model_selection_logic%22%3A3%7D
226,Hồng Chính Souvenir,Tỉnh Ninh Bình,https://shopee.vn/search?shop=1480056962,Móc khóa lưu niệm Việt Nam - Móc khóa gỗ Địa Danh - Vietnamese Wooden Keychains,16.000 ₫,Đặc sản chất lượng - Móc khóa lưu niệm Việt Nam - Móc khóa gỗ Địa Danh - Vietnamese Wooden Keychains,https://down-vn.img.susercontent.com/file/vn-11134207-81ztc-mniprwji6q6a2d,https://shopee.vn/Móc-khóa-lưu-niệm-Việt-Nam-Móc-khóa-gỗ-Địa-Danh-Vietnamese-Wooden-Keychains-i.1480056962.47659541471?extraParams=%7B%22display_model_id%22%3A307672907669%2C%22model_selection_logic%22%3A3%7D
227,Hồng Chính Souvenir,Tỉnh Ninh Bình,https://shopee.vn/search?shop=1480056962,Móc khóa lưu niệm Nón Lá Việt Nam loại 5cm - Vietnam Non La Keychains,15.000 ₫,Đặc sản chất lượng - Móc khóa lưu niệm Nón Lá Việt Nam loại 5cm - Vietnam Non La Keychains,https://down-vn.img.susercontent.com/file/vn-11134207-7ras8-mcxgi9ylmenh4d,https://shopee.vn/Móc-khóa-lưu-niệm-Nón-Lá-Việt-Nam-loại-5cm-Vietnam-Non-La-Keychains-i.1480056962.27230090957?extraParams=%7B%22display_model_id%22%3A167045730205%2C%22model_selection_logic%22%3A3%7D
228,Hồng Chính Souvenir,Tỉnh Ninh Bình,https://shopee.vn/search?shop=1480056962,Magnet lưu niệm Việt Nam - Nam châm Hít tủ lạnh chất liệu nhựa cứng,28.000 ₫,Đặc sản chất lượng - Magnet lưu niệm Việt Nam - Nam châm Hít tủ lạnh chất liệu nhựa cứng,https://down-vn.img.susercontent.com/file/vn-11134207-820l4-mh4weahyj3t896,https://shopee.vn/Magnet-lưu-niệm-Việt-Nam-Nam-châm-Hít-tủ-lạnh-chất-liệu-nhựa-cứng-i.1480056962.45651512856?extraParams=%7B%22display_model_id%22%3A315138332732%2C%22model_selection_logic%22%3A3%7D
229,Hồng Chính Souvenir,Tỉnh Ninh Bình,https://shopee.vn/search?shop=1480056962,Sổ tay lưu niệm Việt Nam A6 chất liệu Gỗ - Vietnam Wooden A6 Notebooks,42.000 ₫,Đặc sản chất lượng - Sổ tay lưu niệm Việt Nam A6 chất liệu Gỗ - Vietnam Wooden A6 Notebooks,https://down-vn.img.susercontent.com/file/vn-11134207-7ras8-mcwys6ijjwvz90,https://shopee.vn/Sổ-tay-lưu-niệm-Việt-Nam-A6-chất-liệu-Gỗ-Vietnam-Wooden-A6-Notebooks-i.1480056962.28828619011?extraParams=%7B%22display_model_id%22%3A242808641156%2C%22model_selection_logic%22%3A3%7D
230,Hồng Chính Souvenir,Tỉnh Ninh Bình,https://shopee.vn/search?shop=1480056962,Nam châm hít tủ lạnh tượng cô gái Việt Nam có chân tự đứng - Vietnamese women magnets,31.500 ₫,Đặc sản chất lượng - Nam châm hít tủ lạnh tượng cô gái Việt Nam có chân tự đứng - Vietnamese women magnets,https://down-vn.img.susercontent.com/file/vn-11134207-820l4-me79x0s09m2v3f,https://shopee.vn/Nam-châm-hít-tủ-lạnh-tượng-cô-gái-Việt-Nam-có-chân-tự-đứng-Vietnamese-women-magnets-i.1480056962.41267334434?extraParams=%7B%22display_model_id%22%3A198686658394%2C%22model_selection_logic%22%3A3%7D
231,Sanny Souvenir,Thành phố Hồ Chí Minh,https://shopee.vn/search?shop=1456589484,Nam châm tủ lạnh địa danh Việt Nam quà tặng lưu niệm Sanny Souvenir,48.000 ₫,Đặc sản chất lượng - Nam châm tủ lạnh địa danh Việt Nam quà tặng lưu niệm Sanny Souvenir,https://down-vn.img.susercontent.com/file/vn-11134207-7ras8-m5k0r4o4ifcmc4,https://shopee.vn/Nam-châm-tủ-lạnh-địa-danh-Việt-Nam-quà-tặng-lưu-niệm-Sanny-Souvenir-i.1456589484.28324115415?extraParams=%7B%22display_model_id%22%3A252520025811%2C%22model_selection_logic%22%3A3%7D
232,Sanny Souvenir,Thành phố Hồ Chí Minh,https://shopee.vn/search?shop=1456589484,Nam châm lưu niệm Việt Nam chủ đề đồ ăn Sanny Souvenir,48.000 ₫,Đặc sản chất lượng - Nam châm lưu niệm Việt Nam chủ đề đồ ăn Sanny Souvenir,https://down-vn.img.susercontent.com/file/vn-11134207-7ras8-m5ateu5si0k7f8,https://shopee.vn/Nam-châm-lưu-niệm-Việt-Nam-chủ-đề-đồ-ăn-Sanny-Souvenir-i.1456589484.29424020762?extraParams=%7B%22display_model_id%22%3A218186897805%2C%22model_selection_logic%22%3A3%7D
233,Sanny Souvenir,Thành phố Hồ Chí Minh,https://shopee.vn/search?shop=1456589484,Nam châm tủ lạnh nón lá Việt Nam 5cm (01 cái),25.000 ₫,Đặc sản chất lượng - Nam châm tủ lạnh nón lá Việt Nam 5cm (01 cái),https://down-vn.img.susercontent.com/file/vn-11134207-7ra0g-m9fcy2kh9pqa3f,https://shopee.vn/Nam-châm-tủ-lạnh-nón-lá-Việt-Nam-5cm-(01-cái)-i.1456589484.27873984011?extraParams=%7B%22display_model_id%22%3A186069637127%2C%22model_selection_logic%22%3A3%7D
234,Sanny Souvenir,Thành phố Hồ Chí Minh,https://shopee.vn/search?shop=1456589484,Móc khóa gỗ quà tặng lưu niệm Việt Nam Sanny Souvenir,25.000 ₫,Đặc sản chất lượng - Móc khóa gỗ quà tặng lưu niệm Việt Nam Sanny Souvenir,https://down-vn.img.susercontent.com/file/vn-11134207-7ras8-m5av9be4anvbe3,https://shopee.vn/Móc-khóa-gỗ-quà-tặng-lưu-niệm-Việt-Nam-Sanny-Souvenir-i.1456589484.28224132034?extraParams=%7B%22display_model_id%22%3A89125131613%2C%22model_selection_logic%22%3A3%7D
235,Sanny Souvenir,Thành phố Hồ Chí Minh,https://shopee.vn/search?shop=1456589484,Nam châm tủ lạnh phụ kiện trang trí bếp Sanny Souvenir,10.916 ₫,Đặc sản chất lượng - Nam châm tủ lạnh phụ kiện trang trí bếp Sanny Souvenir,https://down-vn.img.susercontent.com/file/vn-11134207-7ras8-m5h25kz8s65y83,https://shopee.vn/Nam-châm-tủ-lạnh-phụ-kiện-trang-trí-bếp-Sanny-Souvenir-i.1456589484.28374116586?extraParams=%7B%22display_model_id%22%3A109383162973%2C%22model_selection_logic%22%3A3%7D
236,Sanny Souvenir,Thành phố Hồ Chí Minh,https://shopee.vn/search?shop=1456589484,Magnet lưu niệm Việt Nam địa danh và món ăn Sanny Souvenir,65.000 ₫,Đặc sản chất lượng - Magnet lưu niệm Việt Nam địa danh và món ăn Sanny Souvenir,https://down-vn.img.susercontent.com/file/vn-11134207-7ras8-m5823cdbef6f50,https://shopee.vn/Magnet-lưu-niệm-Việt-Nam-địa-danh-và-món-ăn-Sanny-Souvenir-i.1456589484.26523973554?extraParams=%7B%22display_model_id%22%3A185735138846%2C%22model_selection_logic%22%3A3%7D
237,Sanny Souvenir,Thành phố Hồ Chí Minh,https://shopee.vn/search?shop=1456589484,Thẻ treo hành lý quà tặng lưu niệm Việt Nam chất liệu PVC,75.000 ₫,Đặc sản chất lượng - Thẻ treo hành lý quà tặng lưu niệm Việt Nam chất liệu PVC,https://down-vn.img.susercontent.com/file/vn-11134207-7ras8-mb10x91qzg0n81,https://shopee.vn/Thẻ-treo-hành-lý-quà-tặng-lưu-niệm-Việt-Nam-chất-liệu-PVC-i.1456589484.29124251262?extraParams=%7B%22display_model_id%22%3A237306116842%2C%22model_selection_logic%22%3A3%7D
238,Sanny Souvenir,Thành phố Hồ Chí Minh,https://shopee.vn/search?shop=1456589484,"Bao giữ nhiệt bia, lon nước Stubby Holder quà tặng lưu niệm Việt Nam",55.000 ₫,"Đặc sản chất lượng - Bao giữ nhiệt bia, lon nước Stubby Holder quà tặng lưu niệm Việt Nam",https://down-vn.img.susercontent.com/file/vn-11134207-7ras8-m5bot9dhzf083d,https://shopee.vn/Bao-giữ-nhiệt-bia-lon-nước-Stubby-Holder-quà-tặng-lưu-niệm-Việt-Nam-i.1456589484.26874225660?extraParams=%7B%22display_model_id%22%3A99094483233%2C%22model_selection_logic%22%3A3%7D
239,Sanny Souvenir,Thành phố Hồ Chí Minh,https://shopee.vn/search?shop=1456589484,Nam châm tủ lạnh chủ đề con người Việt Nam Saigonir,48.000 ₫,Đặc sản chất lượng - Nam châm tủ lạnh chủ đề con người Việt Nam Saigonir,https://down-vn.img.susercontent.com/file/vn-11134207-7ras8-m5dnprrdj3vb9c,https://shopee.vn/Nam-châm-tủ-lạnh-chủ-đề-con-người-Việt-Nam-Saigonir-i.1456589484.24590841121?extraParams=%7B%22display_model_id%22%3A168685564715%2C%22model_selection_logic%22%3A3%7D
240,Sanny Souvenir,Thành phố Hồ Chí Minh,https://shopee.vn/search?shop=1456589484,Postcard giấy quà tặng lưu niệm Việt Nam,18.000 ₫,Đặc sản chất lượng - Postcard giấy quà tặng lưu niệm Việt Nam,https://down-vn.img.susercontent.com/file/vn-11134207-7ras8-m589tqqevvur4b,https://shopee.vn/Postcard-giấy-quà-tặng-lưu-niệm-Việt-Nam-i.1456589484.28374006016?extraParams=%7B%22display_model_id%22%3A148987517897%2C%22model_selection_logic%22%3A3%7D
241,TuMi Scent Lab,Thành phố Hồ Chí Minh,https://shopee.vn/search?shop=1296990307,"Móc Khóa Thông Điệp Truyền Động Lực – Nhắc Nhở Tích Cực, Trang Trí Balo, Quà Tặng Bạn Bè Người Yêu",12.800 ₫,"Đặc sản chất lượng - Móc Khóa Thông Điệp Truyền Động Lực – Nhắc Nhở Tích Cực, Trang Trí Balo, Quà Tặng Bạn Bè Người Yêu",https://down-vn.img.susercontent.com/file/vn-11134207-7ras8-mb7u1ugcv2l44c,https://shopee.vn/Móc-Khóa-Thông-Điệp-Truyền-Động-Lực-–-Nhắc-Nhở-Tích-Cực-Trang-Trí-Balo-Quà-Tặng-Bạn-Bè-Người-Yêu-i.1296990307.43854123739?extraParams=%7B%22display_model_id%22%3A196277912008%2C%22model_selection_logic%22%3A3%7D
242,TuMi Scent Lab,Thành phố Hồ Chí Minh,https://shopee.vn/search?shop=1296990307,"Móc Khóa In Thông Điệp Theo Yêu Cầu 2 Mặt – In Ảnh Kèm Lời Nhắn, Quà Tặng Người Yêu Bạn Bè",32.000 ₫,"Đặc sản chất lượng - Móc Khóa In Thông Điệp Theo Yêu Cầu 2 Mặt – In Ảnh Kèm Lời Nhắn, Quà Tặng Người Yêu Bạn Bè",https://down-vn.img.susercontent.com/file/vn-11134207-81ztc-mpengeh0r0n686,https://shopee.vn/Móc-Khóa-In-Thông-Điệp-Theo-Yêu-Cầu-2-Mặt-–-In-Ảnh-Kèm-Lời-Nhắn-Quà-Tặng-Người-Yêu-Bạn-Bè-i.1296990307.40257000967?extraParams=%7B%22display_model_id%22%3A330045717314%2C%22model_selection_logic%22%3A3%7D
243,TuMi Scent Lab,Thành phố Hồ Chí Minh,https://shopee.vn/search?shop=1296990307,"Combo 5 Móc Khoá Thông Điệp Tích Cực – Truyền Động Lực, Quà Tặng Bạn Bè",53.200 ₫,"Đặc sản chất lượng - Combo 5 Móc Khoá Thông Điệp Tích Cực – Truyền Động Lực, Quà Tặng Bạn Bè",https://down-vn.img.susercontent.com/file/vn-11134207-820l4-mgrt670a9k3xd7,https://shopee.vn/Combo-5-Móc-Khoá-Thông-Điệp-Tích-Cực-–-Truyền-Động-Lực-Quà-Tặng-Bạn-Bè-i.1296990307.29488294665?extraParams=%7B%22display_model_id%22%3A355088257834%2C%22model_selection_logic%22%3A3%7D
244,TuMi Scent Lab,Thành phố Hồ Chí Minh,https://shopee.vn/search?shop=1296990307,"Túi Phước Omamori May Mắn – Thu Hút Tài Lộc, Tình Yêu, Mang Theo Bên Người Hàng Ngày",40.000 ₫,"Đặc sản chất lượng - Túi Phước Omamori May Mắn – Thu Hút Tài Lộc, Tình Yêu, Mang Theo Bên Người Hàng Ngày",https://down-vn.img.susercontent.com/file/vn-11134207-81ztc-mm8srv8wmltu74,https://shopee.vn/Túi-Phước-Omamori-May-Mắn-–-Thu-Hút-Tài-Lộc-Tình-Yêu-Mang-Theo-Bên-Người-Hàng-Ngày-i.1296990307.42851803433?extraParams=%7B%22display_model_id%22%3A254245345846%2C%22model_selection_logic%22%3A3%7D
245,TuMi Scent Lab,Thành phố Hồ Chí Minh,https://shopee.vn/search?shop=1296990307,"Móc Khóa Thông Điệp Dễ Thương – In Hai Mặt Lời Nhắn, Trang Trí Balo, Quà Tặng Bạn Bè Người Yêu",12.800 ₫,"Đặc sản chất lượng - Móc Khóa Thông Điệp Dễ Thương – In Hai Mặt Lời Nhắn, Trang Trí Balo, Quà Tặng Bạn Bè Người Yêu",https://down-vn.img.susercontent.com/file/vn-11134207-820l4-mj9piynr6l8id4,https://shopee.vn/Móc-Khóa-Thông-Điệp-Dễ-Thương-–-In-Hai-Mặt-Lời-Nhắn-Trang-Trí-Balo-Quà-Tặng-Bạn-Bè-Người-Yêu-i.1296990307.42705970738?extraParams=%7B%22display_model_id%22%3A253557196052%2C%22model_selection_logic%22%3A3%7D
246,TuMi Scent Lab,Thành phố Hồ Chí Minh,https://shopee.vn/search?shop=1296990307,"Card Socola Kèm Móc Khóa Thông Điệp – Quà Tặng Người Yêu, Tạo Bất Ngờ, Dùng Dịp Đặc Biệt",15.000 ₫,"Đặc sản chất lượng - Card Socola Kèm Móc Khóa Thông Điệp – Quà Tặng Người Yêu, Tạo Bất Ngờ, Dùng Dịp Đặc Biệt",https://down-vn.img.susercontent.com/file/vn-11134207-820l4-mjpdagtgqhogb6,https://shopee.vn/Card-Socola-Kèm-Móc-Khóa-Thông-Điệp-–-Quà-Tặng-Người-Yêu-Tạo-Bất-Ngờ-Dùng-Dịp-Đặc-Biệt-i.1296990307.40278169992?extraParams=%7B%22display_model_id%22%3A277586089586%2C%22model_selection_logic%22%3A3%7D
247,TuMi Scent Lab,Thành phố Hồ Chí Minh,https://shopee.vn/search?shop=1296990307,"Lọ Đá Thạch Anh Phong Thủy – Thu Hút Năng Lượng Tích Cực, Hỗ Trợ Tình Duyên, Trang Trí Bàn Làm Việc",35.000 ₫,"Đặc sản chất lượng - Lọ Đá Thạch Anh Phong Thủy – Thu Hút Năng Lượng Tích Cực, Hỗ Trợ Tình Duyên, Trang Trí Bàn Làm Việc",https://down-vn.img.susercontent.com/file/vn-11134207-81ztc-mp3dhbo20nb4a9,https://shopee.vn/Lọ-Đá-Thạch-Anh-Phong-Thủy-–-Thu-Hút-Năng-Lượng-Tích-Cực-Hỗ-Trợ-Tình-Duyên-Trang-Trí-Bàn-Làm-Việc-i.1296990307.44226875387?extraParams=%7B%22display_model_id%22%3A350225073684%2C%22model_selection_logic%22%3A3%7D
248,TuMi Scent Lab,Thành phố Hồ Chí Minh,https://shopee.vn/search?shop=1296990307,"Hộp Quà Tặng Nến Thơm Kèm Sáp Hoa Cúc, Cốc Nến Siêu Đáng Yêu, Tặng Bạn Bè, Người Yêu, Đồng Nghiệp",75.000 ₫,"Đặc sản chất lượng - Hộp Quà Tặng Nến Thơm Kèm Sáp Hoa Cúc, Cốc Nến Siêu Đáng Yêu, Tặng Bạn Bè, Người Yêu, Đồng Nghiệp",https://down-vn.img.susercontent.com/file/vn-11134207-7ra0g-m9jqdxp6grpg38,https://shopee.vn/Hộp-Quà-Tặng-Nến-Thơm-Kèm-Sáp-Hoa-Cúc-Cốc-Nến-Siêu-Đáng-Yêu-Tặng-Bạn-Bè-Người-Yêu-Đồng-Nghiệp-i.1296990307.26786407840?extraParams=%7B%22display_model_id%22%3A265022513667%2C%22model_selection_logic%22%3A3%7D
249,TuMi Scent Lab,Thành phố Hồ Chí Minh,https://shopee.vn/search?shop=1296990307,"Móc Khóa Thông Điệp Kèm Charm Dễ Thương, Thông Điệp Ý Nghĩa Tặng Bạn Bè, Người Yêu",25.000 ₫,"Đặc sản chất lượng - Móc Khóa Thông Điệp Kèm Charm Dễ Thương, Thông Điệp Ý Nghĩa Tặng Bạn Bè, Người Yêu",https://down-vn.img.susercontent.com/file/vn-11134207-81ztc-moyyup6cyhaa09,https://shopee.vn/Móc-Khóa-Thông-Điệp-Kèm-Charm-Dễ-Thương-Thông-Điệp-Ý-Nghĩa-Tặng-Bạn-Bè-Người-Yêu-i.1296990307.26938135140?extraParams=%7B%22display_model_id%22%3A315265551932%2C%22model_selection_logic%22%3A3%7D
250,TuMi Scent Lab,Thành phố Hồ Chí Minh,https://shopee.vn/search?shop=1296990307,"Lọ Thông Điệp Chữa Lành – Gửi Lời Chúc Ý Nghĩa, Tạo Cảm Xúc Tích Cực, Quà Tặng Sinh Nhật",53.200 ₫,"Đặc sản chất lượng - Lọ Thông Điệp Chữa Lành – Gửi Lời Chúc Ý Nghĩa, Tạo Cảm Xúc Tích Cực, Quà Tặng Sinh Nhật",https://down-vn.img.susercontent.com/file/vn-11134207-81ztc-mlaged9gi3uw2e,https://shopee.vn/Lọ-Thông-Điệp-Chữa-Lành-–-Gửi-Lời-Chúc-Ý-Nghĩa-Tạo-Cảm-Xúc-Tích-Cực-Quà-Tặng-Sinh-Nhật-i.1296990307.40150276756?extraParams=%7B%22display_model_id%22%3A340283935666%2C%22model_selection_logic%22%3A3%7D
251,Vật Kỷ Niệm,Thành phố Hồ Chí Minh,https://shopee.vn/search?shop=108483469,Hộp Nhạc Cổ Điển Trái Tim | Máy Nhạc Dây Cót | Hộp Gỗ HNDCGO011 | Vật Kỷ Niệm,425.000 ₫,Đặc sản chất lượng - Hộp Nhạc Cổ Điển Trái Tim | Máy Nhạc Dây Cót | Hộp Gỗ HNDCGO011 | Vật Kỷ Niệm,https://down-vn.img.susercontent.com/file/vn-11134207-7qukw-lhm8u0sh2mypbd,https://shopee.vn/Hộp-Nhạc-Cổ-Điển-Trái-Tim-Máy-Nhạc-Dây-Cót-Hộp-Gỗ-HNDCGO011-Vật-Kỷ-Niệm-i.108483469.9498252922?extraParams=%7B%22display_model_id%22%3A96770305275%2C%22model_selection_logic%22%3A3%7D
252,Vật Kỷ Niệm,Thành phố Hồ Chí Minh,https://shopee.vn/search?shop=108483469,Máy Nhạc Dây Cót Loại Tốt | Hộp Nhạc MANHAC003 | Quà Lưu Niệm | Vật Kỷ Niệm,100.000 ₫,Đặc sản chất lượng - Máy Nhạc Dây Cót Loại Tốt | Hộp Nhạc MANHAC003 | Quà Lưu Niệm | Vật Kỷ Niệm,https://down-vn.img.susercontent.com/file/vn-11134207-7qukw-lhm8u0sg24756e,https://shopee.vn/Máy-Nhạc-Dây-Cót-Loại-Tốt-Hộp-Nhạc-MANHAC003-Quà-Lưu-Niệm-Vật-Kỷ-Niệm-i.108483469.10546017290?extraParams=%7B%22display_model_id%22%3A94747063215%2C%22model_selection_logic%22%3A3%7D
253,Vật Kỷ Niệm,Thành phố Hồ Chí Minh,https://shopee.vn/search?shop=108483469,Hộp Nhạc Thay Hình | Máy Nhạc Dây Cót | Hộp Gỗ HNDCGO005 | Quà Lưu Niệm | Vật Kỷ Niệm,250.000 ₫,Đặc sản chất lượng - Hộp Nhạc Thay Hình | Máy Nhạc Dây Cót | Hộp Gỗ HNDCGO005 | Quà Lưu Niệm | Vật Kỷ Niệm,https://down-vn.img.susercontent.com/file/vn-11134207-7qukw-lhm8u0sgkdj95b,https://shopee.vn/Hộp-Nhạc-Thay-Hình-Máy-Nhạc-Dây-Cót-Hộp-Gỗ-HNDCGO005-Quà-Lưu-Niệm-Vật-Kỷ-Niệm-i.108483469.2714931808?extraParams=%7B%22display_model_id%22%3A16464449124%2C%22model_selection_logic%22%3A3%7D
254,Vật Kỷ Niệm,Thành phố Hồ Chí Minh,https://shopee.vn/search?shop=108483469,Hộp Nhạc Trong Suốt | Máy Nhạc Dây Cót | Hộp Nhựa Acrylic HNDCGO003 | Quà Lưu Niệm | Vật Kỷ Niệm,165.000 ₫,Đặc sản chất lượng - Hộp Nhạc Trong Suốt | Máy Nhạc Dây Cót | Hộp Nhựa Acrylic HNDCGO003 | Quà Lưu Niệm | Vật Kỷ Niệm,https://down-vn.img.susercontent.com/file/vn-11134207-7qukw-lhm8u0sghkedfa,https://shopee.vn/Hộp-Nhạc-Trong-Suốt-Máy-Nhạc-Dây-Cót-Hộp-Nhựa-Acrylic-HNDCGO003-Quà-Lưu-Niệm-Vật-Kỷ-Niệm-i.108483469.2714993768?extraParams=%7B%22display_model_id%22%3A250771168671%2C%22model_selection_logic%22%3A3%7D
255,Vật Kỷ Niệm,Thành phố Hồ Chí Minh,https://shopee.vn/search?shop=108483469,Núm Xoay & Ốc Vít | Hộp Nhạc LKHN001 | Quà Lưu Niệm | Vật Kỷ Niệm,10.000 ₫,Đặc sản chất lượng - Núm Xoay & Ốc Vít | Hộp Nhạc LKHN001 | Quà Lưu Niệm | Vật Kỷ Niệm,https://down-vn.img.susercontent.com/file/vn-11134207-7qukw-likgwo50fvgsb3,https://shopee.vn/Núm-Xoay-Ốc-Vít-Hộp-Nhạc-LKHN001-Quà-Lưu-Niệm-Vật-Kỷ-Niệm-i.108483469.18881327489?extraParams=%7B%22display_model_id%22%3A194394969986%2C%22model_selection_logic%22%3A3%7D
256,Vật Kỷ Niệm,Thành phố Hồ Chí Minh,https://shopee.vn/search?shop=108483469,Hộp Nhạc Cổ Điển | Máy Nhạc Dây Cót | Hộp Gỗ HNDCGO008 | Quà Lưu Niệm | Vật Kỷ Niệm,395.000 ₫,Đặc sản chất lượng - Hộp Nhạc Cổ Điển | Máy Nhạc Dây Cót | Hộp Gỗ HNDCGO008 | Quà Lưu Niệm | Vật Kỷ Niệm,https://down-vn.img.susercontent.com/file/vn-11134207-7qukw-lhm8u0sgajk54c,https://shopee.vn/Hộp-Nhạc-Cổ-Điển-Máy-Nhạc-Dây-Cót-Hộp-Gỗ-HNDCGO008-Quà-Lưu-Niệm-Vật-Kỷ-Niệm-i.108483469.8260761797?extraParams=%7B%22display_model_id%22%3A38993404671%2C%22model_selection_logic%22%3A3%7D
257,Vật Kỷ Niệm,Thành phố Hồ Chí Minh,https://shopee.vn/search?shop=108483469,Hộp Nhạc Cổ Điển | Máy Nhạc Dây Cót | Hộp Gỗ HNDCGO009 | Quà Lưu Niệm | Vật Kỷ Niệm,395.000 ₫,Đặc sản chất lượng - Hộp Nhạc Cổ Điển | Máy Nhạc Dây Cót | Hộp Gỗ HNDCGO009 | Quà Lưu Niệm | Vật Kỷ Niệm,https://down-vn.img.susercontent.com/file/vn-11134207-7qukw-lhm854haei81a6,https://shopee.vn/Hộp-Nhạc-Cổ-Điển-Máy-Nhạc-Dây-Cót-Hộp-Gỗ-HNDCGO009-Quà-Lưu-Niệm-Vật-Kỷ-Niệm-i.108483469.2962026810?extraParams=%7B%22display_model_id%22%3A75671298295%2C%22model_selection_logic%22%3A3%7D
258,Vật Kỷ Niệm,Thành phố Hồ Chí Minh,https://shopee.vn/search?shop=108483469,Hộp Nhạc Trong Suốt | Máy Nhạc Dây Cót | Hộp Nhựa Acrylic HNDCAC005 | Quà Lưu Niệm | Vật Kỷ Niệm,215.000 ₫,Đặc sản chất lượng - Hộp Nhạc Trong Suốt | Máy Nhạc Dây Cót | Hộp Nhựa Acrylic HNDCAC005 | Quà Lưu Niệm | Vật Kỷ Niệm,https://down-vn.img.susercontent.com/file/vn-11134207-7qukw-lhm8u0sgssxxf0,https://shopee.vn/Hộp-Nhạc-Trong-Suốt-Máy-Nhạc-Dây-Cót-Hộp-Nhựa-Acrylic-HNDCAC005-Quà-Lưu-Niệm-Vật-Kỷ-Niệm-i.108483469.9205584196?extraParams=%7B%22display_model_id%22%3A32815386583%2C%22model_selection_logic%22%3A3%7D
259,Vật Kỷ Niệm,Thành phố Hồ Chí Minh,https://shopee.vn/search?shop=108483469,Máy Nhạc Dây Cót Loại Tốt | Hộp Nhạc MANHAC002 | Quà Lưu Niệm | Vật Kỷ Niệm,60.000 ₫,Đặc sản chất lượng - Máy Nhạc Dây Cót Loại Tốt | Hộp Nhạc MANHAC002 | Quà Lưu Niệm | Vật Kỷ Niệm,https://down-vn.img.susercontent.com/file/vn-11134207-7qukw-lhm8u0sg6bwh7e,https://shopee.vn/Máy-Nhạc-Dây-Cót-Loại-Tốt-Hộp-Nhạc-MANHAC002-Quà-Lưu-Niệm-Vật-Kỷ-Niệm-i.108483469.2900723353?extraParams=%7B%22display_model_id%22%3A17559958021%2C%22model_selection_logic%22%3A3%7D
260,Vật Kỷ Niệm,Thành phố Hồ Chí Minh,https://shopee.vn/search?shop=108483469,Hộp Nhạc Piano | Máy Dây Cót | Hộp Nhựa Resin HNDCDD001 | Vật Kỷ Niệm,195.000 ₫,Đặc sản chất lượng - Hộp Nhạc Piano | Máy Dây Cót | Hộp Nhựa Resin HNDCDD001 | Vật Kỷ Niệm,https://down-vn.img.susercontent.com/file/vn-11134207-7qukw-lhm854j7ns7929,https://shopee.vn/Hộp-Nhạc-Piano-Máy-Dây-Cót-Hộp-Nhựa-Resin-HNDCDD001-Vật-Kỷ-Niệm-i.108483469.2715066742?extraParams=%7B%22display_model_id%22%3A88689866522%2C%22model_selection_logic%22%3A3%7D
261,Tranh Icon Công Giáo,Thành phố Hồ Chí Minh,https://shopee.vn/search?shop=137942718,Tranh Gỗ Chúa Ba Ngôi - Icon Nga Bằng Gỗ / Icon of the Holy Trinity by Andrei Rublev,250.000 ₫,Đặc sản chất lượng - Tranh Gỗ Chúa Ba Ngôi - Icon Nga Bằng Gỗ / Icon of the Holy Trinity by Andrei Rublev,https://down-vn.img.susercontent.com/file/vn-11134207-7qukw-lk1qe20b4v7m3c,https://shopee.vn/Tranh-Gỗ-Chúa-Ba-Ngôi-Icon-Nga-Bằng-Gỗ-Icon-of-the-Holy-Trinity-by-Andrei-Rublev-i.137942718.20591554028?extraParams=%7B%22display_model_id%22%3A206933198074%2C%22model_selection_logic%22%3A3%7D
262,Tranh Icon Công Giáo,Thành phố Hồ Chí Minh,https://shopee.vn/search?shop=137942718,Tranh Công Giáo Bằng Gỗ - Tranh Mẹ Teresa Calcutta Kèm Câu Quote Hay,250.000 ₫,Đặc sản chất lượng - Tranh Công Giáo Bằng Gỗ - Tranh Mẹ Teresa Calcutta Kèm Câu Quote Hay,https://down-vn.img.susercontent.com/file/vn-11134207-7r98o-lzr2xldku91pdd,https://shopee.vn/Tranh-Công-Giáo-Bằng-Gỗ-Tranh-Mẹ-Teresa-Calcutta-Kèm-Câu-Quote-Hay-i.137942718.23638854732?extraParams=%7B%22display_model_id%22%3A186705313353%2C%22model_selection_logic%22%3A3%7D
263,Tranh Icon Công Giáo,Thành phố Hồ Chí Minh,https://shopee.vn/search?shop=137942718,Tranh Chúa Chiên Lành - Tranh Gỗ Icon Công Giáo - Icon of the Christ the Good Shepherd,250.000 ₫,Đặc sản chất lượng - Tranh Chúa Chiên Lành - Tranh Gỗ Icon Công Giáo - Icon of the Christ the Good Shepherd,https://down-vn.img.susercontent.com/file/vn-11134207-7ras8-m1v12fik69j3f0,https://shopee.vn/Tranh-Chúa-Chiên-Lành-Tranh-Gỗ-Icon-Công-Giáo-Icon-of-the-Christ-the-Good-Shepherd-i.137942718.22732522483?extraParams=%7B%22display_model_id%22%3A225150765760%2C%22model_selection_logic%22%3A3%7D
264,Tranh Icon Công Giáo,Thành phố Hồ Chí Minh,https://shopee.vn/search?shop=137942718,Tranh Mẹ Teresa Calcutta - Tranh Gỗ Công Giáo Tặng Dịp Bổn Mạng,300.000 ₫,Đặc sản chất lượng - Tranh Mẹ Teresa Calcutta - Tranh Gỗ Công Giáo Tặng Dịp Bổn Mạng,https://down-vn.img.susercontent.com/file/vn-11134207-7qukw-lfkpf088tmrob0,https://shopee.vn/Tranh-Mẹ-Teresa-Calcutta-Tranh-Gỗ-Công-Giáo-Tặng-Dịp-Bổn-Mạng-i.137942718.20578511447?extraParams=%7B%22display_model_id%22%3A39762418194%2C%22model_selection_logic%22%3A3%7D
265,Tranh Icon Công Giáo,Thành phố Hồ Chí Minh,https://shopee.vn/search?shop=137942718,Tranh Gia Đình Thánh Gia - Tranh Gỗ Công Giáo Để Bàn Hoặc Treo Tường Kèm Phụ Kiện,250.000 ₫,Đặc sản chất lượng - Tranh Gia Đình Thánh Gia - Tranh Gỗ Công Giáo Để Bàn Hoặc Treo Tường Kèm Phụ Kiện,https://down-vn.img.susercontent.com/file/vn-11134207-7ras8-m1scqwt4so8v8e,https://shopee.vn/Tranh-Gia-Đình-Thánh-Gia-Tranh-Gỗ-Công-Giáo-Để-Bàn-Hoặc-Treo-Tường-Kèm-Phụ-Kiện-i.137942718.23938856255?extraParams=%7B%22display_model_id%22%3A221544871590%2C%22model_selection_logic%22%3A3%7D
266,Tranh Icon Công Giáo,Thành phố Hồ Chí Minh,https://shopee.vn/search?shop=137942718,Biểu Tượng Đức Mẹ Hằng Cứu Giúp - Tranh Icon Công Giáo Gỗ Tự Nhiên,250.000 ₫,Đặc sản chất lượng - Biểu Tượng Đức Mẹ Hằng Cứu Giúp - Tranh Icon Công Giáo Gỗ Tự Nhiên,https://down-vn.img.susercontent.com/file/vn-11134207-7ra0g-m6hvcy1ynpt325,https://shopee.vn/Biểu-Tượng-Đức-Mẹ-Hằng-Cứu-Giúp-Tranh-Icon-Công-Giáo-Gỗ-Tự-Nhiên-i.137942718.23933958895?extraParams=%7B%22display_model_id%22%3A138603291661%2C%22model_selection_logic%22%3A3%7D
267,Tranh Icon Công Giáo,Thành phố Hồ Chí Minh,https://shopee.vn/search?shop=137942718,"Tranh Đức Mẹ Hy Vọng Kèm Câu Quote Hay, Tranh Gỗ Công Giáo Lời Chúa Ý Nghĩa",300.000 ₫,"Đặc sản chất lượng - Tranh Đức Mẹ Hy Vọng Kèm Câu Quote Hay, Tranh Gỗ Công Giáo Lời Chúa Ý Nghĩa",https://down-vn.img.susercontent.com/file/vn-11134207-7qukw-lfkpf088ie8469,https://shopee.vn/Tranh-Đức-Mẹ-Hy-Vọng-Kèm-Câu-Quote-Hay-Tranh-Gỗ-Công-Giáo-Lời-Chúa-Ý-Nghĩa-i.137942718.23933950804?extraParams=%7B%22display_model_id%22%3A184145380717%2C%22model_selection_logic%22%3A3%7D
268,Tranh Icon Công Giáo,Thành phố Hồ Chí Minh,https://shopee.vn/search?shop=137942718,Tranh Công Giáo : Tranh Đức Mẹ Hồn Xác Lên Trời - Tranh Gỗ Không Phai Màu,250.000 ₫,Đặc sản chất lượng - Tranh Công Giáo : Tranh Đức Mẹ Hồn Xác Lên Trời - Tranh Gỗ Không Phai Màu,https://down-vn.img.susercontent.com/file/vn-11134207-7qukw-lfkpf088gzno8b,https://shopee.vn/Tranh-Công-Giáo-Tranh-Đức-Mẹ-Hồn-Xác-Lên-Trời-Tranh-Gỗ-Không-Phai-Màu-i.137942718.23438858420?extraParams=%7B%22display_model_id%22%3A98686395623%2C%22model_selection_logic%22%3A3%7D
269,Tranh Icon Công Giáo,Thành phố Hồ Chí Minh,https://shopee.vn/search?shop=137942718,Tranh Chân Dung Chúa Giêsu - Tranh In Trực Tiếp Trên Gỗ - Prince Of Peace by Akiane,250.000 ₫,Đặc sản chất lượng - Tranh Chân Dung Chúa Giêsu - Tranh In Trực Tiếp Trên Gỗ - Prince Of Peace by Akiane,https://down-vn.img.susercontent.com/file/vn-11134207-7ras8-m1ter6k81g7na2,https://shopee.vn/Tranh-Chân-Dung-Chúa-Giêsu-Tranh-In-Trực-Tiếp-Trên-Gỗ-Prince-Of-Peace-by-Akiane-i.137942718.23433958079?extraParams=%7B%22display_model_id%22%3A204255474856%2C%22model_selection_logic%22%3A3%7D
270,Tranh Icon Công Giáo,Thành phố Hồ Chí Minh,https://shopee.vn/search?shop=137942718,Tranh Đức Mẹ Cầu Nguyện Kích Thước Lớn 50x65cm - Tranh Treo Tường Công Giáo Beati,2.300.000 ₫,Đặc sản chất lượng - Tranh Đức Mẹ Cầu Nguyện Kích Thước Lớn 50x65cm - Tranh Treo Tường Công Giáo Beati,https://down-vn.img.susercontent.com/file/vn-11134207-7qukw-lf1deyhzpydzcc,https://shopee.vn/Tranh-Đức-Mẹ-Cầu-Nguyện-Kích-Thước-Lớn-50x65cm-Tranh-Treo-Tường-Công-Giáo-Beati-i.137942718.23333933196?extraParams=%7B%22display_model_id%22%3A88660224920%2C%22model_selection_logic%22%3A3%7D
271,Mai anh store 190,Thành phố Hà Nội,https://shopee.vn/search?shop=459198893,Đón gót chân bằng gỗ Hương cao cấp,65.000 ₫,Đặc sản chất lượng - Đón gót chân bằng gỗ Hương cao cấp,https://down-vn.img.susercontent.com/file/57e3c6d5dc6d496efa39923d7f3790ec,https://shopee.vn/Đón-gót-chân-bằng-gỗ-Hương-cao-cấp-i.459198893.13224971835?extraParams=%7B%22display_model_id%22%3A121126245290%2C%22model_selection_logic%22%3A3%7D
272,Mai anh store 190,Thành phố Hà Nội,https://shopee.vn/search?shop=459198893,"xích lô có bánh chạy êm, mô hình xe xích lô cổ",225.000 ₫,"Đặc sản chất lượng - xích lô có bánh chạy êm, mô hình xe xích lô cổ",https://down-vn.img.susercontent.com/file/bc6839e98503d46928e158ed93da2629,https://shopee.vn/xích-lô-có-bánh-chạy-êm-mô-hình-xe-xích-lô-cổ-i.459198893.8363591401?extraParams=%7B%22display_model_id%22%3A252285433596%2C%22model_selection_logic%22%3A3%7D
273,Mai anh store 190,Thành phố Hà Nội,https://shopee.vn/search?shop=459198893,Vòng sừng 6 ly tránh gió mang lại may mắn,65.000 ₫,Đặc sản chất lượng - Vòng sừng 6 ly tránh gió mang lại may mắn,https://down-vn.img.susercontent.com/file/fc142b199549d8b817344fb3f5a48e49,https://shopee.vn/Vòng-sừng-6-ly-tránh-gió-mang-lại-may-mắn-i.459198893.12824274147?extraParams=%7B%22display_model_id%22%3A77480260339%2C%22model_selection_logic%22%3A3%7D
274,Mai anh store 190,Thành phố Hà Nội,https://shopee.vn/search?shop=459198893,"Cây gãi, đấm lưng đa năng",55.000 ₫,"Đặc sản chất lượng - Cây gãi, đấm lưng đa năng",https://down-vn.img.susercontent.com/file/79ee2e5d7fe23b7b2d79fc8381410695,https://shopee.vn/Cây-gãi-đấm-lưng-đa-năng-i.459198893.12624850722?extraParams=%7B%22display_model_id%22%3A131119900867%2C%22model_selection_logic%22%3A3%7D
275,Mai anh store 190,Thành phố Hà Nội,https://shopee.vn/search?shop=459198893,"Lược Sừng Chuôi khía Cao cấp, masage da đầu",58.000 ₫,"Đặc sản chất lượng - Lược Sừng Chuôi khía Cao cấp, masage da đầu",https://down-vn.img.susercontent.com/file/5b5080415eade9e51da8c23506229481,https://shopee.vn/Lược-Sừng-Chuôi-khía-Cao-cấp-masage-da-đầu-i.459198893.12535376222?extraParams=%7B%22display_model_id%22%3A47620080246%2C%22model_selection_logic%22%3A3%7D
276,Mai anh store 190,Thành phố Hà Nội,https://shopee.vn/search?shop=459198893,Lược Sừng chuôi phượng hoàng cao Cấp,43.000 ₫,Đặc sản chất lượng - Lược Sừng chuôi phượng hoàng cao Cấp,https://down-vn.img.susercontent.com/file/vn-11134207-7ras8-m3giqojph0dd77,https://shopee.vn/Lược-Sừng-chuôi-phượng-hoàng-cao-Cấp-i.459198893.12435381183?extraParams=%7B%22display_model_id%22%3A113356938418%2C%22model_selection_logic%22%3A3%7D
277,Mai anh store 190,Thành phố Hà Nội,https://shopee.vn/search?shop=459198893,10 đôi đũa dừa già không hoá chất,27.000 ₫,Đặc sản chất lượng - 10 đôi đũa dừa già không hoá chất,https://down-vn.img.susercontent.com/file/6c54e141f57911e47961bd58e80beb9a,https://shopee.vn/10-đôi-đũa-dừa-già-không-hoá-chất-i.459198893.12334976162?extraParams=%7B%22display_model_id%22%3A103342343498%2C%22model_selection_logic%22%3A3%7D
278,Mai anh store 190,Thành phố Hà Nội,https://shopee.vn/search?shop=459198893,Chóp Sừng Bò Châu phi bấm huyệt,68.000 ₫,Đặc sản chất lượng - Chóp Sừng Bò Châu phi bấm huyệt,https://down-vn.img.susercontent.com/file/0723db9ae15dde796c70065bfda7d627,https://shopee.vn/Chóp-Sừng-Bò-Châu-phi-bấm-huyệt-i.459198893.12334931555?extraParams=%7B%22display_model_id%22%3A131567360062%2C%22model_selection_logic%22%3A3%7D
279,Mai anh store 190,Thành phố Hà Nội,https://shopee.vn/search?shop=459198893,Cạo gió Sừng dày 9mm- đánh bay vết nhăn trên da mặt,75.000 ₫,Đặc sản chất lượng - Cạo gió Sừng dày 9mm- đánh bay vết nhăn trên da mặt,https://down-vn.img.susercontent.com/file/52a42d62779ec45fe500aa0870624daa,https://shopee.vn/Cạo-gió-Sừng-dày-9mm-đánh-bay-vết-nhăn-trên-da-mặt-i.459198893.12035379294?extraParams=%7B%22display_model_id%22%3A85489560658%2C%22model_selection_logic%22%3A3%7D
280,Mai anh store 190,Thành phố Hà Nội,https://shopee.vn/search?shop=459198893,"vòng tay sừng trâu 16ly cho nữ, vòng tay sừng trâu kị gió, thu tài lộc",110.000 ₫,"Đặc sản chất lượng - vòng tay sừng trâu 16ly cho nữ, vòng tay sừng trâu kị gió, thu tài lộc",https://down-vn.img.susercontent.com/file/f3ed3476d2588e1f94a398a97ab389fc,https://shopee.vn/vòng-tay-sừng-trâu-16ly-cho-nữ-vòng-tay-sừng-trâu-kị-gió-thu-tài-lộc-i.459198893.10909359484?extraParams=%7B%22display_model_id%22%3A110511710891%2C%22model_selection_logic%22%3A3%7D
281,quatangeco,Thành phố Hà Nội,https://shopee.vn/search?shop=1585073557,"Bút bi tre khắc tên kèm hộp – Quà tặng doanh nghiệp, thầy cô, sự kiện",15.000 ₫,"Đặc sản chất lượng - Bút bi tre khắc tên kèm hộp – Quà tặng doanh nghiệp, thầy cô, sự kiện",https://down-vn.img.susercontent.com/file/vn-11134207-7ras8-mc31ponpxf8y5c,https://shopee.vn/Bút-bi-tre-khắc-tên-kèm-hộp-–-Quà-tặng-doanh-nghiệp-thầy-cô-sự-kiện-i.1585073557.44159082245?extraParams=%7B%22display_model_id%22%3A253640442746%2C%22model_selection_logic%22%3A3%7D
282,quatangeco,Thành phố Hà Nội,https://shopee.vn/search?shop=1585073557,Bút Tre/Gỗ Khắc Tên - Quà Tặng Học Viên Độc Đáo,21.000 ₫,Đặc sản chất lượng - Bút Tre/Gỗ Khắc Tên - Quà Tặng Học Viên Độc Đáo,https://down-vn.img.susercontent.com/file/vn-11134207-7ras8-mcblyfpuj9er97,https://shopee.vn/Bút-Tre-Gỗ-Khắc-Tên-Quà-Tặng-Học-Viên-Độc-Đáo-i.1585073557.26238788602?extraParams=%7B%22display_model_id%22%3A128373305208%2C%22model_selection_logic%22%3A3%7D
283,quatangeco,Thành phố Hà Nội,https://shopee.vn/search?shop=1585073557,"Quà Tặng Học Sinh - Hộp Bút Gỗ 3D Khắc Tên, lời chúc 🎁🎓",15.000 ₫,"Đặc sản chất lượng - Quà Tặng Học Sinh - Hộp Bút Gỗ 3D Khắc Tên, lời chúc 🎁🎓",https://down-vn.img.susercontent.com/file/vn-11134207-7ras8-mcd2ox31eldo5d,https://shopee.vn/Quà-Tặng-Học-Sinh-Hộp-Bút-Gỗ-3D-Khắc-Tên-lời-chúc-🎁🎓-i.1585073557.41609085699?extraParams=%7B%22display_model_id%22%3A270759837744%2C%22model_selection_logic%22%3A3%7D
284,quatangeco,Thành phố Hà Nội,https://shopee.vn/search?shop=1585073557,"Bình giữ nhiệt Tre khắc logo, tên, lời chúc - Quà tặng độc đáo - lan tỏa giá trị xanh",215.000 ₫,"Đặc sản chất lượng - Bình giữ nhiệt Tre khắc logo, tên, lời chúc - Quà tặng độc đáo - lan tỏa giá trị xanh",https://down-vn.img.susercontent.com/file/vn-11134207-7ras8-mc7kybvcd9lh30,https://shopee.vn/Bình-giữ-nhiệt-Tre-khắc-logo-tên-lời-chúc-Quà-tặng-độc-đáo-lan-tỏa-giá-trị-xanh-i.1585073557.42958564245?extraParams=%7B%22display_model_id%22%3A285721736161%2C%22model_selection_logic%22%3A3%7D
285,quatangeco,Thành phố Hà Nội,https://shopee.vn/search?shop=1585073557,Cốc Tre Khắc Slogan – Khắc Tên Theo Yêu Cầu | Quà Tặng Độc Đáo – Truyền tải thông điệp tích cực!,19.000 ₫,Đặc sản chất lượng - Cốc Tre Khắc Slogan – Khắc Tên Theo Yêu Cầu | Quà Tặng Độc Đáo – Truyền tải thông điệp tích cực!,https://down-vn.img.susercontent.com/file/vn-11134207-7ras8-mcbkfwvoy4scda,https://shopee.vn/Cốc-Tre-Khắc-Slogan-–-Khắc-Tên-Theo-Yêu-Cầu-Quà-Tặng-Độc-Đáo-–-Truyền-tải-thông-điệp-tích-cực!-i.1585073557.29788800677?extraParams=%7B%22display_model_id%22%3A280749259974%2C%22model_selection_logic%22%3A3%7D
286,quatangeco,Thành phố Hà Nội,https://shopee.vn/search?shop=1585073557,"Móc khóa gỗ khắc Logo, Tên, Icon theo yêu cầu - Quà tặng ý nghĩa!",21.000 ₫,"Đặc sản chất lượng - Móc khóa gỗ khắc Logo, Tên, Icon theo yêu cầu - Quà tặng ý nghĩa!",https://down-vn.img.susercontent.com/file/vn-11134207-7ras8-mc7msu2wowh620,https://shopee.vn/Móc-khóa-gỗ-khắc-Logo-Tên-Icon-theo-yêu-cầu-Quà-tặng-ý-nghĩa!-i.1585073557.42508644204?extraParams=%7B%22display_model_id%22%3A275728539678%2C%22model_selection_logic%22%3A3%7D
287,quatangeco,Thành phố Hà Nội,https://shopee.vn/search?shop=1585073557,"Quà Tặng Tri Ân - Thuyền tre khắc ""Tôn sư trọng đạo"" ( tặng kèm bút bi tre)",255.000 ₫,"Đặc sản chất lượng - Quà Tặng Tri Ân - Thuyền tre khắc ""Tôn sư trọng đạo"" ( tặng kèm bút bi tre)",https://down-vn.img.susercontent.com/file/vn-11134207-7ras8-mcbikcsnywjp64,https://shopee.vn/Quà-Tặng-Tri-Ân-Thuyền-tre-khắc-Tôn-sư-trọng-đạo-(-tặng-kèm-bút-bi-tre)-i.1585073557.27988800551?extraParams=%7B%22display_model_id%22%3A275749141185%2C%22model_selection_logic%22%3A3%7D
288,quatangeco,Thành phố Hà Nội,https://shopee.vn/search?shop=1585073557,"Cốc Tre Tự Nhiên Khắc Logo Theo Yêu Cầu – Quà Tặng Thân Thiện Môi Trường Cho Quán Cà Phê, Nhà Hàng, Khách Sạn",65.000 ₫,"Đặc sản chất lượng - Cốc Tre Tự Nhiên Khắc Logo Theo Yêu Cầu – Quà Tặng Thân Thiện Môi Trường Cho Quán Cà Phê, Nhà Hàng, Khách Sạn",https://down-vn.img.susercontent.com/file/vn-11134207-7ras8-mc917x412szpb7,https://shopee.vn/Cốc-Tre-Tự-Nhiên-Khắc-Logo-Theo-Yêu-Cầu-–-Quà-Tặng-Thân-Thiện-Môi-Trường-Cho-Quán-Cà-Phê-Nhà-Hàng-Khách-Sạn-i.1585073557.44210398172?extraParams=%7B%22display_model_id%22%3A265874761312%2C%22model_selection_logic%22%3A3%7D
289,quatangeco,Thành phố Hà Nội,https://shopee.vn/search?shop=1585073557,"Thuyền Tre Decor Khắc ""Thuận Buồm Xuôi Gió"" – Quà Tặng Ý Nghĩa, Sang Trọng",250.000 ₫,"Đặc sản chất lượng - Thuyền Tre Decor Khắc ""Thuận Buồm Xuôi Gió"" – Quà Tặng Ý Nghĩa, Sang Trọng",https://down-vn.img.susercontent.com/file/vn-11134207-7ras8-mcbic972ro3gcb,https://shopee.vn/Thuyền-Tre-Decor-Khắc-Thuận-Buồm-Xuôi-Gió-–-Quà-Tặng-Ý-Nghĩa-Sang-Trọng-i.1585073557.42308909859?extraParams=%7B%22display_model_id%22%3A248636694898%2C%22model_selection_logic%22%3A3%7D
290,quatangeco,Thành phố Hà Nội,https://shopee.vn/search?shop=1585073557,Quà tặng 20-11 – Hộp Bút Gỗ Khắc Tên – Món Quà Tri Ân Thầy Cô Gửi Ngàn Lời Biết Ơn,75.000 ₫,Đặc sản chất lượng - Quà tặng 20-11 – Hộp Bút Gỗ Khắc Tên – Món Quà Tri Ân Thầy Cô Gửi Ngàn Lời Biết Ơn,https://down-vn.img.susercontent.com/file/vn-11134207-7ras8-mca2rmft498cdc,https://shopee.vn/Quà-tặng-20-11-–-Hộp-Bút-Gỗ-Khắc-Tên-–-Món-Quà-Tri-Ân-Thầy-Cô-Gửi-Ngàn-Lời-Biết-Ơn-i.1585073557.28288756343?extraParams=%7B%22display_model_id%22%3A258633303258%2C%22model_selection_logic%22%3A3%7D
291,PureLiving.vn,Thành phố Hồ Chí Minh,https://shopee.vn/search?shop=1664296294,"Túi đựng chăn bông mẫu giáo PURELIVING, Túi đựng đồ bà bầu nhẹ in hình hoạt hình, Túi đựng quần áo vải dung tích lớn có thể gập lại di động Túi đóng gói sử dụng cho trẻ mẫu giáo",68.094 ₫,"Đặc sản chất lượng - Túi đựng chăn bông mẫu giáo PURELIVING, Túi đựng đồ bà bầu nhẹ in hình hoạt hình, Túi đựng quần áo vải dung tích lớn có thể gập lại di động Túi đóng gói sử dụng cho trẻ mẫu giáo",https://down-vn.img.susercontent.com/file/sg-11134201-81zww-mmskttroq1vn2d,https://shopee.vn/Túi-đựng-chăn-bông-mẫu-giáo-PURELIVING-Túi-đựng-đồ-bà-bầu-nhẹ-in-hình-hoạt-hình-Túi-đựng-quần-áo-vải-dung-tích-lớn-có-thể-gập-lại-di-động-Túi-đóng-gói-sử-dụng-cho-trẻ-mẫu-giáo-i.1664296294.45152282696?extraParams=%7B%22display_model_id%22%3A400219911656%2C%22model_selection_logic%22%3A3%7D
292,PureLiving.vn,Thành phố Hồ Chí Minh,https://shopee.vn/search?shop=1664296294,"Thắt lưng da Goth và Punk Rock với đinh tán hình ngôi sao, phù hợp phong cách Hip Hop",45.784 ₫,"Đặc sản chất lượng - Thắt lưng da Goth và Punk Rock với đinh tán hình ngôi sao, phù hợp phong cách Hip Hop",https://down-vn.img.susercontent.com/file/sg-11134201-81zvm-mmskv2hts35v09,https://shopee.vn/Thắt-lưng-da-Goth-và-Punk-Rock-với-đinh-tán-hình-ngôi-sao-phù-hợp-phong-cách-Hip-Hop-i.1664296294.28043701222?extraParams=%7B%22display_model_id%22%3A325219909818%2C%22model_selection_logic%22%3A3%7D
293,PureLiving.vn,Thành phố Hồ Chí Minh,https://shopee.vn/search?shop=1664296294,"MUA 100 Chiếc Túi Tự Niêm Phong, Túi Khóa Zip Nhựa PVC Trong Suốt, Bền Chống Bụi Có Thể Đóng Lại Túi Trang Sức Vòng Cổ Vòng Tay Vòng Tay",44.135 ₫,"Đặc sản chất lượng - MUA 100 Chiếc Túi Tự Niêm Phong, Túi Khóa Zip Nhựa PVC Trong Suốt, Bền Chống Bụi Có Thể Đóng Lại Túi Trang Sức Vòng Cổ Vòng Tay Vòng Tay",https://down-vn.img.susercontent.com/file/sg-11134201-81zvg-mmskuq30s0zq26,https://shopee.vn/MUA-100-Chiếc-Túi-Tự-Niêm-Phong-Túi-Khóa-Zip-Nhựa-PVC-Trong-Suốt-Bền-Chống-Bụi-Có-Thể-Đóng-Lại-Túi-Trang-Sức-Vòng-Cổ-Vòng-Tay-Vòng-Tay-i.1664296294.46703828273?extraParams=%7B%22display_model_id%22%3A410362303341%2C%22model_selection_logic%22%3A3%7D
294,PureLiving.vn,Thành phố Hồ Chí Minh,https://shopee.vn/search?shop=1664296294,"PURELIVING Bàn chải tóc có lỗ thông hơi có thể phân hủy, Massage da đầu Bàn chải gỡ rối tóc thẳng, Dụng cụ làm tóc DIY Lược massage da đầu tạo kiểu tóc ABS công dụng kép cho tóc khô ướt",44.814 ₫,"Đặc sản chất lượng - PURELIVING Bàn chải tóc có lỗ thông hơi có thể phân hủy, Massage da đầu Bàn chải gỡ rối tóc thẳng, Dụng cụ làm tóc DIY Lược massage da đầu tạo kiểu tóc ABS công dụng kép cho tóc khô ướt",https://down-vn.img.susercontent.com/file/sg-11134201-81ztd-mmskwh1h6ih179,https://shopee.vn/PURELIVING-Bàn-chải-tóc-có-lỗ-thông-hơi-có-thể-phân-hủy-Massage-da-đầu-Bàn-chải-gỡ-rối-tóc-thẳng-Dụng-cụ-làm-tóc-DIY-Lược-massage-da-đầu-tạo-kiểu-tóc-ABS-công-dụng-kép-cho-tóc-khô-ướt-i.1664296294.44227635056?extraParams=%7B%22display_model_id%22%3A420368433960%2C%22model_selection_logic%22%3A3%7D
295,PureLiving.vn,Thành phố Hồ Chí Minh,https://shopee.vn/search?shop=1664296294,"PURELIVING 100 Chiếc Khóa Gắn Đèn, Dải LED Nhựa COB Linh Hoạt 220V Kẹp Cố Định, Giá Đỡ Đèn 8-20mm Lắp 5050 / 5730 / 2835 Đầu Nối Giá Đỡ Đèn Tường",47.918 ₫,"Đặc sản chất lượng - PURELIVING 100 Chiếc Khóa Gắn Đèn, Dải LED Nhựa COB Linh Hoạt 220V Kẹp Cố Định, Giá Đỡ Đèn 8-20mm Lắp 5050 / 5730 / 2835 Đầu Nối Giá Đỡ Đèn Tường",https://down-vn.img.susercontent.com/file/sg-11134201-81zw5-mmskv42w7uv57c,https://shopee.vn/PURELIVING-100-Chiếc-Khóa-Gắn-Đèn-Dải-LED-Nhựa-COB-Linh-Hoạt-220V-Kẹp-Cố-Định-Giá-Đỡ-Đèn-8-20mm-Lắp-5050-5730-2835-Đầu-Nối-Giá-Đỡ-Đèn-Tường-i.1664296294.42077626414?extraParams=%7B%22display_model_id%22%3A99256556408%2C%22model_selection_logic%22%3A3%7D
296,PureLiving.vn,Thành phố Hồ Chí Minh,https://shopee.vn/search?shop=1664296294,"Chốt lắp đặt vòi PURELIVING, Vòi lắp đặt nhanh Đai ốc đế cố định chống mất, buộc Circlip Tap Giá đỡ đế cố định Nhà bếp Phòng tắm Phụ kiện bồn rửa",54.805 ₫,"Đặc sản chất lượng - Chốt lắp đặt vòi PURELIVING, Vòi lắp đặt nhanh Đai ốc đế cố định chống mất, buộc Circlip Tap Giá đỡ đế cố định Nhà bếp Phòng tắm Phụ kiện bồn rửa",https://down-vn.img.susercontent.com/file/sg-11134201-81zvg-mits7jaf5z485e,https://shopee.vn/Chốt-lắp-đặt-vòi-PURELIVING-Vòi-lắp-đặt-nhanh-Đai-ốc-đế-cố-định-chống-mất-buộc-Circlip-Tap-Giá-đỡ-đế-cố-định-Nhà-bếp-Phòng-tắm-Phụ-kiện-bồn-rửa-i.1664296294.44603889551?extraParams=%7B%22display_model_id%22%3A410368440208%2C%22model_selection_logic%22%3A3%7D
297,PureLiving.vn,Thành phố Hồ Chí Minh,https://shopee.vn/search?shop=1664296294,"PURELIVING Cốc Nhỏ, Nhà Vô Địch Có Nắp Cúp Vàng Giải Thưởng, Thi Đấu Trường Bóng Đá Cung Cấp Phần Thưởng Mô Hình Kim Loại Người Chiến Thắng Giải Thưởng Cúp Đồ Chơi Trẻ Em Giải Thưởng",146.500 ₫,"Đặc sản chất lượng - PURELIVING Cốc Nhỏ, Nhà Vô Địch Có Nắp Cúp Vàng Giải Thưởng, Thi Đấu Trường Bóng Đá Cung Cấp Phần Thưởng Mô Hình Kim Loại Người Chiến Thắng Giải Thưởng Cúp Đồ Chơi Trẻ Em Giải Thưởng",https://down-vn.img.susercontent.com/file/sg-11134201-8261g-mllrqkabl0ch3d,https://shopee.vn/PURELIVING-Cốc-Nhỏ-Nhà-Vô-Địch-Có-Nắp-Cúp-Vàng-Giải-Thưởng-Thi-Đấu-Trường-Bóng-Đá-Cung-Cấp-Phần-Thưởng-Mô-Hình-Kim-Loại-Người-Chiến-Thắng-Giải-Thưởng-Cúp-Đồ-Chơi-Trẻ-Em-Giải-Thưởng-i.1664296294.49706977654?extraParams=%7B%22display_model_id%22%3A435622343616%2C%22model_selection_logic%22%3A3%7D
298,PureLiving.vn,Thành phố Hồ Chí Minh,https://shopee.vn/search?shop=1664296294,"MUA 1 Cặp Không Dây Buộc Giày, Dây Kim Loại Dây Xoay Dây Giày Khóa Xoay, Giày Sneaker Đa Năng Giày Chạy Bộ Tự Động Khóa Nhanh Dây Giày Trẻ Em Người Lớn",36.763 ₫,"Đặc sản chất lượng - MUA 1 Cặp Không Dây Buộc Giày, Dây Kim Loại Dây Xoay Dây Giày Khóa Xoay, Giày Sneaker Đa Năng Giày Chạy Bộ Tự Động Khóa Nhanh Dây Giày Trẻ Em Người Lớn",https://down-vn.img.susercontent.com/file/sg-11134201-81zup-mmskv6v964915d,https://shopee.vn/MUA-1-Cặp-Không-Dây-Buộc-Giày-Dây-Kim-Loại-Dây-Xoay-Dây-Giày-Khóa-Xoay-Giày-Sneaker-Đa-Năng-Giày-Chạy-Bộ-Tự-Động-Khóa-Nhanh-Dây-Giày-Trẻ-Em-Người-Lớn-i.1664296294.55603878683?extraParams=%7B%22display_model_id%22%3A380368445095%2C%22model_selection_logic%22%3A3%7D
299,PureLiving.vn,Thành phố Hồ Chí Minh,https://shopee.vn/search?shop=1664296294,"Dải giữ nước PURELIVING, Nút chặn nước có thể uốn cong tách khô và ướt, Dải niêm phong đáy cửa tự dính",46.463 ₫,"Đặc sản chất lượng - Dải giữ nước PURELIVING, Nút chặn nước có thể uốn cong tách khô và ướt, Dải niêm phong đáy cửa tự dính",https://down-vn.img.susercontent.com/file/sg-11134201-81zul-mmskuisa8mwxd1,https://shopee.vn/Dải-giữ-nước-PURELIVING-Nút-chặn-nước-có-thể-uốn-cong-tách-khô-và-ướt-Dải-niêm-phong-đáy-cửa-tự-dính-i.1664296294.58052289840?extraParams=%7B%22display_model_id%22%3A292211681719%2C%22model_selection_logic%22%3A3%7D
300,PureLiving.vn,Thành phố Hồ Chí Minh,https://shopee.vn/search?shop=1664296294,Túi đeo vai PURELIVING Nylon thực tế để làm việc Nhẹ chống thấm nước,94.000 ₫,Đặc sản chất lượng - Túi đeo vai PURELIVING Nylon thực tế để làm việc Nhẹ chống thấm nước,https://down-vn.img.susercontent.com/file/sg-11134201-81zws-mmskvm57fvglcb,https://shopee.vn/Túi-đeo-vai-PURELIVING-Nylon-thực-tế-để-làm-việc-Nhẹ-chống-thấm-nước-i.1664296294.57203474908?extraParams=%7B%22display_model_id%22%3A435334470411%2C%22model_selection_logic%22%3A3%7D
301,AHY Uniform,Thành phố Hà Nội,https://shopee.vn/search?shop=218540831,Kẹp nâng mũi Nhật Bản silicon hàng chính hãng,189.000 ₫,Đặc sản chất lượng - Kẹp nâng mũi Nhật Bản silicon hàng chính hãng,https://down-vn.img.susercontent.com/file/c42e1c1290389d5ffaf063fdabe0edb7,https://shopee.vn/Kẹp-nâng-mũi-Nhật-Bản-silicon-hàng-chính-hãng-i.218540831.7349865902?extraParams=%7B%22display_model_id%22%3A133264445619%2C%22model_selection_logic%22%3A3%7D
302,AHY Uniform,Thành phố Hà Nội,https://shopee.vn/search?shop=218540831,kẹp nâng mũi cao cấp Nhật Bản,169.000 ₫,Đặc sản chất lượng - kẹp nâng mũi cao cấp Nhật Bản,https://down-vn.img.susercontent.com/file/37f9ffba12670c1f5a4b6f6ba3b89c4f,https://shopee.vn/kẹp-nâng-mũi-cao-cấp-Nhật-Bản-i.218540831.7563931758?extraParams=%7B%22display_model_id%22%3A252997658091%2C%22model_selection_logic%22%3A3%7D
303,AHY Uniform,Thành phố Hà Nội,https://shopee.vn/search?shop=218540831,Dép quai trong cao cấp size 38 -pass nhanh ạ NEW 100%,120.000 ₫,Đặc sản chất lượng - Dép quai trong cao cấp size 38 -pass nhanh ạ NEW 100%,https://down-vn.img.susercontent.com/file/vn-11134207-7qukw-lkgp75whnj4s99,https://shopee.vn/Dép-quai-trong-cao-cấp-size-38-pass-nhanh-ạ-NEW-100--i.218540831.7060416856?extraParams=%7B%22display_model_id%22%3A31626351887%2C%22model_selection_logic%22%3A3%7D
304,AHY Uniform,Thành phố Hà Nội,https://shopee.vn/search?shop=218540831,"Cốc sứ in hình theo yêu cầu – In logo, in ảnh, quà tặng ý nghĩa",35.000 ₫,"Đặc sản chất lượng - Cốc sứ in hình theo yêu cầu – In logo, in ảnh, quà tặng ý nghĩa",https://down-vn.img.susercontent.com/file/vn-11134207-820l4-meegrer3h62o19,https://shopee.vn/Cốc-sứ-in-hình-theo-yêu-cầu-–-In-logo-in-ảnh-quà-tặng-ý-nghĩa-i.218540831.42068091019?extraParams=%7B%22display_model_id%22%3A138450718389%2C%22model_selection_logic%22%3A3%7D
305,AHY Uniform,Thành phố Hà Nội,https://shopee.vn/search?shop=218540831,Chén uống nước,8.000 ₫,Đặc sản chất lượng - Chén uống nước,https://down-vn.img.susercontent.com/file/vn-11134207-7ra0g-m8gdweflk5tu24,https://shopee.vn/Chén-uống-nước-i.218540831.27483059376?extraParams=%7B%22display_model_id%22%3A208414369388%2C%22model_selection_logic%22%3A3%7D
306,AHY Uniform,Thành phố Hà Nội,https://shopee.vn/search?shop=218540831,Cốc in hình World Cup 2026  | Ly sứ in logo WC 2026 sắc nét – quà tặng fan bóng đá,53.500 ₫,Đặc sản chất lượng - Cốc in hình World Cup 2026  | Ly sứ in logo WC 2026 sắc nét – quà tặng fan bóng đá,https://down-vn.img.susercontent.com/file/vn-11134207-81ztc-mnbmscbr4iyq55,https://shopee.vn/Cốc-in-hình-World-Cup-2026-Ly-sứ-in-logo-WC-2026-sắc-nét-–-quà-tặng-fan-bóng-đá-i.218540831.49159283318?extraParams=%7B%22display_model_id%22%3A292558300958%2C%22model_selection_logic%22%3A3%7D
307,AHY Uniform,Thành phố Hà Nội,https://shopee.vn/search?shop=218540831,Cốc sứ in logo CLB bóng đá nổi tiếng ceramic cao cấp - quà tặng bóng đá,52.999 ₫,Đặc sản chất lượng - Cốc sứ in logo CLB bóng đá nổi tiếng ceramic cao cấp - quà tặng bóng đá,https://down-vn.img.susercontent.com/file/vn-11134207-820l4-mhhlm3p0r3t1e4,https://shopee.vn/Cốc-sứ-in-logo-CLB-bóng-đá-nổi-tiếng-ceramic-cao-cấp-quà-tặng-bóng-đá-i.218540831.54352069924?extraParams=%7B%22display_model_id%22%3A370638459564%2C%22model_selection_logic%22%3A3%7D
308,AHY Uniform,Thành phố Hà Nội,https://shopee.vn/search?shop=218540831,"Túi Tote Vải Canvas Basic Form Chuẩn 34x38  | Phong Cách Unisex Hàn Quốc, Đựng Đồ Tiện Lợi, Bền Đẹp",65.000 ₫,"Đặc sản chất lượng - Túi Tote Vải Canvas Basic Form Chuẩn 34x38  | Phong Cách Unisex Hàn Quốc, Đựng Đồ Tiện Lợi, Bền Đẹp",https://down-vn.img.susercontent.com/file/vn-11134207-7ras8-mc0r7e7be2kucc,https://shopee.vn/Túi-Tote-Vải-Canvas-Basic-Form-Chuẩn-34x38-Phong-Cách-Unisex-Hàn-Quốc-Đựng-Đồ-Tiện-Lợi-Bền-Đẹp-i.218540831.28688543089?extraParams=%7B%22display_model_id%22%3A270679735410%2C%22model_selection_logic%22%3A3%7D
309,AHY Uniform,Thành phố Hà Nội,https://shopee.vn/search?shop=218540831,Cốc sứ cặp đôi - quà tặng ý nghĩa,51.000 ₫,Đặc sản chất lượng - Cốc sứ cặp đôi - quà tặng ý nghĩa,https://down-vn.img.susercontent.com/file/vn-11134207-81ztc-mk66aom8b3sy3c,https://shopee.vn/Cốc-sứ-cặp-đôi-quà-tặng-ý-nghĩa-i.218540831.57955686296?extraParams=%7B%22display_model_id%22%3A425513953017%2C%22model_selection_logic%22%3A3%7D
310,AHY Uniform,Thành phố Hà Nội,https://shopee.vn/search?shop=218540831,Cốc sứ Uống nước nhớ nguồn – Nhắc nhở giá trị Việt mỗi ngày,52.000 ₫,Đặc sản chất lượng - Cốc sứ Uống nước nhớ nguồn – Nhắc nhở giá trị Việt mỗi ngày,https://down-vn.img.susercontent.com/file/vn-11134207-81ztc-mk24e4syp89148,https://shopee.vn/Cốc-sứ-Uống-nước-nhớ-nguồn-–-Nhắc-nhở-giá-trị-Việt-mỗi-ngày-i.218540831.55605565290?extraParams=%7B%22display_model_id%22%3A355503275355%2C%22model_selection_logic%22%3A3%7D
311,Đệ Nhị Thập Ngũ Tiểu Thời,Tỉnh Quảng Ninh,https://shopee.vn/search?shop=1728849871,"Máy tạo độ ẩm mô phỏng ngọn lửa, máy xông tinh dầu cho khách sạn, nhà ở, phòng khách, phòng ngủ, văn phòng, máy xịt hươn",445.151 ₫,"Đặc sản chất lượng - Máy tạo độ ẩm mô phỏng ngọn lửa, máy xông tinh dầu cho khách sạn, nhà ở, phòng khách, phòng ngủ, văn phòng, máy xịt hươn",https://down-vn.img.susercontent.com/file/sg-11134201-82628-mm7o54l9adj813,https://shopee.vn/Máy-tạo-độ-ẩm-mô-phỏng-ngọn-lửa-máy-xông-tinh-dầu-cho-khách-sạn-nhà-ở-phòng-khách-phòng-ngủ-văn-phòng-máy-xịt-hươn-i.1728849871.58157632128?extraParams=%7B%22display_model_id%22%3A405679350168%2C%22model_selection_logic%22%3A3%7D
312,Đệ Nhị Thập Ngũ Tiểu Thời,Tỉnh Quảng Ninh,https://shopee.vn/search?shop=1728849871,"Lư hương hồi lưu bằng đồng thau dùng trong nhà, vật trang trí treo trong nhà sáng tạo, phong cách cổ điển dùng để xông h",2.060.142 ₫,"Đặc sản chất lượng - Lư hương hồi lưu bằng đồng thau dùng trong nhà, vật trang trí treo trong nhà sáng tạo, phong cách cổ điển dùng để xông h",https://down-vn.img.susercontent.com/file/sg-11134201-8262u-mm7euwm8ln284a,https://shopee.vn/Lư-hương-hồi-lưu-bằng-đồng-thau-dùng-trong-nhà-vật-trang-trí-treo-trong-nhà-sáng-tạo-phong-cách-cổ-điển-dùng-để-xông-h-i.1728849871.58157625126?extraParams=%7B%22display_model_id%22%3A238260754934%2C%22model_selection_logic%22%3A3%7D
313,Đệ Nhị Thập Ngũ Tiểu Thời,Tỉnh Quảng Ninh,https://shopee.vn/search?shop=1728849871,"Sản phẩm văn hóa và sáng tạo của Forbidden City: ""Phong cảnh tươi đẹp trong thời khắc tươi đẹp"" - Nước hoa dạng sáp đặc,",729.533 ₫,"Đặc sản chất lượng - Sản phẩm văn hóa và sáng tạo của Forbidden City: ""Phong cảnh tươi đẹp trong thời khắc tươi đẹp"" - Nước hoa dạng sáp đặc,",https://down-vn.img.susercontent.com/file/sg-11134201-8260z-mm8leuj8btvn4f,https://shopee.vn/Sản-phẩm-văn-hóa-và-sáng-tạo-của-Forbidden-City-Phong-cảnh-tươi-đẹp-trong-thời-khắc-tươi-đẹp-Nước-hoa-dạng-sáp-đặc--i.1728849871.58107669641?extraParams=%7B%22display_model_id%22%3A325682136097%2C%22model_selection_logic%22%3A3%7D
314,Đệ Nhị Thập Ngũ Tiểu Thời,Tỉnh Quảng Ninh,https://shopee.vn/search?shop=1728849871,"Lư hương cung đình: Phong cách cung đình cổ xưa, thẩm mỹ thiền cổ điển, lư hương nhỏ tinh xảo, bản sao gốm sứ cổ, lư hươ",262.288 ₫,"Đặc sản chất lượng - Lư hương cung đình: Phong cách cung đình cổ xưa, thẩm mỹ thiền cổ điển, lư hương nhỏ tinh xảo, bản sao gốm sứ cổ, lư hươ",https://down-vn.img.susercontent.com/file/sg-11134201-8262g-mm8gy9nip4at93,https://shopee.vn/Lư-hương-cung-đình-Phong-cách-cung-đình-cổ-xưa-thẩm-mỹ-thiền-cổ-điển-lư-hương-nhỏ-tinh-xảo-bản-sao-gốm-sứ-cổ-lư-hươ-i.1728849871.58107663407?extraParams=%7B%22display_model_id%22%3A335681463491%2C%22model_selection_logic%22%3A3%7D
315,Đệ Nhị Thập Ngũ Tiểu Thời,Tỉnh Quảng Ninh,https://shopee.vn/search?shop=1728849871,"Lư hương dùng trong nhà, lư hương trầm hương trong nhà, đa năng dùng cho nhang khoanh và nhang trầm hương, lư hương hình",652.836 ₫,"Đặc sản chất lượng - Lư hương dùng trong nhà, lư hương trầm hương trong nhà, đa năng dùng cho nhang khoanh và nhang trầm hương, lư hương hình",https://down-vn.img.susercontent.com/file/sg-11134201-8261b-mm8ge787dfr7ef,https://shopee.vn/Lư-hương-dùng-trong-nhà-lư-hương-trầm-hương-trong-nhà-đa-năng-dùng-cho-nhang-khoanh-và-nhang-trầm-hương-lư-hương-hình-i.1728849871.58057644026?extraParams=%7B%22display_model_id%22%3A400681394869%2C%22model_selection_logic%22%3A3%7D
316,Đệ Nhị Thập Ngũ Tiểu Thời,Tỉnh Quảng Ninh,https://shopee.vn/search?shop=1728849871,Hộp quà đá thơm Phù thủy xứ Oz | Đồ trang trí nhà bằng đá pha lê Quà tặng tinh dầu trị liệu bằng hương thơm dành cho các,627.227 ₫,Đặc sản chất lượng - Hộp quà đá thơm Phù thủy xứ Oz | Đồ trang trí nhà bằng đá pha lê Quà tặng tinh dầu trị liệu bằng hương thơm dành cho các,https://down-vn.img.susercontent.com/file/sg-11134201-8261g-mm7rx2101fcy03,https://shopee.vn/Hộp-quà-đá-thơm-Phù-thủy-xứ-Oz-Đồ-trang-trí-nhà-bằng-đá-pha-lê-Quà-tặng-tinh-dầu-trị-liệu-bằng-hương-thơm-dành-cho-các-i.1728849871.58057632949?extraParams=%7B%22display_model_id%22%3A315680197639%2C%22model_selection_logic%22%3A3%7D
317,Đệ Nhị Thập Ngũ Tiểu Thời,Tỉnh Quảng Ninh,https://shopee.vn/search?shop=1728849871,"Nến thơm Yuxiang Chenfan - Vật trang trí sang trọng, hương thơm sáp đậu nành không khói, tạo không gian cao cấp, món quà",481.167 ₫,"Đặc sản chất lượng - Nến thơm Yuxiang Chenfan - Vật trang trí sang trọng, hương thơm sáp đậu nành không khói, tạo không gian cao cấp, món quà",https://down-vn.img.susercontent.com/file/sg-11134201-82635-mm7s4i42e60z8f,https://shopee.vn/Nến-thơm-Yuxiang-Chenfan-Vật-trang-trí-sang-trọng-hương-thơm-sáp-đậu-nành-không-khói-tạo-không-gian-cao-cấp-món-quà-i.1728849871.58007632995?extraParams=%7B%22display_model_id%22%3A325679622631%2C%22model_selection_logic%22%3A3%7D
318,Đệ Nhị Thập Ngũ Tiểu Thời,Tỉnh Quảng Ninh,https://shopee.vn/search?shop=1728849871,"Lư hương trầm hương kiểu Trung Quốc mới, trang trí hương trầm lớn, lư hương cao cấp phong cách cổ điển sang trọng dùng t",2.060.142 ₫,"Đặc sản chất lượng - Lư hương trầm hương kiểu Trung Quốc mới, trang trí hương trầm lớn, lư hương cao cấp phong cách cổ điển sang trọng dùng t",https://down-vn.img.susercontent.com/file/sg-11134201-8260h-mm7e73oovqioa9,https://shopee.vn/Lư-hương-trầm-hương-kiểu-Trung-Quốc-mới-trang-trí-hương-trầm-lớn-lư-hương-cao-cấp-phong-cách-cổ-điển-sang-trọng-dùng-t-i.1728849871.58007614632?extraParams=%7B%22display_model_id%22%3A287476289038%2C%22model_selection_logic%22%3A3%7D
319,Đệ Nhị Thập Ngũ Tiểu Thời,Tỉnh Quảng Ninh,https://shopee.vn/search?shop=1728849871,"Nến thơm hình cú dễ thương, quà sinh nhật cho bé gái, bạn thân, quà lưu niệm, trang trí phòng ngủ, quà tặng ngày nhà giá",299.501 ₫,"Đặc sản chất lượng - Nến thơm hình cú dễ thương, quà sinh nhật cho bé gái, bạn thân, quà lưu niệm, trang trí phòng ngủ, quà tặng ngày nhà giá",https://down-vn.img.susercontent.com/file/sg-11134201-825zk-mm7q8fn6am0wa4,https://shopee.vn/Nến-thơm-hình-cú-dễ-thương-quà-sinh-nhật-cho-bé-gái-bạn-thân-quà-lưu-niệm-trang-trí-phòng-ngủ-quà-tặng-ngày-nhà-giá-i.1728849871.57957632692?extraParams=%7B%22display_model_id%22%3A400679507938%2C%22model_selection_logic%22%3A3%7D
320,Đệ Nhị Thập Ngũ Tiểu Thời,Tỉnh Quảng Ninh,https://shopee.vn/search?shop=1728849871,"Máy tạo độ ẩm ô tô, Máy lọc không khí, Máy phun tinh dầu thơm ô tô, Máy khử mùi ô tô, Nước hoa ô tô.",465.337 ₫,"Đặc sản chất lượng - Máy tạo độ ẩm ô tô, Máy lọc không khí, Máy phun tinh dầu thơm ô tô, Máy khử mùi ô tô, Nước hoa ô tô.",https://down-vn.img.susercontent.com/file/sg-11134201-8261e-mm7nig8pnfns3c,https://shopee.vn/Máy-tạo-độ-ẩm-ô-tô-Máy-lọc-không-khí-Máy-phun-tinh-dầu-thơm-ô-tô-Máy-khử-mùi-ô-tô-Nước-hoa-ô-tô.-i.1728849871.57957632014?extraParams=%7B%22display_model_id%22%3A345679292851%2C%22model_selection_logic%22%3A3%7D
321,Mây Tre Đạo Cụ Decor,Thành phố Đà Nẵng,https://shopee.vn/search?shop=48399387,01 Đôi Hoa Tai Được làm Thủ Công Bằng Chất Liệu Gỗ xà Cừ Nhiều Hình Dáng Và Màu Sắc Xinh Xắn,45.900 ₫,Đặc sản chất lượng - 01 Đôi Hoa Tai Được làm Thủ Công Bằng Chất Liệu Gỗ xà Cừ Nhiều Hình Dáng Và Màu Sắc Xinh Xắn,https://down-vn.img.susercontent.com/file/e3ad8ae7597f80358e409c9d03479223,https://shopee.vn/01-Đôi-Hoa-Tai-Được-làm-Thủ-Công-Bằng-Chất-Liệu-Gỗ-xà-Cừ-Nhiều-Hình-Dáng-Và-Màu-Sắc-Xinh-Xắn-i.48399387.9654395938?extraParams=%7B%22display_model_id%22%3A55400928439%2C%22model_selection_logic%22%3A3%7D
322,Mây Tre Đạo Cụ Decor,Thành phố Đà Nẵng,https://shopee.vn/search?shop=48399387,"(Có Ảnh/ Video Thật) Khay Mây Tre  Decor Các Tầng (1 Tầng, 2 Tầng, 3 Tầng) Hàng Đẹp, Có Thể Tháo Rời",45.500 ₫,"Đặc sản chất lượng - (Có Ảnh/ Video Thật) Khay Mây Tre  Decor Các Tầng (1 Tầng, 2 Tầng, 3 Tầng) Hàng Đẹp, Có Thể Tháo Rời",https://down-vn.img.susercontent.com/file/077f0ac98c9d7816556effc3e67dd9be,https://shopee.vn/(Có-Ảnh-Video-Thật)-Khay-Mây-Tre-Decor-Các-Tầng-(1-Tầng-2-Tầng-3-Tầng)-Hàng-Đẹp-Có-Thể-Tháo-Rời-i.48399387.5178466300?extraParams=%7B%22display_model_id%22%3A235597557435%2C%22model_selection_logic%22%3A3%7D
323,Mây Tre Đạo Cụ Decor,Thành phố Đà Nẵng,https://shopee.vn/search?shop=48399387,1kg Lá Bàng Non Tươi Tại Đà Nẵng,50.000 ₫,Đặc sản chất lượng - 1kg Lá Bàng Non Tươi Tại Đà Nẵng,https://down-vn.img.susercontent.com/file/vn-11134211-7ra0g-m6m0n7itv0brbc,https://shopee.vn/1kg-Lá-Bàng-Non-Tươi-Tại-Đà-Nẵng-i.48399387.13133576319?extraParams=%7B%22display_model_id%22%3A121507216400%2C%22model_selection_logic%22%3A3%7D
324,Mây Tre Đạo Cụ Decor,Thành phố Đà Nẵng,https://shopee.vn/search?shop=48399387,[Rẻ Vô Địch] KẸP TÓC HOA ĐẠI - KẸP TÓC HOA SỨ - KẸP TÓC HOTTREND - KẸP TÓC THỜI TRANG,35.000 ₫,Đặc sản chất lượng - [Rẻ Vô Địch] KẸP TÓC HOA ĐẠI - KẸP TÓC HOA SỨ - KẸP TÓC HOTTREND - KẸP TÓC THỜI TRANG,https://down-vn.img.susercontent.com/file/vn-11134211-7ra0g-m6m2psgms1b5bb,https://shopee.vn/-Rẻ-Vô-Địch-KẸP-TÓC-HOA-ĐẠI-KẸP-TÓC-HOA-SỨ-KẸP-TÓC-HOTTREND-KẸP-TÓC-THỜI-TRANG-i.48399387.9151017016?extraParams=%7B%22display_model_id%22%3A59748015748%2C%22model_selection_logic%22%3A3%7D
325,Mây Tre Đạo Cụ Decor,Thành phố Đà Nẵng,https://shopee.vn/search?shop=48399387,"Khẩu Trang Vải Hình Mèo Và Cừu Nhiều Màu Dùng Chống Nắng, Kháng Bụi",19.000 ₫,"Đặc sản chất lượng - Khẩu Trang Vải Hình Mèo Và Cừu Nhiều Màu Dùng Chống Nắng, Kháng Bụi",https://down-vn.img.susercontent.com/file/vn-11134211-7ra0g-m6m2kljuq72w25,https://shopee.vn/Khẩu-Trang-Vải-Hình-Mèo-Và-Cừu-Nhiều-Màu-Dùng-Chống-Nắng-Kháng-Bụi-i.48399387.17120623139?extraParams=%7B%22display_model_id%22%3A142972058011%2C%22model_selection_logic%22%3A3%7D
326,Mây Tre Đạo Cụ Decor,Thành phố Đà Nẵng,https://shopee.vn/search?shop=48399387,"Cam Vàng/ Chanh Thái Lát Sấy Lạnh, Quế Cây, Quả Thông Làm Phụ Kiện Trang Trí Và Làm Quà Giáng Sinh",25.500 ₫,"Đặc sản chất lượng - Cam Vàng/ Chanh Thái Lát Sấy Lạnh, Quế Cây, Quả Thông Làm Phụ Kiện Trang Trí Và Làm Quà Giáng Sinh",https://down-vn.img.susercontent.com/file/e1d85821b3e79f4705e621a3d9411c07,https://shopee.vn/Cam-Vàng-Chanh-Thái-Lát-Sấy-Lạnh-Quế-Cây-Quả-Thông-Làm-Phụ-Kiện-Trang-Trí-Và-Làm-Quà-Giáng-Sinh-i.48399387.15915834640?extraParams=%7B%22display_model_id%22%3A420026965885%2C%22model_selection_logic%22%3A3%7D
327,Mây Tre Đạo Cụ Decor,Thành phố Đà Nẵng,https://shopee.vn/search?shop=48399387,Bó 100 Bông Lúa Mạch Màu Vàng Tài Lộc - Hoa Chưng Tết - Trang Trí Decor Xinh Xắn Và Độc Đáo,129.000 ₫,Đặc sản chất lượng - Bó 100 Bông Lúa Mạch Màu Vàng Tài Lộc - Hoa Chưng Tết - Trang Trí Decor Xinh Xắn Và Độc Đáo,https://down-vn.img.susercontent.com/file/b870f484c16ddd8cf1ae1db5a105ef29,https://shopee.vn/Bó-100-Bông-Lúa-Mạch-Màu-Vàng-Tài-Lộc-Hoa-Chưng-Tết-Trang-Trí-Decor-Xinh-Xắn-Và-Độc-Đáo-i.48399387.15306681680?extraParams=%7B%22display_model_id%22%3A122586059174%2C%22model_selection_logic%22%3A3%7D
328,Mây Tre Đạo Cụ Decor,Thành phố Đà Nẵng,https://shopee.vn/search?shop=48399387,"(Có Ảnh Thật) Bộ Đồ Dùng Cho Khách Sạn: Bàn Chải, Lược, Dao Cạo Và Các Phụ Kiện Đi Kèm",39.900 ₫,"Đặc sản chất lượng - (Có Ảnh Thật) Bộ Đồ Dùng Cho Khách Sạn: Bàn Chải, Lược, Dao Cạo Và Các Phụ Kiện Đi Kèm",https://down-vn.img.susercontent.com/file/vn-11134207-7r98o-lulx1vfzlcmd09,https://shopee.vn/(Có-Ảnh-Thật)-Bộ-Đồ-Dùng-Cho-Khách-Sạn-Bàn-Chải-Lược-Dao-Cạo-Và-Các-Phụ-Kiện-Đi-Kèm-i.48399387.14779836953?extraParams=%7B%22display_model_id%22%3A255725326864%2C%22model_selection_logic%22%3A3%7D
329,Mây Tre Đạo Cụ Decor,Thành phố Đà Nẵng,https://shopee.vn/search?shop=48399387,Combo 10 Cái Cao Sao Vàng Việt Nam [GOLDEN STAR BALM] Dược TW3 3gr,99.000 ₫,Đặc sản chất lượng - Combo 10 Cái Cao Sao Vàng Việt Nam [GOLDEN STAR BALM] Dược TW3 3gr,https://down-vn.img.susercontent.com/file/vn-11134207-7ras8-m1je9ky9cq4zea,https://shopee.vn/Combo-10-Cái-Cao-Sao-Vàng-Việt-Nam-GOLDEN-STAR-BALM-Dược-TW3-3gr-i.48399387.14540818731?extraParams=%7B%22display_model_id%22%3A295396909371%2C%22model_selection_logic%22%3A3%7D
330,Mây Tre Đạo Cụ Decor,Thành phố Đà Nẵng,https://shopee.vn/search?shop=48399387,[Bộ Sưu Tập Đồ Tre Handmade] Bát Tre/ Chén Tre Kích Thước Đường Kính/ Chiều Cao D8*H12 cm và D11*H6 cm/ Chỉ Đựng Đồ Lạnh,45.900 ₫,Đặc sản chất lượng - [Bộ Sưu Tập Đồ Tre Handmade] Bát Tre/ Chén Tre Kích Thước Đường Kính/ Chiều Cao D8*H12 cm và D11*H6 cm/ Chỉ Đựng Đồ Lạnh,https://down-vn.img.susercontent.com/file/e5de28f5de3c3e36d039ddba6ce17530,https://shopee.vn/-Bộ-Sưu-Tập-Đồ-Tre-Handmade-Bát-Tre-Chén-Tre-Kích-Thước-Đường-Kính-Chiều-Cao-D8*H12-cm-và-D11*H6-cm-Chỉ-Đựng-Đồ-Lạnh-i.48399387.13611584924?extraParams=%7B%22display_model_id%22%3A142545748473%2C%22model_selection_logic%22%3A3%7D
331,Quà Tặng Lưu Niệm Độc Đáo,Thành phố Hồ Chí Minh,https://shopee.vn/search?shop=253909899,"Sổ Gỗ Khắc Hình Và Chữ Theo Yêu Cầu - Quà Sinh Nhật, Tri Ân Thầy Cô, Quà Tặng Cho Nữ",69.000 ₫,"Đặc sản chất lượng - Sổ Gỗ Khắc Hình Và Chữ Theo Yêu Cầu - Quà Sinh Nhật, Tri Ân Thầy Cô, Quà Tặng Cho Nữ",https://down-vn.img.susercontent.com/file/vn-11134207-81ztc-mkxiwxmjnrwn03,https://shopee.vn/Sổ-Gỗ-Khắc-Hình-Và-Chữ-Theo-Yêu-Cầu-Quà-Sinh-Nhật-Tri-Ân-Thầy-Cô-Quà-Tặng-Cho-Nữ-i.253909899.8078862452?extraParams=%7B%22display_model_id%22%3A66458827679%2C%22model_selection_logic%22%3A3%7D
332,Quà Tặng Lưu Niệm Độc Đáo,Thành phố Hồ Chí Minh,https://shopee.vn/search?shop=253909899,"Đèn Khắc Hình Và Chữ Theo Yêu Cầu, Đèn Ngủ 3D Trang Trí - Quà Tặng Lưu Niệm, Quà Sinh Nhật Cho Nữ",149.000 ₫,"Đặc sản chất lượng - Đèn Khắc Hình Và Chữ Theo Yêu Cầu, Đèn Ngủ 3D Trang Trí - Quà Tặng Lưu Niệm, Quà Sinh Nhật Cho Nữ",https://down-vn.img.susercontent.com/file/vn-11134207-81ztc-mm2owdk2bg2065,https://shopee.vn/Đèn-Khắc-Hình-Và-Chữ-Theo-Yêu-Cầu-Đèn-Ngủ-3D-Trang-Trí-Quà-Tặng-Lưu-Niệm-Quà-Sinh-Nhật-Cho-Nữ-i.253909899.21288113534?extraParams=%7B%22display_model_id%22%3A360445552487%2C%22model_selection_logic%22%3A3%7D
333,Quà Tặng Lưu Niệm Độc Đáo,Thành phố Hồ Chí Minh,https://shopee.vn/search?shop=253909899,"Đèn Ngủ Khắc Hình Theo Yêu Cầu, Đèn Trang Trí - Quà Tặng Sinh Nhật, Ngày Kỷ Niệm Style Hàn Quốc",99.000 ₫,"Đặc sản chất lượng - Đèn Ngủ Khắc Hình Theo Yêu Cầu, Đèn Trang Trí - Quà Tặng Sinh Nhật, Ngày Kỷ Niệm Style Hàn Quốc",https://down-vn.img.susercontent.com/file/vn-11134207-81ztc-mkoxew9ox91c9b,https://shopee.vn/Đèn-Ngủ-Khắc-Hình-Theo-Yêu-Cầu-Đèn-Trang-Trí-Quà-Tặng-Sinh-Nhật-Ngày-Kỷ-Niệm-Style-Hàn-Quốc-i.253909899.20492718693?extraParams=%7B%22display_model_id%22%3A89431461683%2C%22model_selection_logic%22%3A3%7D
334,Quà Tặng Lưu Niệm Độc Đáo,Thành phố Hồ Chí Minh,https://shopee.vn/search?shop=253909899,"Ly Cốc Gỗ Khắc Hình Và Chữ Theo Yêu Cầu - Quà Sinh Nhật Cho Nữ, Quà Tặng Cho Nam",95.000 ₫,"Đặc sản chất lượng - Ly Cốc Gỗ Khắc Hình Và Chữ Theo Yêu Cầu - Quà Sinh Nhật Cho Nữ, Quà Tặng Cho Nam",https://down-vn.img.susercontent.com/file/vn-11134207-820l4-mgwgrwg5b2tla7,https://shopee.vn/Ly-Cốc-Gỗ-Khắc-Hình-Và-Chữ-Theo-Yêu-Cầu-Quà-Sinh-Nhật-Cho-Nữ-Quà-Tặng-Cho-Nam-i.253909899.9782677038?extraParams=%7B%22display_model_id%22%3A66627769198%2C%22model_selection_logic%22%3A3%7D
335,Quà Tặng Lưu Niệm Độc Đáo,Thành phố Hồ Chí Minh,https://shopee.vn/search?shop=253909899,"Đèn Khắc Hình Và Chữ Style Hàn Quốc - Quà Tặng Sinh Nhật Cho Nữ Và Nam, Quà Lưu Niệm Ý Nghĩa",99.000 ₫,"Đặc sản chất lượng - Đèn Khắc Hình Và Chữ Style Hàn Quốc - Quà Tặng Sinh Nhật Cho Nữ Và Nam, Quà Lưu Niệm Ý Nghĩa",https://down-vn.img.susercontent.com/file/vn-11134207-81ztc-mkrmvmacw8ox13,https://shopee.vn/Đèn-Khắc-Hình-Và-Chữ-Style-Hàn-Quốc-Quà-Tặng-Sinh-Nhật-Cho-Nữ-Và-Nam-Quà-Lưu-Niệm-Ý-Nghĩa-i.253909899.21905384757?extraParams=%7B%22display_model_id%22%3A182579938418%2C%22model_selection_logic%22%3A3%7D
336,Quà Tặng Lưu Niệm Độc Đáo,Thành phố Hồ Chí Minh,https://shopee.vn/search?shop=253909899,"Set quà tặng - Full bộ cốc tre, muỗng, ống hút và hộp quà (Khắc theo yêu cầu) - Quà sinh nhật nam nữ",169.000 ₫,"Đặc sản chất lượng - Set quà tặng - Full bộ cốc tre, muỗng, ống hút và hộp quà (Khắc theo yêu cầu) - Quà sinh nhật nam nữ",https://down-vn.img.susercontent.com/file/vn-11134207-7ra0g-m8wwsnr5wjgi4b,https://shopee.vn/Set-quà-tặng-Full-bộ-cốc-tre-muỗng-ống-hút-và-hộp-quà-(Khắc-theo-yêu-cầu)-Quà-sinh-nhật-nam-nữ-i.253909899.22879534632?extraParams=%7B%22display_model_id%22%3A184564666699%2C%22model_selection_logic%22%3A3%7D
337,Quà Tặng Lưu Niệm Độc Đáo,Thành phố Hồ Chí Minh,https://shopee.vn/search?shop=253909899,"Khung Ảnh Đa Năng Khắc Hình Và Chữ Theo Yêu Cầu - Quà Tặng Tốt Nghiệp, Món Quà Tri Ân Thầy Cô",379.000 ₫,"Đặc sản chất lượng - Khung Ảnh Đa Năng Khắc Hình Và Chữ Theo Yêu Cầu - Quà Tặng Tốt Nghiệp, Món Quà Tri Ân Thầy Cô",https://down-vn.img.susercontent.com/file/vn-11134207-820l4-mhx5zc3ns9398d,https://shopee.vn/Khung-Ảnh-Đa-Năng-Khắc-Hình-Và-Chữ-Theo-Yêu-Cầu-Quà-Tặng-Tốt-Nghiệp-Món-Quà-Tri-Ân-Thầy-Cô-i.253909899.15246408557?extraParams=%7B%22display_model_id%22%3A267233265300%2C%22model_selection_logic%22%3A3%7D
338,Quà Tặng Lưu Niệm Độc Đáo,Thành phố Hồ Chí Minh,https://shopee.vn/search?shop=253909899,"Ví Nữ Mini Khắc Tên Theo Yêu Cầu Phong Cách Hàn Quốc - Quà Sinh Nhật Cho Nữ, Quà Tặng Cho Nữ",49.000 ₫,"Đặc sản chất lượng - Ví Nữ Mini Khắc Tên Theo Yêu Cầu Phong Cách Hàn Quốc - Quà Sinh Nhật Cho Nữ, Quà Tặng Cho Nữ",https://down-vn.img.susercontent.com/file/vn-11134207-81ztc-mllk7gw5j5l074,https://shopee.vn/Ví-Nữ-Mini-Khắc-Tên-Theo-Yêu-Cầu-Phong-Cách-Hàn-Quốc-Quà-Sinh-Nhật-Cho-Nữ-Quà-Tặng-Cho-Nữ-i.253909899.9465398417?extraParams=%7B%22display_model_id%22%3A292420946504%2C%22model_selection_logic%22%3A3%7D
339,Quà Tặng Lưu Niệm Độc Đáo,Thành phố Hồ Chí Minh,https://shopee.vn/search?shop=253909899,"Bình Giữ Nhiệt Khắc Hình Và Chữ - Bình Giữ Nhiệt Vỏ Tre Quà Sinh Nhật, Quà Tặng Cho Nữ",225.000 ₫,"Đặc sản chất lượng - Bình Giữ Nhiệt Khắc Hình Và Chữ - Bình Giữ Nhiệt Vỏ Tre Quà Sinh Nhật, Quà Tặng Cho Nữ",https://down-vn.img.susercontent.com/file/dcb60d7de88cd3c72dd9de9c71ebfd9e,https://shopee.vn/Bình-Giữ-Nhiệt-Khắc-Hình-Và-Chữ-Bình-Giữ-Nhiệt-Vỏ-Tre-Quà-Sinh-Nhật-Quà-Tặng-Cho-Nữ-i.253909899.9275665869?extraParams=%7B%22display_model_id%22%3A39761940212%2C%22model_selection_logic%22%3A3%7D
340,Quà Tặng Lưu Niệm Độc Đáo,Thành phố Hồ Chí Minh,https://shopee.vn/search?shop=253909899,"Set Quà Sinh Nhật, Quà Tặng Tốt Nghiệp Bằng Gỗ Sang Trọng Độc Đáo - Khắc Hình Và Chữ Theo Yêu Cầu",325.000 ₫,"Đặc sản chất lượng - Set Quà Sinh Nhật, Quà Tặng Tốt Nghiệp Bằng Gỗ Sang Trọng Độc Đáo - Khắc Hình Và Chữ Theo Yêu Cầu",https://down-vn.img.susercontent.com/file/vn-11134207-81ztc-mno44sk7uy9ya1,https://shopee.vn/Set-Quà-Sinh-Nhật-Quà-Tặng-Tốt-Nghiệp-Bằng-Gỗ-Sang-Trọng-Độc-Đáo-Khắc-Hình-Và-Chữ-Theo-Yêu-Cầu-i.253909899.23646476186?extraParams=%7B%22display_model_id%22%3A194389521766%2C%22model_selection_logic%22%3A3%7D
341,Quà Tặng Kỷ Niệm Chương PT,Thành phố Hồ Chí Minh,https://shopee.vn/search?shop=37994513,[Quà Lưu Niệm] Kỷ Niệm Chương Thủy Tinh/Pha Lê Giá Rẻ In Nội Dung Theo Yêu Cầu _ Thiết Kế Miễn Phí,95.000 ₫,Đặc sản chất lượng - [Quà Lưu Niệm] Kỷ Niệm Chương Thủy Tinh/Pha Lê Giá Rẻ In Nội Dung Theo Yêu Cầu _ Thiết Kế Miễn Phí,https://down-vn.img.susercontent.com/file/vn-11134207-820l4-mg0w7kqkks95c5,https://shopee.vn/-Quà-Lưu-Niệm-Kỷ-Niệm-Chương-Thủy-Tinh-Pha-Lê-Giá-Rẻ-In-Nội-Dung-Theo-Yêu-Cầu-_-Thiết-Kế-Miễn-Phí-i.37994513.43125040058?extraParams=%7B%22display_model_id%22%3A228179195856%2C%22model_selection_logic%22%3A3%7D
342,Quà Tặng Kỷ Niệm Chương PT,Thành phố Hồ Chí Minh,https://shopee.vn/search?shop=37994513,[Quà Lưu Niệm] Kỷ Niệm Chương Thủy Tinh/Pha Lê Giá Rẻ In Nội Dung Theo Yêu Cầu-THIẾT KẾ MIỄN PHÍ,95.000 ₫,Đặc sản chất lượng - [Quà Lưu Niệm] Kỷ Niệm Chương Thủy Tinh/Pha Lê Giá Rẻ In Nội Dung Theo Yêu Cầu-THIẾT KẾ MIỄN PHÍ,https://down-vn.img.susercontent.com/file/vn-11134207-820l4-mg0wvktyibd808,https://shopee.vn/-Quà-Lưu-Niệm-Kỷ-Niệm-Chương-Thủy-Tinh-Pha-Lê-Giá-Rẻ-In-Nội-Dung-Theo-Yêu-Cầu-THIẾT-KẾ-MIỄN-PHÍ-i.37994513.41723537549?extraParams=%7B%22display_model_id%22%3A138433321456%2C%22model_selection_logic%22%3A3%7D
343,Quà Tặng Kỷ Niệm Chương PT,Thành phố Hồ Chí Minh,https://shopee.vn/search?shop=37994513,[Quà Lưu Niệm] Kỷ Niệm Chương Thủy Tinh/Pha Lê Giá Rẻ In Nội Dung Theo Yêu Cầu-THIẾT KẾ MIỄN PHÍ,95.000 ₫,Đặc sản chất lượng - [Quà Lưu Niệm] Kỷ Niệm Chương Thủy Tinh/Pha Lê Giá Rẻ In Nội Dung Theo Yêu Cầu-THIẾT KẾ MIỄN PHÍ,https://down-vn.img.susercontent.com/file/vn-11134207-820l4-mg0xqeb42wb286,https://shopee.vn/-Quà-Lưu-Niệm-Kỷ-Niệm-Chương-Thủy-Tinh-Pha-Lê-Giá-Rẻ-In-Nội-Dung-Theo-Yêu-Cầu-THIẾT-KẾ-MIỄN-PHÍ-i.37994513.42925050162?extraParams=%7B%22display_model_id%22%3A287030370716%2C%22model_selection_logic%22%3A3%7D
344,Quà Tặng Kỷ Niệm Chương PT,Thành phố Hồ Chí Minh,https://shopee.vn/search?shop=37994513,Kỷ Niệm Chương Chibi  In Hình Tốt Nghiệp/Sinh Nhật,220.000 ₫,Đặc sản chất lượng - Kỷ Niệm Chương Chibi  In Hình Tốt Nghiệp/Sinh Nhật,https://down-vn.img.susercontent.com/file/vn-11134207-820l4-mg10kbojmgi586,https://shopee.vn/Kỷ-Niệm-Chương-Chibi-In-Hình-Tốt-Nghiệp-Sinh-Nhật-i.37994513.27942672668?extraParams=%7B%22display_model_id%22%3A286889581299%2C%22model_selection_logic%22%3A3%7D
345,Quà Tặng Kỷ Niệm Chương PT,Thành phố Hồ Chí Minh,https://shopee.vn/search?shop=37994513,[Quà Lưu Niệm] Kỷ Niệm Chương Thủy Tinh/Pha Lê Giá Rẻ In Nội Dung Theo Yêu Cầu _ Thiết Kế Miễn Phí,190.000 ₫,Đặc sản chất lượng - [Quà Lưu Niệm] Kỷ Niệm Chương Thủy Tinh/Pha Lê Giá Rẻ In Nội Dung Theo Yêu Cầu _ Thiết Kế Miễn Phí,https://down-vn.img.susercontent.com/file/vn-11134207-820l4-mhiutx4nvvgl3d,https://shopee.vn/-Quà-Lưu-Niệm-Kỷ-Niệm-Chương-Thủy-Tinh-Pha-Lê-Giá-Rẻ-In-Nội-Dung-Theo-Yêu-Cầu-_-Thiết-Kế-Miễn-Phí-i.37994513.25547770216?extraParams=%7B%22display_model_id%22%3A400207521152%2C%22model_selection_logic%22%3A3%7D
346,Quà Tặng Kỷ Niệm Chương PT,Thành phố Hồ Chí Minh,https://shopee.vn/search?shop=37994513,[Quà Lưu Niệm] Kỷ Niệm Chương Thủy Tinh/Pha Lê Giá Rẻ In Nội Dung Theo Yêu Cầu _ Thiết Kế Miễn Phí,190.000 ₫,Đặc sản chất lượng - [Quà Lưu Niệm] Kỷ Niệm Chương Thủy Tinh/Pha Lê Giá Rẻ In Nội Dung Theo Yêu Cầu _ Thiết Kế Miễn Phí,https://down-vn.img.susercontent.com/file/vn-11134207-820l4-mhmrjqb5pw5ka3,https://shopee.vn/-Quà-Lưu-Niệm-Kỷ-Niệm-Chương-Thủy-Tinh-Pha-Lê-Giá-Rẻ-In-Nội-Dung-Theo-Yêu-Cầu-_-Thiết-Kế-Miễn-Phí-i.37994513.57502294981?extraParams=%7B%22display_model_id%22%3A345222930790%2C%22model_selection_logic%22%3A3%7D
347,Quà Tặng Kỷ Niệm Chương PT,Thành phố Hồ Chí Minh,https://shopee.vn/search?shop=37994513,[Quà Lưu Niệm] Sản Xuất Kỷ Niệm Chương Pha Lê In Nội Dung Theo Yêu Cầu_Thiết Kế Miễn Phí,320.000 ₫,Đặc sản chất lượng - [Quà Lưu Niệm] Sản Xuất Kỷ Niệm Chương Pha Lê In Nội Dung Theo Yêu Cầu_Thiết Kế Miễn Phí,https://down-vn.img.susercontent.com/file/vn-11134207-820l4-mh0pht6x1xca72,https://shopee.vn/-Quà-Lưu-Niệm-Sản-Xuất-Kỷ-Niệm-Chương-Pha-Lê-In-Nội-Dung-Theo-Yêu-Cầu_Thiết-Kế-Miễn-Phí-i.37994513.40207765327?extraParams=%7B%22display_model_id%22%3A280657924413%2C%22model_selection_logic%22%3A3%7D
348,Quà Tặng Kỷ Niệm Chương PT,Thành phố Hồ Chí Minh,https://shopee.vn/search?shop=37994513,[Quà lưu niệm] Sản xuất Kỷ niệm chương thủy tinh in nội dung theo yêu cầu,190.000 ₫,Đặc sản chất lượng - [Quà lưu niệm] Sản xuất Kỷ niệm chương thủy tinh in nội dung theo yêu cầu,https://down-vn.img.susercontent.com/file/vn-11134207-7ras8-mbxoqtqljf5e48,https://shopee.vn/-Quà-lưu-niệm-Sản-xuất-Kỷ-niệm-chương-thủy-tinh-in-nội-dung-theo-yêu-cầu-i.37994513.25945880762?extraParams=%7B%22display_model_id%22%3A270658391463%2C%22model_selection_logic%22%3A3%7D
349,Quà Tặng Kỷ Niệm Chương PT,Thành phố Hồ Chí Minh,https://shopee.vn/search?shop=37994513,[Quà lưu niệm] Sản xuất Kỷ niệm chương pha lê in nội dung theo yêu cầu,320.000 ₫,Đặc sản chất lượng - [Quà lưu niệm] Sản xuất Kỷ niệm chương pha lê in nội dung theo yêu cầu,https://down-vn.img.susercontent.com/file/vn-11134207-7ras8-mbxn52x5oes5c7,https://shopee.vn/-Quà-lưu-niệm-Sản-xuất-Kỷ-niệm-chương-pha-lê-in-nội-dung-theo-yêu-cầu-i.37994513.41957765369?extraParams=%7B%22display_model_id%22%3A108711133359%2C%22model_selection_logic%22%3A3%7D
350,Quà Tặng Kỷ Niệm Chương PT,Thành phố Hồ Chí Minh,https://shopee.vn/search?shop=37994513,[Quà lưu niệm] Sản xuất Kỷ niệm chương pha lê in nội dung theo yêu cầu,320.000 ₫,Đặc sản chất lượng - [Quà lưu niệm] Sản xuất Kỷ niệm chương pha lê in nội dung theo yêu cầu,https://down-vn.img.susercontent.com/file/vn-11134207-7ras8-mbxmzjtozofe32,https://shopee.vn/-Quà-lưu-niệm-Sản-xuất-Kỷ-niệm-chương-pha-lê-in-nội-dung-theo-yêu-cầu-i.37994513.44407761546?extraParams=%7B%22display_model_id%22%3A290657855757%2C%22model_selection_logic%22%3A3%7D
351,Minh Nguyệt handmade,Thành phố Hà Nội,https://shopee.vn/search?shop=1440461563,"Túi vải cotton rút dây thêu hoa , áo dài Việt Nam - túi đựng quà tặng nhiều size",15.000 ₫,"Đặc sản chất lượng - Túi vải cotton rút dây thêu hoa , áo dài Việt Nam - túi đựng quà tặng nhiều size",https://down-vn.img.susercontent.com/file/vn-11134207-7ras8-m4hbdfm3nnd363,https://shopee.vn/Túi-vải-cotton-rút-dây-thêu-hoa-áo-dài-Việt-Nam-túi-đựng-quà-tặng-nhiều-size-i.1440461563.27222326085?extraParams=%7B%22display_model_id%22%3A59856158897%2C%22model_selection_logic%22%3A3%7D
352,Minh Nguyệt handmade,Thành phố Hà Nội,https://shopee.vn/search?shop=1440461563,Chuồn chuồn tre thăng bằng - quà tặng lưu niệm việt nam làng nghề Việt,20.000 ₫,Đặc sản chất lượng - Chuồn chuồn tre thăng bằng - quà tặng lưu niệm việt nam làng nghề Việt,https://down-vn.img.susercontent.com/file/vn-11134207-820l4-mg0290z0mz9k04,https://shopee.vn/Chuồn-chuồn-tre-thăng-bằng-quà-tặng-lưu-niệm-việt-nam-làng-nghề-Việt-i.1440461563.28343150520?extraParams=%7B%22display_model_id%22%3A228178134036%2C%22model_selection_logic%22%3A3%7D
353,Minh Nguyệt handmade,Thành phố Hà Nội,https://shopee.vn/search?shop=1440461563,Sổ tay kèm bút bi hình ảnh phong cảnh địa danh việt nam - notebook,67.000 ₫,Đặc sản chất lượng - Sổ tay kèm bút bi hình ảnh phong cảnh địa danh việt nam - notebook,https://down-vn.img.susercontent.com/file/vn-11134207-7ras8-manxs16zs7nl29,https://shopee.vn/Sổ-tay-kèm-bút-bi-hình-ảnh-phong-cảnh-địa-danh-việt-nam-notebook-i.1440461563.42903437383?extraParams=%7B%22display_model_id%22%3A275285554978%2C%22model_selection_logic%22%3A3%7D
354,Minh Nguyệt handmade,Thành phố Hà Nội,https://shopee.vn/search?shop=1440461563,"Lót cốc,lót ly mây,lót ly sứ viền mây - lót mấy tre đan phụ kiện lót bàn ăn decor ,hàng thủ công mỹ nghệ Việt Nam",23.000 ₫,"Đặc sản chất lượng - Lót cốc,lót ly mây,lót ly sứ viền mây - lót mấy tre đan phụ kiện lót bàn ăn decor ,hàng thủ công mỹ nghệ Việt Nam",https://down-vn.img.susercontent.com/file/vn-11134207-7ra0g-ma6p6zwk8t6019,https://shopee.vn/Lót-cốc-lót-ly-mây-lót-ly-sứ-viền-mây-lót-mấy-tre-đan-phụ-kiện-lót-bàn-ăn-decor-hàng-thủ-công-mỹ-nghệ-Việt-Nam-i.1440461563.42852097275?extraParams=%7B%22display_model_id%22%3A305172478789%2C%22model_selection_logic%22%3A3%7D
355,Minh Nguyệt handmade,Thành phố Hà Nội,https://shopee.vn/search?shop=1440461563,Sét thìa nĩa bằng trai chuôi ốc cao cấp ~ muỗng nĩa trai cao cấp ~ quà tặng lưu niệm Việt Nam,50.000 ₫,Đặc sản chất lượng - Sét thìa nĩa bằng trai chuôi ốc cao cấp ~ muỗng nĩa trai cao cấp ~ quà tặng lưu niệm Việt Nam,https://down-vn.img.susercontent.com/file/vn-11134207-7ras8-mb1v4jnclvbrb9,https://shopee.vn/Sét-thìa-nĩa-bằng-trai-chuôi-ốc-cao-cấp-~-muỗng-nĩa-trai-cao-cấp-~-quà-tặng-lưu-niệm-Việt-Nam-i.1440461563.41357740538?extraParams=%7B%22display_model_id%22%3A305655800005%2C%22model_selection_logic%22%3A3%7D
356,Minh Nguyệt handmade,Thành phố Hà Nội,https://shopee.vn/search?shop=1440461563,"VÒNG LỤA BỌC GỖ DÂU TẰM THỜI TRANG, TRÁNH ĐIỀM XUI",97.000 ₫,"Đặc sản chất lượng - VÒNG LỤA BỌC GỖ DÂU TẰM THỜI TRANG, TRÁNH ĐIỀM XUI",https://down-vn.img.susercontent.com/file/vn-11134207-7ra0g-m8tusk8mcepua2,https://shopee.vn/VÒNG-LỤA-BỌC-GỖ-DÂU-TẰM-THỜI-TRANG-TRÁNH-ĐIỀM-XUI-i.1440461563.27134183354?extraParams=%7B%22display_model_id%22%3A167130068514%2C%22model_selection_logic%22%3A3%7D
357,Minh Nguyệt handmade,Thành phố Hà Nội,https://shopee.vn/search?shop=1440461563,"Nón lá Việt Nam , dây nón lá 7 trang trí - chuông nón lá , quà tặng lưu niệm Việt Nam",55.000 ₫,"Đặc sản chất lượng - Nón lá Việt Nam , dây nón lá 7 trang trí - chuông nón lá , quà tặng lưu niệm Việt Nam",https://down-vn.img.susercontent.com/file/vn-11134207-820l4-mfyrjfvy055a74,https://shopee.vn/Nón-lá-Việt-Nam-dây-nón-lá-7-trang-trí-chuông-nón-lá-quà-tặng-lưu-niệm-Việt-Nam-i.1440461563.43524838671?extraParams=%7B%22display_model_id%22%3A277013268633%2C%22model_selection_logic%22%3A3%7D
358,Minh Nguyệt handmade,Thành phố Hà Nội,https://shopee.vn/search?shop=1440461563,Móc khoá nón sứ hình ảnh cô gái dài Việt Nam - quà tặng lưu niệm Việt Nam,12.000 ₫,Đặc sản chất lượng - Móc khoá nón sứ hình ảnh cô gái dài Việt Nam - quà tặng lưu niệm Việt Nam,https://down-vn.img.susercontent.com/file/vn-11134207-7ra0g-m9fmgkhvln5u23,https://shopee.vn/Móc-khoá-nón-sứ-hình-ảnh-cô-gái-dài-Việt-Nam-quà-tặng-lưu-niệm-Việt-Nam-i.1440461563.43651807318?extraParams=%7B%22display_model_id%22%3A295146933997%2C%22model_selection_logic%22%3A3%7D
359,Minh Nguyệt handmade,Thành phố Hà Nội,https://shopee.vn/search?shop=1440461563,"Magnet dính trang trí tủ lạnh  tem sứ in hình phong cảnh ,ẩm thực , con người Việt Nam - quà tặng lưu niệm Việt Nam",40.000 ₫,"Đặc sản chất lượng - Magnet dính trang trí tủ lạnh  tem sứ in hình phong cảnh ,ẩm thực , con người Việt Nam - quà tặng lưu niệm Việt Nam",https://down-vn.img.susercontent.com/file/vn-11134207-7ras8-mdfklryprhkhbd,https://shopee.vn/Magnet-dính-trang-trí-tủ-lạnh-tem-sứ-in-hình-phong-cảnh-ẩm-thực-con-người-Việt-Nam-quà-tặng-lưu-niệm-Việt-Nam-i.1440461563.43763126793?extraParams=%7B%22display_model_id%22%3A243746946178%2C%22model_selection_logic%22%3A3%7D
360,Minh Nguyệt handmade,Thành phố Hà Nội,https://shopee.vn/search?shop=1440461563,Vòng lụa bọc dâu tằm xua đuổi vận xui dây dài 1m2 - Quà Tặng Lưu Niệm Việt Nam,105.000 ₫,Đặc sản chất lượng - Vòng lụa bọc dâu tằm xua đuổi vận xui dây dài 1m2 - Quà Tặng Lưu Niệm Việt Nam,https://down-vn.img.susercontent.com/file/vn-11134207-7ras8-mdayrorju91b74,https://shopee.vn/Vòng-lụa-bọc-dâu-tằm-xua-đuổi-vận-xui-dây-dài-1m2-Quà-Tặng-Lưu-Niệm-Việt-Nam-i.1440461563.27789712096?extraParams=%7B%22display_model_id%22%3A261032465116%2C%22model_selection_logic%22%3A3%7D
361,Sandy Store - Giáo Cụ Dạy Học,Thành phố Đà Nẵng,https://shopee.vn/search?shop=5845930,[Game vận động] VÒNG TRÒN 40cm - 30cm - 14cm,5.000 ₫,Đặc sản chất lượng - [Game vận động] VÒNG TRÒN 40cm - 30cm - 14cm,https://down-vn.img.susercontent.com/file/vn-11134207-7ras8-m0ff1e8eb6hbc7,https://shopee.vn/-Game-vận-động-VÒNG-TRÒN-40cm-30cm-14cm-i.5845930.1662311526?extraParams=%7B%22display_model_id%22%3A45280267886%2C%22model_selection_logic%22%3A3%7D
362,Sandy Store - Giáo Cụ Dạy Học,Thành phố Đà Nẵng,https://shopee.vn/search?shop=5845930,[HOT] Cuộn 500 Stickers Nhãn Dán Tròn Khen Thưởng Học Sinh (nhiều mẫu),9.899 ₫,Đặc sản chất lượng - [HOT] Cuộn 500 Stickers Nhãn Dán Tròn Khen Thưởng Học Sinh (nhiều mẫu),https://down-vn.img.susercontent.com/file/vn-11134207-7r98o-lu0eonvzyosxb6,https://shopee.vn/-HOT-Cuộn-500-Stickers-Nhãn-Dán-Tròn-Khen-Thưởng-Học-Sinh-(nhiều-mẫu)-i.5845930.6557673266?extraParams=%7B%22display_model_id%22%3A157690300117%2C%22model_selection_logic%22%3A3%7D
363,Sandy Store - Giáo Cụ Dạy Học,Thành phố Đà Nẵng,https://shopee.vn/search?shop=5845930,[Giáo cụ Sandy] Set 50 Hoa Điểm Tốt,15.000 ₫,Đặc sản chất lượng - [Giáo cụ Sandy] Set 50 Hoa Điểm Tốt,https://down-vn.img.susercontent.com/file/6736e11d6939a20245116c2ef9d5fe5d,https://shopee.vn/-Giáo-cụ-Sandy-Set-50-Hoa-Điểm-Tốt-i.5845930.1191752841?extraParams=%7B%22display_model_id%22%3A42123471809%2C%22model_selection_logic%22%3A3%7D
364,Sandy Store - Giáo Cụ Dạy Học,Thành phố Đà Nẵng,https://shopee.vn/search?shop=5845930,[HOT] Phiếu Tích Điểm Sticker Khen Thưởng (Set 10),12.000 ₫,Đặc sản chất lượng - [HOT] Phiếu Tích Điểm Sticker Khen Thưởng (Set 10),https://down-vn.img.susercontent.com/file/5a0f32f49ca061fe24197e5c3ff71fd4,https://shopee.vn/-HOT-Phiếu-Tích-Điểm-Sticker-Khen-Thưởng-(Set-10)-i.5845930.11915249192?extraParams=%7B%22display_model_id%22%3A26616358593%2C%22model_selection_logic%22%3A3%7D
365,Sandy Store - Giáo Cụ Dạy Học,Thành phố Đà Nẵng,https://shopee.vn/search?shop=5845930,[Game vận động] Vòng nhựa đội đầu - Game Hedbanz,25.000 ₫,Đặc sản chất lượng - [Game vận động] Vòng nhựa đội đầu - Game Hedbanz,https://down-vn.img.susercontent.com/file/vn-11134207-7qukw-lhlo5wlhc3i98d,https://shopee.vn/-Game-vận-động-Vòng-nhựa-đội-đầu-Game-Hedbanz-i.5845930.23544461196?extraParams=%7B%22display_model_id%22%3A287534685500%2C%22model_selection_logic%22%3A3%7D
366,Sandy Store - Giáo Cụ Dạy Học,Thành phố Đà Nẵng,https://shopee.vn/search?shop=5845930,[GIÁ TỐT] TÚI XÁCH TÔ MÀU (SET 10),36.000 ₫,Đặc sản chất lượng - [GIÁ TỐT] TÚI XÁCH TÔ MÀU (SET 10),https://down-vn.img.susercontent.com/file/7cd1218c5316f061a43c6a55312ef539,https://shopee.vn/-GIÁ-TỐT-TÚI-XÁCH-TÔ-MÀU-(SET-10)-i.5845930.9972942524?extraParams=%7B%22display_model_id%22%3A93129922601%2C%22model_selection_logic%22%3A3%7D
367,Sandy Store - Giáo Cụ Dạy Học,Thành phố Đà Nẵng,https://shopee.vn/search?shop=5845930,[Quà tặng mới] Set 10 que phát sáng,18.000 ₫,Đặc sản chất lượng - [Quà tặng mới] Set 10 que phát sáng,https://down-vn.img.susercontent.com/file/140cf5274eb1034774ceec83edb52a67,https://shopee.vn/-Quà-tặng-mới-Set-10-que-phát-sáng-i.5845930.6892807991?extraParams=%7B%22display_model_id%22%3A261030781827%2C%22model_selection_logic%22%3A3%7D
368,Sandy Store - Giáo Cụ Dạy Học,Thành phố Đà Nẵng,https://shopee.vn/search?shop=5845930,[Quà tặng mới] Combo 5 Game bóng rổ nhỏ,19.000 ₫,Đặc sản chất lượng - [Quà tặng mới] Combo 5 Game bóng rổ nhỏ,https://down-vn.img.susercontent.com/file/287fc73b3000a6508f25acde49bcd031,https://shopee.vn/-Quà-tặng-mới-Combo-5-Game-bóng-rổ-nhỏ-i.5845930.16616274604?extraParams=%7B%22display_model_id%22%3A243726649778%2C%22model_selection_logic%22%3A3%7D
369,Sandy Store - Giáo Cụ Dạy Học,Thành phố Đà Nẵng,https://shopee.vn/search?shop=5845930,[Học liệu Sandy] Bộ 9 Thẻ Giới Từ - Preposition,15.000 ₫,Đặc sản chất lượng - [Học liệu Sandy] Bộ 9 Thẻ Giới Từ - Preposition,https://down-vn.img.susercontent.com/file/vn-11134207-7ra0g-m6diq81zr7131a,https://shopee.vn/-Học-liệu-Sandy-Bộ-9-Thẻ-Giới-Từ-Preposition-i.5845930.22281687224?extraParams=%7B%22display_model_id%22%3A235680131100%2C%22model_selection_logic%22%3A3%7D
370,Sandy Store - Giáo Cụ Dạy Học,Thành phố Đà Nẵng,https://shopee.vn/search?shop=5845930,[Học liệu Sandy] Bộ 7 Thẻ Đại Từ - Personal Pronouns,12.000 ₫,Đặc sản chất lượng - [Học liệu Sandy] Bộ 7 Thẻ Đại Từ - Personal Pronouns,https://down-vn.img.susercontent.com/file/vn-11134207-7r98o-lm684of0nqhrdc,https://shopee.vn/-Học-liệu-Sandy-Bộ-7-Thẻ-Đại-Từ-Personal-Pronouns-i.5845930.19793596363?extraParams=%7B%22display_model_id%22%3A99446878512%2C%22model_selection_logic%22%3A3%7D
371,Rồng Vàng Hoàng Gia,Thành phố Hải Phòng,https://shopee.vn/search?shop=152479717,"BÁNH ĐẬU XANH HỘP LỄ 5 MÀU, 5 VỊ TRÁI CÂY RỒNG VÀNG HOÀNG GIA 100G",20.000 ₫,"Đặc sản chất lượng - BÁNH ĐẬU XANH HỘP LỄ 5 MÀU, 5 VỊ TRÁI CÂY RỒNG VÀNG HOÀNG GIA 100G",https://down-vn.img.susercontent.com/file/vn-11134207-7ras8-m2f29isfy2lwba,https://shopee.vn/BÁNH-ĐẬU-XANH-HỘP-LỄ-5-MÀU-5-VỊ-TRÁI-CÂY-RỒNG-VÀNG-HOÀNG-GIA-100G-i.152479717.24088183652?extraParams=%7B%22display_model_id%22%3A207963312031%2C%22model_selection_logic%22%3A3%7D
372,Rồng Vàng Hoàng Gia,Thành phố Hải Phòng,https://shopee.vn/search?shop=152479717,BÁNH ĐẬU XANH VỊ TRUYỀN THỐNG RỒNG VÀNG HOÀNG GIA 300G - OCOP 4 SAO - ĐẶC SẢN HẢI DƯƠNG,49.450 ₫,Đặc sản chất lượng - BÁNH ĐẬU XANH VỊ TRUYỀN THỐNG RỒNG VÀNG HOÀNG GIA 300G - OCOP 4 SAO - ĐẶC SẢN HẢI DƯƠNG,https://down-vn.img.susercontent.com/file/vn-11134207-7ra0g-m7x5r3fe3qlqd4,https://shopee.vn/BÁNH-ĐẬU-XANH-VỊ-TRUYỀN-THỐNG-RỒNG-VÀNG-HOÀNG-GIA-300G-OCOP-4-SAO-ĐẶC-SẢN-HẢI-DƯƠNG-i.152479717.28560817358?extraParams=%7B%22display_model_id%22%3A147457157277%2C%22model_selection_logic%22%3A3%7D
373,Rồng Vàng Hoàng Gia,Thành phố Hải Phòng,https://shopee.vn/search?shop=152479717,BÁNH ĐẬU XANH HỘP LỄ VỊ ĐẬU XANH TRUYỀN THỐNG 100G RỒNG VÀNG HOÀNG GIA,20.000 ₫,Đặc sản chất lượng - BÁNH ĐẬU XANH HỘP LỄ VỊ ĐẬU XANH TRUYỀN THỐNG 100G RỒNG VÀNG HOÀNG GIA,https://down-vn.img.susercontent.com/file/vn-11134207-7ras8-m2g5y1rcsxiq72,https://shopee.vn/BÁNH-ĐẬU-XANH-HỘP-LỄ-VỊ-ĐẬU-XANH-TRUYỀN-THỐNG-100G-RỒNG-VÀNG-HOÀNG-GIA-i.152479717.29767225053?extraParams=%7B%22display_model_id%22%3A252001273440%2C%22model_selection_logic%22%3A3%7D
374,Rồng Vàng Hoàng Gia,Thành phố Hải Phòng,https://shopee.vn/search?shop=152479717,BÁNH ĐẬU XANH TRUYỀN THỐNG NGUYÊN VỊ HG20 RỒNG VÀNG HOÀNG GIA 300G - HƯƠNG VỊ TUỔI THƠ,55.000 ₫,Đặc sản chất lượng - BÁNH ĐẬU XANH TRUYỀN THỐNG NGUYÊN VỊ HG20 RỒNG VÀNG HOÀNG GIA 300G - HƯƠNG VỊ TUỔI THƠ,https://down-vn.img.susercontent.com/file/vn-11134207-7ras8-m5ycmilvdayg78,https://shopee.vn/BÁNH-ĐẬU-XANH-TRUYỀN-THỐNG-NGUYÊN-VỊ-HG20-RỒNG-VÀNG-HOÀNG-GIA-300G-HƯƠNG-VỊ-TUỔI-THƠ-i.152479717.25951481953?extraParams=%7B%22display_model_id%22%3A177953907818%2C%22model_selection_logic%22%3A3%7D
375,Rồng Vàng Hoàng Gia,Thành phố Hải Phòng,https://shopee.vn/search?shop=152479717,"[OCOP] Bột Đậu Xanh Dinh Dưỡng Rồng Vàng Hoàng Gia 400g - Thơm ngon, bổ dưỡng",69.000 ₫,"Đặc sản chất lượng - [OCOP] Bột Đậu Xanh Dinh Dưỡng Rồng Vàng Hoàng Gia 400g - Thơm ngon, bổ dưỡng",https://down-vn.img.susercontent.com/file/vn-11134207-7r98o-loccf3orxb7b23,https://shopee.vn/-OCOP-Bột-Đậu-Xanh-Dinh-Dưỡng-Rồng-Vàng-Hoàng-Gia-400g-Thơm-ngon-bổ-dưỡng-i.152479717.25901510920?extraParams=%7B%22display_model_id%22%3A207160433725%2C%22model_selection_logic%22%3A3%7D
376,Rồng Vàng Hoàng Gia,Thành phố Hải Phòng,https://shopee.vn/search?shop=152479717,"[OCOP] BÁNH ĐẬU XANH TRÁI CÂY 24 RỒNG VÀNG HOÀNG GIA, ÍT NGỌT, OCOP 4 SAO - ĐẶC SẢN HẢI DƯƠNG",48.000 ₫,"Đặc sản chất lượng - [OCOP] BÁNH ĐẬU XANH TRÁI CÂY 24 RỒNG VÀNG HOÀNG GIA, ÍT NGỌT, OCOP 4 SAO - ĐẶC SẢN HẢI DƯƠNG",https://down-vn.img.susercontent.com/file/vn-11134207-7r98o-lu9ipduf3867de,https://shopee.vn/-OCOP-BÁNH-ĐẬU-XANH-TRÁI-CÂY-24-RỒNG-VÀNG-HOÀNG-GIA-ÍT-NGỌT-OCOP-4-SAO-ĐẶC-SẢN-HẢI-DƯƠNG-i.152479717.25601506344?extraParams=%7B%22display_model_id%22%3A59724525306%2C%22model_selection_logic%22%3A3%7D
377,Rồng Vàng Hoàng Gia,Thành phố Hải Phòng,https://shopee.vn/search?shop=152479717,"[OCOP] Chè Đậu Đen Cốt Dừa Rồng Vàng Hoàng Gia 400g - Mát Lạnh, Thơm Ngon, Giải Nhiệt Mùa Hè",69.000 ₫,"Đặc sản chất lượng - [OCOP] Chè Đậu Đen Cốt Dừa Rồng Vàng Hoàng Gia 400g - Mát Lạnh, Thơm Ngon, Giải Nhiệt Mùa Hè",https://down-vn.img.susercontent.com/file/vn-11134207-7r98o-loccq6g85f2j31,https://shopee.vn/-OCOP-Chè-Đậu-Đen-Cốt-Dừa-Rồng-Vàng-Hoàng-Gia-400g-Mát-Lạnh-Thơm-Ngon-Giải-Nhiệt-Mùa-Hè-i.152479717.25251566815?extraParams=%7B%22display_model_id%22%3A197161904134%2C%22model_selection_logic%22%3A3%7D
378,Rồng Vàng Hoàng Gia,Thành phố Hải Phòng,https://shopee.vn/search?shop=152479717,"[OCOP 5 SAO] Bánh đậu xanh 3 vị Ít ngọt, cao cấp - thượng hạng/ trà xanh/ sầu riêng - 170G/ 300G",60.000 ₫,"Đặc sản chất lượng - [OCOP 5 SAO] Bánh đậu xanh 3 vị Ít ngọt, cao cấp - thượng hạng/ trà xanh/ sầu riêng - 170G/ 300G",https://down-vn.img.susercontent.com/file/vn-11134207-7ra0g-m9so6g0rj1xe82,https://shopee.vn/-OCOP-5-SAO-Bánh-đậu-xanh-3-vị-Ít-ngọt-cao-cấp-thượng-hạng-trà-xanh-sầu-riêng-170G-300G-i.152479717.21295452203?extraParams=%7B%22display_model_id%22%3A204769667529%2C%22model_selection_logic%22%3A3%7D
379,Rồng Vàng Hoàng Gia,Thành phố Hải Phòng,https://shopee.vn/search?shop=152479717,BÁNH ĐẬU XANH VỊ KHOAI MÔN RỒNG VÀNG HOÀNG GIA 300G - OCOP 4 SAO - ĐẶC SẢN HẢI DƯƠNG,49.450 ₫,Đặc sản chất lượng - BÁNH ĐẬU XANH VỊ KHOAI MÔN RỒNG VÀNG HOÀNG GIA 300G - OCOP 4 SAO - ĐẶC SẢN HẢI DƯƠNG,https://down-vn.img.susercontent.com/file/vn-11134207-7ra0g-m7x5sfnriszo35,https://shopee.vn/BÁNH-ĐẬU-XANH-VỊ-KHOAI-MÔN-RỒNG-VÀNG-HOÀNG-GIA-300G-OCOP-4-SAO-ĐẶC-SẢN-HẢI-DƯƠNG-i.152479717.15598485468?extraParams=%7B%22display_model_id%22%3A158438433415%2C%22model_selection_logic%22%3A3%7D
380,Rồng Vàng Hoàng Gia,Thành phố Hải Phòng,https://shopee.vn/search?shop=152479717,BÁNH ĐẬU XANH TRUYỀN THỐNG H25 RỒNG VÀNG HOÀNG GIA - 300G,55.000 ₫,Đặc sản chất lượng - BÁNH ĐẬU XANH TRUYỀN THỐNG H25 RỒNG VÀNG HOÀNG GIA - 300G,https://down-vn.img.susercontent.com/file/vn-11134207-7ra0g-m6ng0dh8k3oh95,https://shopee.vn/BÁNH-ĐẬU-XANH-TRUYỀN-THỐNG-H25-RỒNG-VÀNG-HOÀNG-GIA-300G-i.152479717.21695420992?extraParams=%7B%22display_model_id%22%3A88833428104%2C%22model_selection_logic%22%3A3%7D
381,FormFunction.vn,Thành phố Hồ Chí Minh,https://shopee.vn/search?shop=1664296297,"Túi đựng đồ ăn trưa giữ nhiệt FORMFUNCTION, Hộp cơm trưa hoạt hình lớn, Túi Tote đa năng cầm tay Kawaii Túi đựng thực phẩm Túi đựng thực phẩm dành cho nữ Cô gái trẻ em",59.849 ₫,"Đặc sản chất lượng - Túi đựng đồ ăn trưa giữ nhiệt FORMFUNCTION, Hộp cơm trưa hoạt hình lớn, Túi Tote đa năng cầm tay Kawaii Túi đựng thực phẩm Túi đựng thực phẩm dành cho nữ Cô gái trẻ em",https://down-vn.img.susercontent.com/file/sg-11134201-81zur-mmskrv4c33eo4d,https://shopee.vn/Túi-đựng-đồ-ăn-trưa-giữ-nhiệt-FORMFUNCTION-Hộp-cơm-trưa-hoạt-hình-lớn-Túi-Tote-đa-năng-cầm-tay-Kawaii-Túi-đựng-thực-phẩm-Túi-đựng-thực-phẩm-dành-cho-nữ-Cô-gái-trẻ-em-i.1664296297.56158059204?extraParams=%7B%22display_model_id%22%3A370716730835%2C%22model_selection_logic%22%3A3%7D
382,FormFunction.vn,Thành phố Hồ Chí Minh,https://shopee.vn/search?shop=1664296297,"FORMFUNCTION Bảo vệ, Vỏ điều khiển từ xa chống sốc bảo vệ, silicon có dây buộc Điều khiển từ xa cho LG MR-235GA Magic",46.463 ₫,"Đặc sản chất lượng - FORMFUNCTION Bảo vệ, Vỏ điều khiển từ xa chống sốc bảo vệ, silicon có dây buộc Điều khiển từ xa cho LG MR-235GA Magic",https://down-vn.img.susercontent.com/file/sg-11134201-81ztz-mmv738wbr5kx78,https://shopee.vn/FORMFUNCTION-Bảo-vệ-Vỏ-điều-khiển-từ-xa-chống-sốc-bảo-vệ-silicon-có-dây-buộc-Điều-khiển-từ-xa-cho-LG-MR-235GA-Magic-i.1664296297.41979907825?extraParams=%7B%22display_model_id%22%3A249204231726%2C%22model_selection_logic%22%3A3%7D
383,FormFunction.vn,Thành phố Hồ Chí Minh,https://shopee.vn/search?shop=1664296297,FORMFUNCTION Chống Bụi Terrarium Để Bàn Trang Trí Nhà Trong Suốt Bình Thủy Tinh Bình Lọ Đế Bằng Gỗ,49.276 ₫,Đặc sản chất lượng - FORMFUNCTION Chống Bụi Terrarium Để Bàn Trang Trí Nhà Trong Suốt Bình Thủy Tinh Bình Lọ Đế Bằng Gỗ,https://down-vn.img.susercontent.com/file/sg-11134201-81ztc-mmskpd8978jq00,https://shopee.vn/FORMFUNCTION-Chống-Bụi-Terrarium-Để-Bàn-Trang-Trí-Nhà-Trong-Suốt-Bình-Thủy-Tinh-Bình-Lọ-Đế-Bằng-Gỗ-i.1664296297.40779686839?extraParams=%7B%22display_model_id%22%3A385716726448%2C%22model_selection_logic%22%3A3%7D
384,FormFunction.vn,Thành phố Hồ Chí Minh,https://shopee.vn/search?shop=1664296297,"Ví ngắn FORMFUNCTION, Túi đựng tiền di động nhiều khe, Hộp đựng thẻ PU gấu và thỏ dễ thương dành cho nữ",44.426 ₫,"Đặc sản chất lượng - Ví ngắn FORMFUNCTION, Túi đựng tiền di động nhiều khe, Hộp đựng thẻ PU gấu và thỏ dễ thương dành cho nữ",https://down-vn.img.susercontent.com/file/sg-11134201-81zv2-mmskpr0mtuyre8,https://shopee.vn/Ví-ngắn-FORMFUNCTION-Túi-đựng-tiền-di-động-nhiều-khe-Hộp-đựng-thẻ-PU-gấu-và-thỏ-dễ-thương-dành-cho-nữ-i.1664296297.45258088220?extraParams=%7B%22display_model_id%22%3A355716723297%2C%22model_selection_logic%22%3A3%7D
385,FormFunction.vn,Thành phố Hồ Chí Minh,https://shopee.vn/search?shop=1664296297,"Áo Tank Tops Corset Ngực Shaper Cho Lesbian và Tomboy, Chất Kết Dính",57.715 ₫,"Đặc sản chất lượng - Áo Tank Tops Corset Ngực Shaper Cho Lesbian và Tomboy, Chất Kết Dính",https://down-vn.img.susercontent.com/file/sg-11134201-81zu8-mmv73mw959fsbd,https://shopee.vn/Áo-Tank-Tops-Corset-Ngực-Shaper-Cho-Lesbian-và-Tomboy-Chất-Kết-Dính-i.1664296297.43579907805?extraParams=%7B%22display_model_id%22%3A234672893267%2C%22model_selection_logic%22%3A3%7D
386,FormFunction.vn,Thành phố Hồ Chí Minh,https://shopee.vn/search?shop=1664296297,"FORMFUNCTION Thắt lưng daPU retro với đinh tán, phù hợp phong cách y2k Gothic và Steampunk",72.265 ₫,"Đặc sản chất lượng - FORMFUNCTION Thắt lưng daPU retro với đinh tán, phù hợp phong cách y2k Gothic và Steampunk",https://down-vn.img.susercontent.com/file/sg-11134201-81zuh-mmskqt79lvk59d,https://shopee.vn/FORMFUNCTION-Thắt-lưng-daPU-retro-với-đinh-tán-phù-hợp-phong-cách-y2k-Gothic-và-Steampunk-i.1664296297.42079686877?extraParams=%7B%22display_model_id%22%3A325716726696%2C%22model_selection_logic%22%3A3%7D
387,FormFunction.vn,Thành phố Hồ Chí Minh,https://shopee.vn/search?shop=1664296297,FORMFUNCTION Chân thay thế bằng silicon Snap-on Khung kính trẻ em,60.625 ₫,Đặc sản chất lượng - FORMFUNCTION Chân thay thế bằng silicon Snap-on Khung kính trẻ em,https://down-vn.img.susercontent.com/file/sg-11134201-820lx-mo0t3ocivy0y56,https://shopee.vn/FORMFUNCTION-Chân-thay-thế-bằng-silicon-Snap-on-Khung-kính-trẻ-em-i.1664296297.56560210676?extraParams=%7B%22display_model_id%22%3A370896871948%2C%22model_selection_logic%22%3A3%7D
388,FormFunction.vn,Thành phố Hồ Chí Minh,https://shopee.vn/search?shop=1664296297,"FORMFUNCTION 12 Chiếc Kẹp Váy Bàn, Kẹp Khăn Trải Bàn Trọng Lượng Nhẹ 2.5in, Nhựa Dễ Dàng Ứng Dụng Thực Tế Kẹp Váy Bàn Trong Nhà Ngoài Trời Sự Kiện",99.328 ₫,"Đặc sản chất lượng - FORMFUNCTION 12 Chiếc Kẹp Váy Bàn, Kẹp Khăn Trải Bàn Trọng Lượng Nhẹ 2.5in, Nhựa Dễ Dàng Ứng Dụng Thực Tế Kẹp Váy Bàn Trong Nhà Ngoài Trời Sự Kiện",https://down-vn.img.susercontent.com/file/sg-11134201-81zwc-mmskqomxv5s4c3,https://shopee.vn/FORMFUNCTION-12-Chiếc-Kẹp-Váy-Bàn-Kẹp-Khăn-Trải-Bàn-Trọng-Lượng-Nhẹ-2.5in-Nhựa-Dễ-Dàng-Ứng-Dụng-Thực-Tế-Kẹp-Váy-Bàn-Trong-Nhà-Ngoài-Trời-Sự-Kiện-i.1664296297.55058059220?extraParams=%7B%22display_model_id%22%3A365716723636%2C%22model_selection_logic%22%3A3%7D
389,FormFunction.vn,Thành phố Hồ Chí Minh,https://shopee.vn/search?shop=1664296297,"Túi đeo thắt lưng FORMFUNCTION, Túi đeo vai ngực đa chức năng Fanny Pack, Chữ dập nóng chống nước Túi đeo chéo phong cách Hàn Quốc nhẹ",54.223 ₫,"Đặc sản chất lượng - Túi đeo thắt lưng FORMFUNCTION, Túi đeo vai ngực đa chức năng Fanny Pack, Chữ dập nóng chống nước Túi đeo chéo phong cách Hàn Quốc nhẹ",https://down-vn.img.susercontent.com/file/sg-11134201-823pj-moi3xhd4dts1b5,https://shopee.vn/Túi-đeo-thắt-lưng-FORMFUNCTION-Túi-đeo-vai-ngực-đa-chức-năng-Fanny-Pack-Chữ-dập-nóng-chống-nước-Túi-đeo-chéo-phong-cách-Hàn-Quốc-nhẹ-i.1664296297.54460906908?extraParams=%7B%22display_model_id%22%3A310952676648%2C%22model_selection_logic%22%3A3%7D
390,FormFunction.vn,Thành phố Hồ Chí Minh,https://shopee.vn/search?shop=1664296297,"FORMFUNCTION 100 Phong Bì Thử Thách Tiết Kiệm Tiền, Thử Thách Tiết Kiệm Chất Kết Dính Mini Chống Thấm Nước Có Thể Tái Sử Dụng, Tiết Kiệm Tiền Tranh Sơn Dầu Tiết Kiệm Thử Thách Tờ Cặp Đôi",38.800 ₫,"Đặc sản chất lượng - FORMFUNCTION 100 Phong Bì Thử Thách Tiết Kiệm Tiền, Thử Thách Tiết Kiệm Chất Kết Dính Mini Chống Thấm Nước Có Thể Tái Sử Dụng, Tiết Kiệm Tiền Tranh Sơn Dầu Tiết Kiệm Thử Thách Tờ Cặp Đôi",https://down-vn.img.susercontent.com/file/sg-11134201-81zud-mmv6zpq285j69b,https://shopee.vn/FORMFUNCTION-100-Phong-Bì-Thử-Thách-Tiết-Kiệm-Tiền-Thử-Thách-Tiết-Kiệm-Chất-Kết-Dính-Mini-Chống-Thấm-Nước-Có-Thể-Tái-Sử-Dụng-Tiết-Kiệm-Tiền-Tranh-Sơn-Dầu-Tiết-Kiệm-Thử-Thách-Tờ-Cặp-Đôi-i.1664296297.54808523934?extraParams=%7B%22display_model_id%22%3A375756341900%2C%22model_selection_logic%22%3A3%7D
391,BB Queens Candle,Thành phố Hồ Chí Minh,https://shopee.vn/search?shop=102121263,"Set Quà Tặng Nến Thơm BBQueens_ Tặng Nam Nữ dip Sinh nhật , Tốt nghiệp các ngày kỉ niệm",90.000 ₫,"Đặc sản chất lượng - Set Quà Tặng Nến Thơm BBQueens_ Tặng Nam Nữ dip Sinh nhật , Tốt nghiệp các ngày kỉ niệm",https://down-vn.img.susercontent.com/file/vn-11134207-81ztc-mm7bvtrpww757f,https://shopee.vn/Set-Quà-Tặng-Nến-Thơm-BBQueens_-Tặng-Nam-Nữ-dip-Sinh-nhật-Tốt-nghiệp-các-ngày-kỉ-niệm-i.102121263.16252732553?extraParams=%7B%22display_model_id%22%3A177853696232%2C%22model_selection_logic%22%3A3%7D
392,BB Queens Candle,Thành phố Hồ Chí Minh,https://shopee.vn/search?shop=102121263,Set Quà Tặng Nến Thơm gồm Nến và Bodymist tặng Nam Nữ dip sinh nhật Tốt nghiệp kỉ niệm,159.000 ₫,Đặc sản chất lượng - Set Quà Tặng Nến Thơm gồm Nến và Bodymist tặng Nam Nữ dip sinh nhật Tốt nghiệp kỉ niệm,https://down-vn.img.susercontent.com/file/vn-11134207-81ztc-mm7b8hlio3yne9,https://shopee.vn/Set-Quà-Tặng-Nến-Thơm-gồm-Nến-và-Bodymist-tặng-Nam-Nữ-dip-sinh-nhật-Tốt-nghiệp-kỉ-niệm-i.102121263.20002988508?extraParams=%7B%22display_model_id%22%3A227058576084%2C%22model_selection_logic%22%3A3%7D
393,BB Queens Candle,Thành phố Hồ Chí Minh,https://shopee.vn/search?shop=102121263,Set Quà tặng Nến Thơm BBQueens 100gr Tinh dầu tự nhiên tặng Tốt Nghiệp Sinh nhật Kỉ Niệm,90.000 ₫,Đặc sản chất lượng - Set Quà tặng Nến Thơm BBQueens 100gr Tinh dầu tự nhiên tặng Tốt Nghiệp Sinh nhật Kỉ Niệm,https://down-vn.img.susercontent.com/file/vn-11134207-7ras8-m4aoc3aaih0gda,https://shopee.vn/Set-Quà-tặng-Nến-Thơm-BBQueens-100gr-Tinh-dầu-tự-nhiên-tặng-Tốt-Nghiệp-Sinh-nhật-Kỉ-Niệm-i.102121263.17452744353?extraParams=%7B%22display_model_id%22%3A69075202023%2C%22model_selection_logic%22%3A3%7D
394,BB Queens Candle,Thành phố Hồ Chí Minh,https://shopee.vn/search?shop=102121263,"COMBO Quà Tặng  Sinh nhật , Kỉ Niệm , Tặng Người Yêu , Gồm Nến thơm , Tinh dầu",129.000 ₫,"Đặc sản chất lượng - COMBO Quà Tặng  Sinh nhật , Kỉ Niệm , Tặng Người Yêu , Gồm Nến thơm , Tinh dầu",https://down-vn.img.susercontent.com/file/vn-11134207-7ras8-m33teadkqp5aac,https://shopee.vn/COMBO-Quà-Tặng-Sinh-nhật-Kỉ-Niệm-Tặng-Người-Yêu-Gồm-Nến-thơm-Tinh-dầu-i.102121263.19389726227?extraParams=%7B%22display_model_id%22%3A186904053435%2C%22model_selection_logic%22%3A3%7D
395,BB Queens Candle,Thành phố Hồ Chí Minh,https://shopee.vn/search?shop=102121263,Đế Gỗ  Decor Lót Nến Thơm đường kính 7-8cm,15.000 ₫,Đặc sản chất lượng - Đế Gỗ  Decor Lót Nến Thơm đường kính 7-8cm,https://down-vn.img.susercontent.com/file/vn-11134207-7qukw-lfbcutoae2yd98,https://shopee.vn/Đế-Gỗ-Decor-Lót-Nến-Thơm-đường-kính-7-8cm-i.102121263.21316712524?extraParams=%7B%22display_model_id%22%3A180916972973%2C%22model_selection_logic%22%3A3%7D
396,BB Queens Candle,Thành phố Hồ Chí Minh,https://shopee.vn/search?shop=102121263,Thiệp In nội dung giấy Kraft ( Bán kèm set quà tặng ),15.000 ₫,Đặc sản chất lượng - Thiệp In nội dung giấy Kraft ( Bán kèm set quà tặng ),https://down-vn.img.susercontent.com/file/vn-11134207-7r98o-lvm0x9z23jf580,https://shopee.vn/Thiệp-In-nội-dung-giấy-Kraft-(-Bán-kèm-set-quà-tặng-)-i.102121263.18104454455?extraParams=%7B%22display_model_id%22%3A116701792931%2C%22model_selection_logic%22%3A3%7D
397,BB Queens Candle,Thành phố Hồ Chí Minh,https://shopee.vn/search?shop=102121263,"Set Quà Nến Thơm  trang trí Cam Quế tặng Nam Nữ dịp Sinh Nhật , Tốt Nghiêp",229.000 ₫,"Đặc sản chất lượng - Set Quà Nến Thơm  trang trí Cam Quế tặng Nam Nữ dịp Sinh Nhật , Tốt Nghiêp",https://down-vn.img.susercontent.com/file/vn-11134207-7ra0g-m6h3brlpu1jse9,https://shopee.vn/Set-Quà-Nến-Thơm-trang-trí-Cam-Quế-tặng-Nam-Nữ-dịp-Sinh-Nhật-Tốt-Nghiêp-i.102121263.13290014246?extraParams=%7B%22display_model_id%22%3A247133986490%2C%22model_selection_logic%22%3A3%7D
398,BB Queens Candle,Thành phố Hồ Chí Minh,https://shopee.vn/search?shop=102121263,"Set Quà Tặng Nến Thơm BB Queens &  Bodymist Tặng các dịp Sinh Nhật , Kỉ Niệm",169.000 ₫,"Đặc sản chất lượng - Set Quà Tặng Nến Thơm BB Queens &  Bodymist Tặng các dịp Sinh Nhật , Kỉ Niệm",https://down-vn.img.susercontent.com/file/vn-11134207-820l4-mhklqjkef2f435,https://shopee.vn/Set-Quà-Tặng-Nến-Thơm-BB-Queens-Bodymist-Tặng-các-dịp-Sinh-Nhật-Kỉ-Niệm-i.102121263.22827874436?extraParams=%7B%22display_model_id%22%3A203944898431%2C%22model_selection_logic%22%3A3%7D
399,BB Queens Candle,Thành phố Hồ Chí Minh,https://shopee.vn/search?shop=102121263,Set Quà Tặng Tinh Dầu Khuếch Tán Thơm Phòng 100ml _ BB Queens Trang Trí Vintage,99.000 ₫,Đặc sản chất lượng - Set Quà Tặng Tinh Dầu Khuếch Tán Thơm Phòng 100ml _ BB Queens Trang Trí Vintage,https://down-vn.img.susercontent.com/file/vn-11134207-820l4-mhki9xt3r1mt91,https://shopee.vn/Set-Quà-Tặng-Tinh-Dầu-Khuếch-Tán-Thơm-Phòng-100ml-_-BB-Queens-Trang-Trí-Vintage-i.102121263.22166029773?extraParams=%7B%22display_model_id%22%3A221535246285%2C%22model_selection_logic%22%3A3%7D
400,BB Queens Candle,Thành phố Hồ Chí Minh,https://shopee.vn/search?shop=102121263,Gấu bông Teddy mini gói kèm sét quà tặng . Màu ngẫu nhiên,28.000 ₫,Đặc sản chất lượng - Gấu bông Teddy mini gói kèm sét quà tặng . Màu ngẫu nhiên,https://down-vn.img.susercontent.com/file/954f22decc26749fc78ffe26aec2e0fb,https://shopee.vn/Gấu-bông-Teddy-mini-gói-kèm-sét-quà-tặng-.-Màu-ngẫu-nhiên-i.102121263.21103082780?extraParams=%7B%22display_model_id%22%3A172787748432%2C%22model_selection_logic%22%3A3%7D
401,Fap Decor,Thành phố Hồ Chí Minh,https://shopee.vn/search?shop=795616439,SAN HÔ BÔNG RẠN XANH TỰ NHIÊN PHONG THỦY CAO CẤP HÀNG HIẾM TRANG TRÍ THỦY SINH BỂ CÁ - FAPDECOR,52.000 ₫,Đặc sản chất lượng - SAN HÔ BÔNG RẠN XANH TỰ NHIÊN PHONG THỦY CAO CẤP HÀNG HIẾM TRANG TRÍ THỦY SINH BỂ CÁ - FAPDECOR,https://down-vn.img.susercontent.com/file/153cae8ba961bbbd4266c5dc2f007d61,https://shopee.vn/SAN-HÔ-BÔNG-RẠN-XANH-TỰ-NHIÊN-PHONG-THỦY-CAO-CẤP-HÀNG-HIẾM-TRANG-TRÍ-THỦY-SINH-BỂ-CÁ-FAPDECOR-i.795616439.18618470621?extraParams=%7B%22display_model_id%22%3A201426539137%2C%22model_selection_logic%22%3A3%7D
402,Fap Decor,Thành phố Hồ Chí Minh,https://shopee.vn/search?shop=795616439,SAN HÔ BÔNG RẠN PHONG THỦY LOẠI LỚN ĐẸP TRANG TRÍ BỂ CÁ THỦY SINH DECOR NHÀ - FAPDECOR,48.000 ₫,Đặc sản chất lượng - SAN HÔ BÔNG RẠN PHONG THỦY LOẠI LỚN ĐẸP TRANG TRÍ BỂ CÁ THỦY SINH DECOR NHÀ - FAPDECOR,https://down-vn.img.susercontent.com/file/vn-11134201-23020-za6qx0gpornv62,https://shopee.vn/SAN-HÔ-BÔNG-RẠN-PHONG-THỦY-LOẠI-LỚN-ĐẸP-TRANG-TRÍ-BỂ-CÁ-THỦY-SINH-DECOR-NHÀ-FAPDECOR-i.795616439.19718467860?extraParams=%7B%22display_model_id%22%3A137413241881%2C%22model_selection_logic%22%3A3%7D
403,Fap Decor,Thành phố Hồ Chí Minh,https://shopee.vn/search?shop=795616439,SAN HÔ BÔNG RẠN MINI BIỂN PHONG THỦY TRANG TRÍ BỂ CÁ TRANG TRÍ THỦY SINH DECOR BÀN LÀM VIỆC - FAPDECOR,26.000 ₫,Đặc sản chất lượng - SAN HÔ BÔNG RẠN MINI BIỂN PHONG THỦY TRANG TRÍ BỂ CÁ TRANG TRÍ THỦY SINH DECOR BÀN LÀM VIỆC - FAPDECOR,https://down-vn.img.susercontent.com/file/vn-11134207-7qukw-lg1ucibexr3e72,https://shopee.vn/SAN-HÔ-BÔNG-RẠN-MINI-BIỂN-PHONG-THỦY-TRANG-TRÍ-BỂ-CÁ-TRANG-TRÍ-THỦY-SINH-DECOR-BÀN-LÀM-VIỆC-FAPDECOR-i.795616439.19218460391?extraParams=%7B%22display_model_id%22%3A207495561340%2C%22model_selection_logic%22%3A3%7D
404,Fap Decor,Thành phố Hồ Chí Minh,https://shopee.vn/search?shop=795616439,SAN HÔ BÁNH BAO PHONG THỦY HÀNG ĐẸP TRANG TRÍ THỦY SINH TIỂU CẢNH SETUP BỂ CÁ - FAPDECOR,14.000 ₫,Đặc sản chất lượng - SAN HÔ BÁNH BAO PHONG THỦY HÀNG ĐẸP TRANG TRÍ THỦY SINH TIỂU CẢNH SETUP BỂ CÁ - FAPDECOR,https://down-vn.img.susercontent.com/file/a19daca97900a37424324b40328eae04,https://shopee.vn/SAN-HÔ-BÁNH-BAO-PHONG-THỦY-HÀNG-ĐẸP-TRANG-TRÍ-THỦY-SINH-TIỂU-CẢNH-SETUP-BỂ-CÁ-FAPDECOR-i.795616439.19418482820?extraParams=%7B%22display_model_id%22%3A230647493037%2C%22model_selection_logic%22%3A3%7D
405,Fap Decor,Thành phố Hồ Chí Minh,https://shopee.vn/search?shop=795616439,"(15K 1 CỤC)BÔNG RẠN BIỂN SAN HÔ PHONG THỦY SIÊU ĐẸP THỜI TRANG DECOR THỦY SINH, TRANG TRÍ NHÀ CỬA ĐẸP",34.000 ₫,"Đặc sản chất lượng - (15K 1 CỤC)BÔNG RẠN BIỂN SAN HÔ PHONG THỦY SIÊU ĐẸP THỜI TRANG DECOR THỦY SINH, TRANG TRÍ NHÀ CỬA ĐẸP",https://down-vn.img.susercontent.com/file/a57eeaac19ee6d7e878f5f826b455e82,https://shopee.vn/(15K-1-CỤC)BÔNG-RẠN-BIỂN-SAN-HÔ-PHONG-THỦY-SIÊU-ĐẸP-THỜI-TRANG-DECOR-THỦY-SINH-TRANG-TRÍ-NHÀ-CỬA-ĐẸP-i.795616439.18944912391?extraParams=%7B%22display_model_id%22%3A202270886003%2C%22model_selection_logic%22%3A3%7D
406,Fap Decor,Thành phố Hồ Chí Minh,https://shopee.vn/search?shop=795616439,"{Gía Rẻ} Vỏ ốc biển trang trí nhiều mẫu, phụ kiện vỏ ốc xà cừ trang trí decor hàng đẹp",33.000 ₫,"Đặc sản chất lượng - {Gía Rẻ} Vỏ ốc biển trang trí nhiều mẫu, phụ kiện vỏ ốc xà cừ trang trí decor hàng đẹp",https://down-vn.img.susercontent.com/file/sg-11134201-22120-338gczfk4olva9,https://shopee.vn/-Gía-Rẻ-Vỏ-ốc-biển-trang-trí-nhiều-mẫu-phụ-kiện-vỏ-ốc-xà-cừ-trang-trí-decor-hàng-đẹp-i.795616439.12798030884?extraParams=%7B%22display_model_id%22%3A156505821080%2C%22model_selection_logic%22%3A3%7D
407,Fap Decor,Thành phố Hồ Chí Minh,https://shopee.vn/search?shop=795616439,"Vòng Cổ - Vòng Cổ Mix Vỏ Ốc Chất Liệu Full Vỏ Ốc Thời Trang, Checkin, Trang Trí, Decor - FAPDECOR",49.000 ₫,"Đặc sản chất lượng - Vòng Cổ - Vòng Cổ Mix Vỏ Ốc Chất Liệu Full Vỏ Ốc Thời Trang, Checkin, Trang Trí, Decor - FAPDECOR",https://down-vn.img.susercontent.com/file/vn-11134207-7r98o-llt31kmq034v51,https://shopee.vn/Vòng-Cổ-Vòng-Cổ-Mix-Vỏ-Ốc-Chất-Liệu-Full-Vỏ-Ốc-Thời-Trang-Checkin-Trang-Trí-Decor-FAPDECOR-i.795616439.21793221848?extraParams=%7B%22display_model_id%22%3A222037723758%2C%22model_selection_logic%22%3A3%7D
408,Fap Decor,Thành phố Hồ Chí Minh,https://shopee.vn/search?shop=795616439,"VỎ ỐC LỢN GÂM BÔNG ĐIÊU KHẮC HỌA TIẾT KỶ NIỆM NHIỀU ĐỊA DANH, TRANG TRÍ NHÀ CỬA - FAPDECOREH",49.000 ₫,"Đặc sản chất lượng - VỎ ỐC LỢN GÂM BÔNG ĐIÊU KHẮC HỌA TIẾT KỶ NIỆM NHIỀU ĐỊA DANH, TRANG TRÍ NHÀ CỬA - FAPDECOREH",https://down-vn.img.susercontent.com/file/vn-11134207-7r98o-llt31kmpc7hb1d,https://shopee.vn/VỎ-ỐC-LỢN-GÂM-BÔNG-ĐIÊU-KHẮC-HỌA-TIẾT-KỶ-NIỆM-NHIỀU-ĐỊA-DANH-TRANG-TRÍ-NHÀ-CỬA-FAPDECOREH-i.795616439.18893232160?extraParams=%7B%22display_model_id%22%3A194589792708%2C%22model_selection_logic%22%3A3%7D
409,Fap Decor,Thành phố Hồ Chí Minh,https://shopee.vn/search?shop=795616439,Gạt Vỏ Ốc Giá Bóng Vàng Mỹ Nghệ ĐẾ SAN HÔ DÙ Làm Gạt Tàn Thuố.c Đẹp Lạ - FAPDECOR,28.000 ₫,Đặc sản chất lượng - Gạt Vỏ Ốc Giá Bóng Vàng Mỹ Nghệ ĐẾ SAN HÔ DÙ Làm Gạt Tàn Thuố.c Đẹp Lạ - FAPDECOR,https://down-vn.img.susercontent.com/file/vn-11134207-7r98o-llszf7hlnhsv1c,https://shopee.vn/Gạt-Vỏ-Ốc-Giá-Bóng-Vàng-Mỹ-Nghệ-ĐẾ-SAN-HÔ-DÙ-Làm-Gạt-Tàn-Thuố.c-Đẹp-Lạ-FAPDECOR-i.795616439.22680622354?extraParams=%7B%22display_model_id%22%3A148369545684%2C%22model_selection_logic%22%3A3%7D
410,Fap Decor,Thành phố Hồ Chí Minh,https://shopee.vn/search?shop=795616439,"ĐÈN NGỦ VỎ ỐC GÂM BÔNG  ĐIÊU KHẮC NHA TRANG BÓNG LED SIÊU TIẾT KIỆM ĐIỆN, MÓN QUÀ CỦA BIỂN - FAPDECOR",63.000 ₫,"Đặc sản chất lượng - ĐÈN NGỦ VỎ ỐC GÂM BÔNG  ĐIÊU KHẮC NHA TRANG BÓNG LED SIÊU TIẾT KIỆM ĐIỆN, MÓN QUÀ CỦA BIỂN - FAPDECOR",https://down-vn.img.susercontent.com/file/vn-11134207-7r98o-llt31kmpm1njd8,https://shopee.vn/ĐÈN-NGỦ-VỎ-ỐC-GÂM-BÔNG-ĐIÊU-KHẮC-NHA-TRANG-BÓNG-LED-SIÊU-TIẾT-KIỆM-ĐIỆN-MÓN-QUÀ-CỦA-BIỂN-FAPDECOR-i.795616439.20784280102?extraParams=%7B%22display_model_id%22%3A109007619090%2C%22model_selection_logic%22%3A3%7D
411,OOKAS.VN5D,Thành phố Hồ Chí Minh,https://shopee.vn/search?shop=1124113003,"OOKAS Đèn treo tích điện 500W siêu sáng chợ đêm Quầy hàng Ánh sáng khẩn cấp LED, tặng cáp sạc",45.000 ₫,"Đặc sản chất lượng - OOKAS Đèn treo tích điện 500W siêu sáng chợ đêm Quầy hàng Ánh sáng khẩn cấp LED, tặng cáp sạc",https://down-vn.img.susercontent.com/file/vn-11134207-7ras8-mc2020nieooa51,https://shopee.vn/OOKAS-Đèn-treo-tích-điện-500W-siêu-sáng-chợ-đêm-Quầy-hàng-Ánh-sáng-khẩn-cấp-LED-tặng-cáp-sạc-i.1124113003.41858180720?extraParams=%7B%22display_model_id%22%3A265690325332%2C%22model_selection_logic%22%3A3%7D
412,OOKAS.VN5D,Thành phố Hồ Chí Minh,https://shopee.vn/search?shop=1124113003,OOKAS Đèn pin Led siêu sáng USB có thể sạc lại Đèn pin có thể phóng to với cho cắm trại ngoài trời,65.000 ₫,Đặc sản chất lượng - OOKAS Đèn pin Led siêu sáng USB có thể sạc lại Đèn pin có thể phóng to với cho cắm trại ngoài trời,https://down-vn.img.susercontent.com/file/vn-11134207-820l4-mih74ylg7klibe,https://shopee.vn/OOKAS-Đèn-pin-Led-siêu-sáng-USB-có-thể-sạc-lại-Đèn-pin-có-thể-phóng-to-với-cho-cắm-trại-ngoài-trời-i.1124113003.29719471058?extraParams=%7B%22display_model_id%22%3A307077606390%2C%22model_selection_logic%22%3A3%7D
413,OOKAS.VN5D,Thành phố Hồ Chí Minh,https://shopee.vn/search?shop=1124113003,"OOKAS (Giá sỉ)Đèn ngủ 3D quả cầu pha lê phát sáng,đèn trang trí phòng ngủ, quà sinh nhật lưu niệm",47.000 ₫,"Đặc sản chất lượng - OOKAS (Giá sỉ)Đèn ngủ 3D quả cầu pha lê phát sáng,đèn trang trí phòng ngủ, quà sinh nhật lưu niệm",https://down-vn.img.susercontent.com/file/vn-11134207-7ras8-mb53de69wu5vd8,https://shopee.vn/OOKAS-(Giá-sỉ)Đèn-ngủ-3D-quả-cầu-pha-lê-phát-sáng-đèn-trang-trí-phòng-ngủ-quà-sinh-nhật-lưu-niệm-i.1124113003.27134591174?extraParams=%7B%22display_model_id%22%3A69578253736%2C%22model_selection_logic%22%3A3%7D
414,OOKAS.VN5D,Thành phố Hồ Chí Minh,https://shopee.vn/search?shop=1124113003,OOKAS Bóng đèn năng lượng mặt trời 1000W siêu sáng chợ đêm Quầy hàng Ánh sáng khẩn cấp  LED,99.000 ₫,Đặc sản chất lượng - OOKAS Bóng đèn năng lượng mặt trời 1000W siêu sáng chợ đêm Quầy hàng Ánh sáng khẩn cấp  LED,https://down-vn.img.susercontent.com/file/vn-11134207-7ra0g-m8vooatha1c442,https://shopee.vn/OOKAS-Bóng-đèn-năng-lượng-mặt-trời-1000W-siêu-sáng-chợ-đêm-Quầy-hàng-Ánh-sáng-khẩn-cấp-LED-i.1124113003.24691042631?extraParams=%7B%22display_model_id%22%3A252616894481%2C%22model_selection_logic%22%3A3%7D
415,OOKAS.VN5D,Thành phố Hồ Chí Minh,https://shopee.vn/search?shop=1124113003,"OOKAS Bàn ủi Hơi Nước Cầm Tay   thích hợp Cho Mọi Loại Vải, Bàn ủi Cầm Tay, Bàn ủi Hơi Nước dung lượng Lớn",382.000 ₫,"Đặc sản chất lượng - OOKAS Bàn ủi Hơi Nước Cầm Tay   thích hợp Cho Mọi Loại Vải, Bàn ủi Cầm Tay, Bàn ủi Hơi Nước dung lượng Lớn",https://down-vn.img.susercontent.com/file/vn-11134207-7ras8-mc1ywgklp9pm9d,https://shopee.vn/OOKAS-Bàn-ủi-Hơi-Nước-Cầm-Tay-thích-hợp-Cho-Mọi-Loại-Vải-Bàn-ủi-Cầm-Tay-Bàn-ủi-Hơi-Nước-dung-lượng-Lớn-i.1124113003.25710759439?extraParams=%7B%22display_model_id%22%3A158616940716%2C%22model_selection_logic%22%3A3%7D
416,OOKAS.VN5D,Thành phố Hồ Chí Minh,https://shopee.vn/search?shop=1124113003,"OOKAS Đèn tường năng lượng mặt trời,chống nước,lý tưởng cho sân vườn, đường phố trang trí",55.000 ₫,"Đặc sản chất lượng - OOKAS Đèn tường năng lượng mặt trời,chống nước,lý tưởng cho sân vườn, đường phố trang trí",https://down-vn.img.susercontent.com/file/vn-11134207-7ra0g-m9joxun2dwfi49,https://shopee.vn/OOKAS-Đèn-tường-năng-lượng-mặt-trời-chống-nước-lý-tưởng-cho-sân-vườn-đường-phố-trang-trí-i.1124113003.28572943348?extraParams=%7B%22display_model_id%22%3A350778970357%2C%22model_selection_logic%22%3A3%7D
417,OOKAS.VN5D,Thành phố Hồ Chí Minh,https://shopee.vn/search?shop=1124113003,OOKAS Đèn Pin Đội Đầu Đeo Trán Bóng Siêu Sáng Kèm Pin Sạc Siêu Tiện Lợi，Cắm Trại Du Lịch HOT,95.000 ₫,Đặc sản chất lượng - OOKAS Đèn Pin Đội Đầu Đeo Trán Bóng Siêu Sáng Kèm Pin Sạc Siêu Tiện Lợi，Cắm Trại Du Lịch HOT,https://down-vn.img.susercontent.com/file/vn-11134207-7ra0g-m8wsz5fc3yo479,https://shopee.vn/OOKAS-Đèn-Pin-Đội-Đầu-Đeo-Trán-Bóng-Siêu-Sáng-Kèm-Pin-Sạc-Siêu-Tiện-Lợi，Cắm-Trại-Du-Lịch-HOT-i.1124113003.27534536925?extraParams=%7B%22display_model_id%22%3A196024668289%2C%22model_selection_logic%22%3A3%7D
418,OOKAS.VN5D,Thành phố Hồ Chí Minh,https://shopee.vn/search?shop=1124113003,"OOKAS (Giá sỉ)Đèn trang trí hắt tường 2 đầu 8w chống nước,Có thể trang trí ở ban công, phòng khách",75.000 ₫,"Đặc sản chất lượng - OOKAS (Giá sỉ)Đèn trang trí hắt tường 2 đầu 8w chống nước,Có thể trang trí ở ban công, phòng khách",https://down-vn.img.susercontent.com/file/vn-11134207-7ras8-mas7v2momg2g54,https://shopee.vn/OOKAS-(Giá-sỉ)Đèn-trang-trí-hắt-tường-2-đầu-8w-chống-nước-Có-thể-trang-trí-ở-ban-công-phòng-khách-i.1124113003.28725089066?extraParams=%7B%22display_model_id%22%3A49943790341%2C%22model_selection_logic%22%3A3%7D
419,OOKAS.VN5D,Thành phố Hồ Chí Minh,https://shopee.vn/search?shop=1124113003,OOKAS Dây đèn led trang trí năng lượng mặt trời quả cầu bi bọt chống nước 20-50-100 bóng led,79.000 ₫,Đặc sản chất lượng - OOKAS Dây đèn led trang trí năng lượng mặt trời quả cầu bi bọt chống nước 20-50-100 bóng led,https://down-vn.img.susercontent.com/file/vn-11134207-7ra0g-m8vpnyxk4u9wd7,https://shopee.vn/OOKAS-Dây-đèn-led-trang-trí-năng-lượng-mặt-trời-quả-cầu-bi-bọt-chống-nước-20-50-100-bóng-led-i.1124113003.28770348979?extraParams=%7B%22display_model_id%22%3A415411540800%2C%22model_selection_logic%22%3A3%7D
420,OOKAS.VN5D,Thành phố Hồ Chí Minh,https://shopee.vn/search?shop=1124113003,"OOKAS Đèn tường năng lượng mặt trời 8LED, chống nước, Đèn tường sân vườn tự động chuyển đổi",115.900 ₫,"Đặc sản chất lượng - OOKAS Đèn tường năng lượng mặt trời 8LED, chống nước, Đèn tường sân vườn tự động chuyển đổi",https://down-vn.img.susercontent.com/file/vn-11134207-7ra0g-m9h5a51wpw9373,https://shopee.vn/OOKAS-Đèn-tường-năng-lượng-mặt-trời-8LED-chống-nước-Đèn-tường-sân-vườn-tự-động-chuyển-đổi-i.1124113003.41750037161?extraParams=%7B%22display_model_id%22%3A291053448690%2C%22model_selection_logic%22%3A3%7D
421,INEW SHOP,Thành phố Hà Nội,https://shopee.vn/search?shop=902632123,Bộ ấm trà du lịch phải có cho những người đam mê trà Một ấm ba ly Bộ dụng cụ trà Kung Fu ngoài trời,95.893 ₫,Đặc sản chất lượng - Bộ ấm trà du lịch phải có cho những người đam mê trà Một ấm ba ly Bộ dụng cụ trà Kung Fu ngoài trời,https://down-vn.img.susercontent.com/file/vn-11134207-7qukw-lkddvl3u07to78,https://shopee.vn/Bộ-ấm-trà-du-lịch-phải-có-cho-những-người-đam-mê-trà-Một-ấm-ba-ly-Bộ-dụng-cụ-trà-Kung-Fu-ngoài-trời-i.902632123.22976622397?extraParams=%7B%22display_model_id%22%3A235512744387%2C%22model_selection_logic%22%3A3%7D
422,INEW SHOP,Thành phố Hà Nội,https://shopee.vn/search?shop=902632123,trọng lượng rất nhẹ dễ dàng mang theo dễ dàng gấp ghế mặt trăng ghế bãi biển,243.390 ₫,Đặc sản chất lượng - trọng lượng rất nhẹ dễ dàng mang theo dễ dàng gấp ghế mặt trăng ghế bãi biển,https://down-vn.img.susercontent.com/file/vn-11134207-7qukw-lkd9eftz5l7g8b,https://shopee.vn/trọng-lượng-rất-nhẹ-dễ-dàng-mang-theo-dễ-dàng-gấp-ghế-mặt-trăng-ghế-bãi-biển-i.902632123.23476619655?extraParams=%7B%22display_model_id%22%3A196950683879%2C%22model_selection_logic%22%3A3%7D
423,INEW SHOP,Thành phố Hà Nội,https://shopee.vn/search?shop=902632123,"Bình giữ nhiệt inox thông minh hiển thị nhiệt độ, dạng thẳng dùng trên xe, dày hơn",85.500 ₫,"Đặc sản chất lượng - Bình giữ nhiệt inox thông minh hiển thị nhiệt độ, dạng thẳng dùng trên xe, dày hơn",https://down-vn.img.susercontent.com/file/cn-11134207-820l4-mnmmbdmbvi1224,https://shopee.vn/Bình-giữ-nhiệt-inox-thông-minh-hiển-thị-nhiệt-độ-dạng-thẳng-dùng-trên-xe-dày-hơn-i.902632123.18591839988?extraParams=%7B%22display_model_id%22%3A206950761835%2C%22model_selection_logic%22%3A3%7D
424,INEW SHOP,Thành phố Hà Nội,https://shopee.vn/search?shop=902632123,Cốc thép không gỉ 2 lớp đơn giản Cốc cà phê đá Americano Cốc rơm có giá trị cao có nắp đậy bằng tay cầm,77.140 ₫,Đặc sản chất lượng - Cốc thép không gỉ 2 lớp đơn giản Cốc cà phê đá Americano Cốc rơm có giá trị cao có nắp đậy bằng tay cầm,https://down-vn.img.susercontent.com/file/vn-11134207-7qukw-lkdbtzngvzxk5c,https://shopee.vn/Cốc-thép-không-gỉ-2-lớp-đơn-giản-Cốc-cà-phê-đá-Americano-Cốc-rơm-có-giá-trị-cao-có-nắp-đậy-bằng-tay-cầm-i.902632123.23076611569?extraParams=%7B%22display_model_id%22%3A186950752321%2C%22model_selection_logic%22%3A3%7D
425,INEW SHOP,Thành phố Hà Nội,https://shopee.vn/search?shop=902632123,"Cắm trại ngoài trời Công suất lớn Picnic Giỏ,Giỏ lưu trữ đa chức năng,Hộp lưu trữ có thể gập lại",180.500 ₫,"Đặc sản chất lượng - Cắm trại ngoài trời Công suất lớn Picnic Giỏ,Giỏ lưu trữ đa chức năng,Hộp lưu trữ có thể gập lại",https://down-vn.img.susercontent.com/file/cn-11134207-7ras8-md1hkk635nc9c0,https://shopee.vn/Cắm-trại-ngoài-trời-Công-suất-lớn-Picnic-Giỏ-Giỏ-lưu-trữ-đa-chức-năng-Hộp-lưu-trữ-có-thể-gập-lại-i.902632123.21791827076?extraParams=%7B%22display_model_id%22%3A176039152785%2C%22model_selection_logic%22%3A3%7D
426,INEW SHOP,Thành phố Hà Nội,https://shopee.vn/search?shop=902632123,quạt điện cầm tay dễ dàng mang theo gió mạnh điều chỉnh gió quạt điện mini USB,121.163 ₫,Đặc sản chất lượng - quạt điện cầm tay dễ dàng mang theo gió mạnh điều chỉnh gió quạt điện mini USB,https://down-vn.img.susercontent.com/file/cn-11134207-7r98o-lpbglhd8fxlj70,https://shopee.vn/quạt-điện-cầm-tay-dễ-dàng-mang-theo-gió-mạnh-điều-chỉnh-gió-quạt-điện-mini-USB-i.902632123.22251124105?extraParams=%7B%22display_model_id%22%3A206950712011%2C%22model_selection_logic%22%3A3%7D
427,INEW SHOP,Thành phố Hà Nội,https://shopee.vn/search?shop=902632123,Bình Giữ Nhiệt Inox 316 Mới Cốc Di Động 2 Lớp bình nước giữ nhiệt,89.627 ₫,Đặc sản chất lượng - Bình Giữ Nhiệt Inox 316 Mới Cốc Di Động 2 Lớp bình nước giữ nhiệt,https://down-vn.img.susercontent.com/file/cn-11134207-7r98o-m0cjzypv7vwu70,https://shopee.vn/Bình-Giữ-Nhiệt-Inox-316-Mới-Cốc-Di-Động-2-Lớp-bình-nước-giữ-nhiệt-i.902632123.26911712623?extraParams=%7B%22display_model_id%22%3A195402508803%2C%22model_selection_logic%22%3A3%7D
428,INEW SHOP,Thành phố Hà Nội,https://shopee.vn/search?shop=902632123,Đơn Giản Yến Mạch Cốc Ăn Sáng Sữa Chua Cốc Thủy Tinh Cốc Sữa Salad Cốc Thủy Tinh Có Thìa,49.400 ₫,Đặc sản chất lượng - Đơn Giản Yến Mạch Cốc Ăn Sáng Sữa Chua Cốc Thủy Tinh Cốc Sữa Salad Cốc Thủy Tinh Có Thìa,https://down-vn.img.susercontent.com/file/cn-11134207-820l4-mny5mhbc5fyge1,https://shopee.vn/Đơn-Giản-Yến-Mạch-Cốc-Ăn-Sáng-Sữa-Chua-Cốc-Thủy-Tinh-Cốc-Sữa-Salad-Cốc-Thủy-Tinh-Có-Thìa-i.902632123.55207960559?extraParams=%7B%22display_model_id%22%3A360706613684%2C%22model_selection_logic%22%3A3%7D
429,INEW SHOP,Thành phố Hà Nội,https://shopee.vn/search?shop=902632123,Bộ quà tặng lưu niệm Quà tặng dịp lễ Quà tặng trong đám cưới Quà sinh nhật Ly Quà tặng khai trương,94.999 ₫,Đặc sản chất lượng - Bộ quà tặng lưu niệm Quà tặng dịp lễ Quà tặng trong đám cưới Quà sinh nhật Ly Quà tặng khai trương,https://down-vn.img.susercontent.com/file/cn-11134207-7ras8-m6wcohe61oqz77,https://shopee.vn/Bộ-quà-tặng-lưu-niệm-Quà-tặng-dịp-lễ-Quà-tặng-trong-đám-cưới-Quà-sinh-nhật-Ly-Quà-tặng-khai-trương-i.902632123.24792066490?extraParams=%7B%22display_model_id%22%3A129260429081%2C%22model_selection_logic%22%3A3%7D
430,INEW SHOP,Thành phố Hà Nội,https://shopee.vn/search?shop=902632123,ly giữ nhiệt Cốc cà phê ống hút dung tích lớn 316 Cốc giữ nhiệt bằng thép không gỉ Cốc ô tô di động bình nước giữ nhiệt,143.449 ₫,Đặc sản chất lượng - ly giữ nhiệt Cốc cà phê ống hút dung tích lớn 316 Cốc giữ nhiệt bằng thép không gỉ Cốc ô tô di động bình nước giữ nhiệt,https://down-vn.img.susercontent.com/file/cn-11134207-820l4-mofa16pqb8y7a0,https://shopee.vn/ly-giữ-nhiệt-Cốc-cà-phê-ống-hút-dung-tích-lớn-316-Cốc-giữ-nhiệt-bằng-thép-không-gỉ-Cốc-ô-tô-di-động-bình-nước-giữ-nhiệt-i.902632123.28368587109?extraParams=%7B%22display_model_id%22%3A252100873769%2C%22model_selection_logic%22%3A3%7D
431,Beauxy - Gift & Decor,Thành phố Hà Nội,https://shopee.vn/search?shop=497869970,540 Tờ Giấy Gấp Sao Nhiều Màu Xinh Xắn Làm Đồ Trang Trí,20.000 ₫,Đặc sản chất lượng - 540 Tờ Giấy Gấp Sao Nhiều Màu Xinh Xắn Làm Đồ Trang Trí,https://down-vn.img.susercontent.com/file/vn-11134207-7qukw-lhdjo28sphde9a,https://shopee.vn/540-Tờ-Giấy-Gấp-Sao-Nhiều-Màu-Xinh-Xắn-Làm-Đồ-Trang-Trí-i.497869970.18278754452?extraParams=%7B%22display_model_id%22%3A214224614446%2C%22model_selection_logic%22%3A3%7D
432,Beauxy - Gift & Decor,Thành phố Hà Nội,https://shopee.vn/search?shop=497869970,"(20*15*7,5cm) Hộp Quà Tặng Người Yêu, Hộp Quà Tặng Valentine, Kèm Túi Giấy, Đèn Led, Giấy Rơm, Thiệp",35.000 ₫,"Đặc sản chất lượng - (20*15*7,5cm) Hộp Quà Tặng Người Yêu, Hộp Quà Tặng Valentine, Kèm Túi Giấy, Đèn Led, Giấy Rơm, Thiệp",https://down-vn.img.susercontent.com/file/d0112c9bc578bacea465e69694555706,https://shopee.vn/(20*15*7-5cm)-Hộp-Quà-Tặng-Người-Yêu-Hộp-Quà-Tặng-Valentine-Kèm-Túi-Giấy-Đèn-Led-Giấy-Rơm-Thiệp-i.497869970.10469095265?extraParams=%7B%22display_model_id%22%3A47749863089%2C%22model_selection_logic%22%3A3%7D
433,Beauxy - Gift & Decor,Thành phố Hà Nội,https://shopee.vn/search?shop=497869970,"Lọ ước, lọ chữa lành kèm ruy băng gồm hình sao, hình tròn và hình trái tim",40.800 ₫,"Đặc sản chất lượng - Lọ ước, lọ chữa lành kèm ruy băng gồm hình sao, hình tròn và hình trái tim",https://down-vn.img.susercontent.com/file/vn-11134207-7qukw-lkhu0g5q4uy031,https://shopee.vn/Lọ-ước-lọ-chữa-lành-kèm-ruy-băng-gồm-hình-sao-hình-tròn-và-hình-trái-tim-i.497869970.23651436102?extraParams=%7B%22display_model_id%22%3A148324927044%2C%22model_selection_logic%22%3A3%7D
434,Beauxy - Gift & Decor,Thành phố Hà Nội,https://shopee.vn/search?shop=497869970,"(20x15x7,5cm) (KHÔNG GỒM SON) Hộp Quà Tặng Bạn Gái, Hộp Quà Đựng Son, Hộp Valinetine Tặng Kèm Ruy Băng",82.000 ₫,"Đặc sản chất lượng - (20x15x7,5cm) (KHÔNG GỒM SON) Hộp Quà Tặng Bạn Gái, Hộp Quà Đựng Son, Hộp Valinetine Tặng Kèm Ruy Băng",https://down-vn.img.susercontent.com/file/d9156a03eb17f2edfdda6461933ba707,https://shopee.vn/(20x15x7-5cm)-(KHÔNG-GỒM-SON)-Hộp-Quà-Tặng-Bạn-Gái-Hộp-Quà-Đựng-Son-Hộp-Valinetine-Tặng-Kèm-Ruy-Băng-i.497869970.17056264301?extraParams=%7B%22display_model_id%22%3A125414063212%2C%22model_selection_logic%22%3A3%7D
435,Beauxy - Gift & Decor,Thành phố Hà Nội,https://shopee.vn/search?shop=497869970,"Ruy Băng Lụa In Chữ Just For You Dùng Trang Trí Hộp Quà, Gói Hoa, Trang Trí Lọ Chữa Lành Sáng Tạo",20.000 ₫,"Đặc sản chất lượng - Ruy Băng Lụa In Chữ Just For You Dùng Trang Trí Hộp Quà, Gói Hoa, Trang Trí Lọ Chữa Lành Sáng Tạo",https://down-vn.img.susercontent.com/file/vn-11134207-7qukw-lkg5cktl5l7se8,https://shopee.vn/Ruy-Băng-Lụa-In-Chữ-Just-For-You-Dùng-Trang-Trí-Hộp-Quà-Gói-Hoa-Trang-Trí-Lọ-Chữa-Lành-Sáng-Tạo-i.497869970.20582940959?extraParams=%7B%22display_model_id%22%3A236623969705%2C%22model_selection_logic%22%3A3%7D
436,Beauxy - Gift & Decor,Thành phố Hà Nội,https://shopee.vn/search?shop=497869970,"(30*20*11 cm) Hộp quà size to Gift for you đựng giày dép, túi xách, quần áo,hộp quà bất ngờ, kèm phụ kiện lãng mạn",99.000 ₫,"Đặc sản chất lượng - (30*20*11 cm) Hộp quà size to Gift for you đựng giày dép, túi xách, quần áo,hộp quà bất ngờ, kèm phụ kiện lãng mạn",https://down-vn.img.susercontent.com/file/0fee96416c8a44ab6130ce57bcfa8f9f,https://shopee.vn/(30*20*11-cm)-Hộp-quà-size-to-Gift-for-you-đựng-giày-dép-túi-xách-quần-áo-hộp-quà-bất-ngờ-kèm-phụ-kiện-lãng-mạn-i.497869970.18030327002?extraParams=%7B%22display_model_id%22%3A181564769543%2C%22model_selection_logic%22%3A3%7D
437,Beauxy - Gift & Decor,Thành phố Hà Nội,https://shopee.vn/search?shop=497869970,"Lọ ước, lọ chữa lành, lọ thanh xuân trao tặng yêu thương xinh xắn",46.000 ₫,"Đặc sản chất lượng - Lọ ước, lọ chữa lành, lọ thanh xuân trao tặng yêu thương xinh xắn",https://down-vn.img.susercontent.com/file/vn-11134207-7qukw-lfvamid5b46veb,https://shopee.vn/Lọ-ước-lọ-chữa-lành-lọ-thanh-xuân-trao-tặng-yêu-thương-xinh-xắn-i.497869970.18887984658?extraParams=%7B%22display_model_id%22%3A204241695582%2C%22model_selection_logic%22%3A3%7D
438,Beauxy - Gift & Decor,Thành phố Hà Nội,https://shopee.vn/search?shop=497869970,"Lọ ước, lọ chữa lành, lọ tình yêu hình trái tim xinh xắn dành cho các cặp đôi",46.000 ₫,"Đặc sản chất lượng - Lọ ước, lọ chữa lành, lọ tình yêu hình trái tim xinh xắn dành cho các cặp đôi",https://down-vn.img.susercontent.com/file/vn-11134207-7qukw-lir1wg6m8vt855,https://shopee.vn/Lọ-ước-lọ-chữa-lành-lọ-tình-yêu-hình-trái-tim-xinh-xắn-dành-cho-các-cặp-đôi-i.497869970.16995179232?extraParams=%7B%22display_model_id%22%3A165968914658%2C%22model_selection_logic%22%3A3%7D
439,Beauxy - Gift & Decor,Thành phố Hà Nội,https://shopee.vn/search?shop=497869970,"（30*20*11) Hộp Quà Gift Xám, Hộp Quà Sang Trọng Tặng Sinh Nhật, Valentine Ttặng Kèm Ruy Băng",22.000 ₫,"Đặc sản chất lượng - （30*20*11) Hộp Quà Gift Xám, Hộp Quà Sang Trọng Tặng Sinh Nhật, Valentine Ttặng Kèm Ruy Băng",https://down-vn.img.susercontent.com/file/vn-11134207-7qukw-lk9cx1cze1ekbe,https://shopee.vn/（30*20*11)-Hộp-Quà-Gift-Xám-Hộp-Quà-Sang-Trọng-Tặng-Sinh-Nhật-Valentine-Ttặng-Kèm-Ruy-Băng-i.497869970.21491721320?extraParams=%7B%22display_model_id%22%3A188106364961%2C%22model_selection_logic%22%3A3%7D
440,Beauxy - Gift & Decor,Thành phố Hà Nội,https://shopee.vn/search?shop=497869970,"Đèn Led Dây Trang Trí Ánh Vàng - Sẵn Pin - Dài 1m x10 Bóng Đèn Led - Trang Trí Tiệc Cưới, Giáng Sinh, Sinh Nhật, Hộp Quà",15.000 ₫,"Đặc sản chất lượng - Đèn Led Dây Trang Trí Ánh Vàng - Sẵn Pin - Dài 1m x10 Bóng Đèn Led - Trang Trí Tiệc Cưới, Giáng Sinh, Sinh Nhật, Hộp Quà",https://down-vn.img.susercontent.com/file/65ffc4b377238c51414c2688e52aa5f0,https://shopee.vn/Đèn-Led-Dây-Trang-Trí-Ánh-Vàng-Sẵn-Pin-Dài-1m-x10-Bóng-Đèn-Led-Trang-Trí-Tiệc-Cưới-Giáng-Sinh-Sinh-Nhật-Hộp-Quà-i.497869970.10468335414?extraParams=%7B%22display_model_id%22%3A103673160387%2C%22model_selection_logic%22%3A3%7D
441,LiDO sports,Thành phố Hồ Chí Minh,https://shopee.vn/search?shop=20867065,Bộ cầu thủ + khung thành trang trí decor cực đẹp,40.000 ₫,Đặc sản chất lượng - Bộ cầu thủ + khung thành trang trí decor cực đẹp,https://down-vn.img.susercontent.com/file/4fb57f306dab7b8922d5b98d9cd9f3d9,https://shopee.vn/Bộ-cầu-thủ-khung-thành-trang-trí-decor-cực-đẹp-i.20867065.19914220891?extraParams=%7B%22display_model_id%22%3A190799488366%2C%22model_selection_logic%22%3A3%7D
442,LiDO sports,Thành phố Hồ Chí Minh,https://shopee.vn/search?shop=20867065,Vòng Tay Ronaldo - Messi- Neymar - Hazard - Bale - Mbappe - Torres,25.000 ₫,Đặc sản chất lượng - Vòng Tay Ronaldo - Messi- Neymar - Hazard - Bale - Mbappe - Torres,https://down-vn.img.susercontent.com/file/4c3a83c2c87df385341e274c5eace40c,https://shopee.vn/Vòng-Tay-Ronaldo-Messi-Neymar-Hazard-Bale-Mbappe-Torres-i.20867065.2298664179?extraParams=%7B%22display_model_id%22%3A4511366399%2C%22model_selection_logic%22%3A3%7D
443,LiDO sports,Thành phố Hồ Chí Minh,https://shopee.vn/search?shop=20867065,Mô hình cầu thủ bóng đá lắp ghép - Quà tặng bạn bè,21.021 ₫,Đặc sản chất lượng - Mô hình cầu thủ bóng đá lắp ghép - Quà tặng bạn bè,https://down-vn.img.susercontent.com/file/a9264088278183d80d419658a2bef4d9,https://shopee.vn/Mô-hình-cầu-thủ-bóng-đá-lắp-ghép-Quà-tặng-bạn-bè-i.20867065.17702195874?extraParams=%7B%22display_model_id%22%3A445486011064%2C%22model_selection_logic%22%3A3%7D
444,LiDO sports,Thành phố Hồ Chí Minh,https://shopee.vn/search?shop=20867065,Móc khoá bóng các giải đâu cực đẹp - sắc nét,37.995 ₫,Đặc sản chất lượng - Móc khoá bóng các giải đâu cực đẹp - sắc nét,https://down-vn.img.susercontent.com/file/9040dc06048e29934290b54bcbcbde19,https://shopee.vn/Móc-khoá-bóng-các-giải-đâu-cực-đẹp-sắc-nét-i.20867065.11211306845?extraParams=%7B%22display_model_id%22%3A193898138927%2C%22model_selection_logic%22%3A3%7D
445,LiDO sports,Thành phố Hồ Chí Minh,https://shopee.vn/search?shop=20867065,Móc khóa bản Mu- Barcalona- chelsea - real madrid - arsenal,34.999 ₫,Đặc sản chất lượng - Móc khóa bản Mu- Barcalona- chelsea - real madrid - arsenal,https://down-vn.img.susercontent.com/file/vn-11134207-7r98o-lp7lt62u1q3fe3,https://shopee.vn/Móc-khóa-bản-Mu-Barcalona-chelsea-real-madrid-arsenal-i.20867065.2415172532?extraParams=%7B%22display_model_id%22%3A4989036099%2C%22model_selection_logic%22%3A3%7D
446,LiDO sports,Thành phố Hồ Chí Minh,https://shopee.vn/search?shop=20867065,Decal Sticker ủi áo quần logo bóng đá,14.000 ₫,Đặc sản chất lượng - Decal Sticker ủi áo quần logo bóng đá,https://down-vn.img.susercontent.com/file/7f977065814b095e80652bcbb81902ff,https://shopee.vn/Decal-Sticker-ủi-áo-quần-logo-bóng-đá-i.20867065.7365355462?extraParams=%7B%22display_model_id%22%3A72000338595%2C%22model_selection_logic%22%3A3%7D
447,LiDO sports,Thành phố Hồ Chí Minh,https://shopee.vn/search?shop=20867065,"Huy hiệu gài áo cao cấp sắc nét mẫu mới, quà tặng bạn bè",13.000 ₫,"Đặc sản chất lượng - Huy hiệu gài áo cao cấp sắc nét mẫu mới, quà tặng bạn bè",https://down-vn.img.susercontent.com/file/76aef13aee33418289e0eb475757c81a,https://shopee.vn/Huy-hiệu-gài-áo-cao-cấp-sắc-nét-mẫu-mới-quà-tặng-bạn-bè-i.20867065.20830713283?extraParams=%7B%22display_model_id%22%3A211583284880%2C%22model_selection_logic%22%3A3%7D
448,LiDO sports,Thành phố Hồ Chí Minh,https://shopee.vn/search?shop=20867065,Huy hiệu gài áo CLB bóng đá Manchester united Chelsea Arsenal Liverpool Chelsea Real Madrid Barcelona,20.500 ₫,Đặc sản chất lượng - Huy hiệu gài áo CLB bóng đá Manchester united Chelsea Arsenal Liverpool Chelsea Real Madrid Barcelona,https://down-vn.img.susercontent.com/file/9b95b9d3692938604236ffc3129b5801,https://shopee.vn/Huy-hiệu-gài-áo-CLB-bóng-đá-Manchester-united-Chelsea-Arsenal-Liverpool-Chelsea-Real-Madrid-Barcelona-i.20867065.2443962052?extraParams=%7B%22display_model_id%22%3A5107865541%2C%22model_selection_logic%22%3A3%7D
449,LiDO sports,Thành phố Hồ Chí Minh,https://shopee.vn/search?shop=20867065,Huy hiệu cao cấp siêu đẹp các đội bóng,40.000 ₫,Đặc sản chất lượng - Huy hiệu cao cấp siêu đẹp các đội bóng,https://down-vn.img.susercontent.com/file/db96536b62d436edcfec10e44f2fb7bb,https://shopee.vn/Huy-hiệu-cao-cấp-siêu-đẹp-các-đội-bóng-i.20867065.5514496420?extraParams=%7B%22display_model_id%22%3A12925346997%2C%22model_selection_logic%22%3A3%7D
450,LiDO sports,Thành phố Hồ Chí Minh,https://shopee.vn/search?shop=20867065,Tượng cầu thủ bóng đá CHELSEA - quà tặng hấp dẫn cho bạn bè,70.000 ₫,Đặc sản chất lượng - Tượng cầu thủ bóng đá CHELSEA - quà tặng hấp dẫn cho bạn bè,https://down-vn.img.susercontent.com/file/3c8fe9a1946346adb5e9a215c9189a50,https://shopee.vn/Tượng-cầu-thủ-bóng-đá-CHELSEA-quà-tặng-hấp-dẫn-cho-bạn-bè-i.20867065.2185090196?extraParams=%7B%22display_model_id%22%3A4088283423%2C%22model_selection_logic%22%3A3%7D
451,Minh hoạ chữa lành,Thành phố Hồ Chí Minh,https://shopee.vn/search?shop=2075783,"Postcard thay lời nhắn dễ thương, vui nhộn-Phiên bản giấy khen-SIZE A6-minhhoachualanh",20.000 ₫,"Đặc sản chất lượng - Postcard thay lời nhắn dễ thương, vui nhộn-Phiên bản giấy khen-SIZE A6-minhhoachualanh",https://down-vn.img.susercontent.com/file/vn-11134207-81ztc-mk3gm70c4xs79c,https://shopee.vn/Postcard-thay-lời-nhắn-dễ-thương-vui-nhộn-Phiên-bản-giấy-khen-SIZE-A6-minhhoachualanh-i.2075783.42074792391?extraParams=%7B%22display_model_id%22%3A244155174490%2C%22model_selection_logic%22%3A3%7D
452,Minh hoạ chữa lành,Thành phố Hồ Chí Minh,https://shopee.vn/search?shop=2075783,"M02-Mini card, card cute-Card bo góc cán holo cầu vồng, kèm lời nhắn tích cực tạo động lực-Để ví hoặc ốp lưng điện thoại",13.000 ₫,"Đặc sản chất lượng - M02-Mini card, card cute-Card bo góc cán holo cầu vồng, kèm lời nhắn tích cực tạo động lực-Để ví hoặc ốp lưng điện thoại",https://down-vn.img.susercontent.com/file/vn-11134207-81ztc-mlm5dfp5rls2a4,https://shopee.vn/M02-Mini-card-card-cute-Card-bo-góc-cán-holo-cầu-vồng-kèm-lời-nhắn-tích-cực-tạo-động-lực-Để-ví-hoặc-ốp-lưng-điện-thoại-i.2075783.47103667624?extraParams=%7B%22display_model_id%22%3A395623680456%2C%22model_selection_logic%22%3A3%7D
453,Minh hoạ chữa lành,Thành phố Hồ Chí Minh,https://shopee.vn/search?shop=2075783,"M05-Mini card,card cute-Card bo góc cán holo cầu vồng, kèm lời nhắn tích cực tạo động lực-Để ví hoặc ốp lưng điện thoại",13.000 ₫,"Đặc sản chất lượng - M05-Mini card,card cute-Card bo góc cán holo cầu vồng, kèm lời nhắn tích cực tạo động lực-Để ví hoặc ốp lưng điện thoại",https://down-vn.img.susercontent.com/file/vn-11134207-81ztc-moc9d8z40ft734,https://shopee.vn/M05-Mini-card-card-cute-Card-bo-góc-cán-holo-cầu-vồng-kèm-lời-nhắn-tích-cực-tạo-động-lực-Để-ví-hoặc-ốp-lưng-điện-thoại-i.2075783.52010106693?extraParams=%7B%22display_model_id%22%3A370888727566%2C%22model_selection_logic%22%3A3%7D
454,Minh hoạ chữa lành,Thành phố Hồ Chí Minh,https://shopee.vn/search?shop=2075783,"M03-Mini card,card cute-Card bo góc cán holo cầu vồng, kèm lời nhắn tích cực tạo động lực-Để ví hoặc ốp lưng điện thoại",13.000 ₫,"Đặc sản chất lượng - M03-Mini card,card cute-Card bo góc cán holo cầu vồng, kèm lời nhắn tích cực tạo động lực-Để ví hoặc ốp lưng điện thoại",https://down-vn.img.susercontent.com/file/vn-11134207-81ztc-moqz8sf1wd8r5f,https://shopee.vn/M03-Mini-card-card-cute-Card-bo-góc-cán-holo-cầu-vồng-kèm-lời-nhắn-tích-cực-tạo-động-lực-Để-ví-hoặc-ốp-lưng-điện-thoại-i.2075783.43123022866?extraParams=%7B%22display_model_id%22%3A234647760918%2C%22model_selection_logic%22%3A3%7D
455,Minh hoạ chữa lành,Thành phố Hồ Chí Minh,https://shopee.vn/search?shop=2075783,"M01-Mini card cute-Card bo góc,cán holo cầu vồng-kèm lời nhắn tạo động lực,năng lượng tích cực-Để ví, ốp lưng điện thoại",13.000 ₫,"Đặc sản chất lượng - M01-Mini card cute-Card bo góc,cán holo cầu vồng-kèm lời nhắn tạo động lực,năng lượng tích cực-Để ví, ốp lưng điện thoại",https://down-vn.img.susercontent.com/file/vn-11134207-820l4-mjz2zvd6pkw309,https://shopee.vn/M01-Mini-card-cute-Card-bo-góc-cán-holo-cầu-vồng-kèm-lời-nhắn-tạo-động-lực-năng-lượng-tích-cực-Để-ví-ốp-lưng-điện-thoại-i.2075783.57052974261?extraParams=%7B%22display_model_id%22%3A277249423031%2C%22model_selection_logic%22%3A3%7D
456,Minh hoạ chữa lành,Thành phố Hồ Chí Minh,https://shopee.vn/search?shop=2075783,"H01-Pin-Ghim cài-Huy hiệu dễ thương, vui vẻ, vô tri-Dùng cài áo, balo, túi xách-minhhoachualanh",35.000 ₫,"Đặc sản chất lượng - H01-Pin-Ghim cài-Huy hiệu dễ thương, vui vẻ, vô tri-Dùng cài áo, balo, túi xách-minhhoachualanh",https://down-vn.img.susercontent.com/file/vn-11134207-81ztc-mlm218j14uf81d,https://shopee.vn/H01-Pin-Ghim-cài-Huy-hiệu-dễ-thương-vui-vẻ-vô-tri-Dùng-cài-áo-balo-túi-xách-minhhoachualanh-i.2075783.57556558600?extraParams=%7B%22display_model_id%22%3A277442833793%2C%22model_selection_logic%22%3A3%7D
457,Minh hoạ chữa lành,Thành phố Hồ Chí Minh,https://shopee.vn/search?shop=2075783,Phonecharm-Luckycharm-Dây đeo phụ kiện-Móc khoá-Móc treo điện thoại-Chiêu tài đón lộc-minhhoachualanh,39.000 ₫,Đặc sản chất lượng - Phonecharm-Luckycharm-Dây đeo phụ kiện-Móc khoá-Móc treo điện thoại-Chiêu tài đón lộc-minhhoachualanh,https://down-vn.img.susercontent.com/file/vn-11134207-820l4-mh5xxncfmqrwee,https://shopee.vn/Phonecharm-Luckycharm-Dây-đeo-phụ-kiện-Móc-khoá-Móc-treo-điện-thoại-Chiêu-tài-đón-lộc-minhhoachualanh-i.2075783.56051529763?extraParams=%7B%22display_model_id%22%3A380140645440%2C%22model_selection_logic%22%3A3%7D
458,Minh hoạ chữa lành,Thành phố Hồ Chí Minh,https://shopee.vn/search?shop=2075783,"D01-Lót ly gốm thấm nước - quà sinh nhật - quà tốt nghiệp, hoàn thành KPI, dễ thương, đáng iu-minhhoachualanh",89.000 ₫,"Đặc sản chất lượng - D01-Lót ly gốm thấm nước - quà sinh nhật - quà tốt nghiệp, hoàn thành KPI, dễ thương, đáng iu-minhhoachualanh",https://down-vn.img.susercontent.com/file/vn-11134207-81ztc-mo8b4zyvj0g823,https://shopee.vn/D01-Lót-ly-gốm-thấm-nước-quà-sinh-nhật-quà-tốt-nghiệp-hoàn-thành-KPI-dễ-thương-đáng-iu-minhhoachualanh-i.2075783.48410500680?extraParams=%7B%22display_model_id%22%3A292616045690%2C%22model_selection_logic%22%3A3%7D
459,Minh hoạ chữa lành,Thành phố Hồ Chí Minh,https://shopee.vn/search?shop=2075783,"D03-Lót ly gốm thấm nước mang thông điệp dễ thương, đáng iu - minhhoachualanh",89.000 ₫,"Đặc sản chất lượng - D03-Lót ly gốm thấm nước mang thông điệp dễ thương, đáng iu - minhhoachualanh",https://down-vn.img.susercontent.com/file/vn-11134207-81ztc-mo820qhi08asb5,https://shopee.vn/D03-Lót-ly-gốm-thấm-nước-mang-thông-điệp-dễ-thương-đáng-iu-minhhoachualanh-i.2075783.40630880033?extraParams=%7B%22display_model_id%22%3A234689529524%2C%22model_selection_logic%22%3A3%7D
460,Minh hoạ chữa lành,Thành phố Hồ Chí Minh,https://shopee.vn/search?shop=2075783,"M04-Mini card, card cute-Card bo góc cán holo cầu vồng, kèm lời nhắn tích cực tạo động lực-Để ví hoặc ốp lưng điện thoại",13.000 ₫,"Đặc sản chất lượng - M04-Mini card, card cute-Card bo góc cán holo cầu vồng, kèm lời nhắn tích cực tạo động lực-Để ví hoặc ốp lưng điện thoại",https://down-vn.img.susercontent.com/file/vn-11134207-81ztc-mk3sn9i7cc908d,https://shopee.vn/M04-Mini-card-card-cute-Card-bo-góc-cán-holo-cầu-vồng-kèm-lời-nhắn-tích-cực-tạo-động-lực-Để-ví-hoặc-ốp-lưng-điện-thoại-i.2075783.40318799052?extraParams=%7B%22display_model_id%22%3A345509829858%2C%22model_selection_logic%22%3A3%7D
461,Anam Archive,Thành phố Hồ Chí Minh,https://shopee.vn/search?shop=1238759688,[Sapa] Tất nam nữ cotton cổ cao hoạ tiết dễ thương làm quà tặng quà lưu niệm Việt Nam,80.000 ₫,Đặc sản chất lượng - [Sapa] Tất nam nữ cotton cổ cao hoạ tiết dễ thương làm quà tặng quà lưu niệm Việt Nam,https://down-vn.img.susercontent.com/file/vn-11134207-820l4-mdwyoib3me4k12,https://shopee.vn/-Sapa-Tất-nam-nữ-cotton-cổ-cao-hoạ-tiết-dễ-thương-làm-quà-tặng-quà-lưu-niệm-Việt-Nam-i.1238759688.43565291214?extraParams=%7B%22display_model_id%22%3A271263153200%2C%22model_selection_logic%22%3A3%7D
462,Anam Archive,Thành phố Hồ Chí Minh,https://shopee.vn/search?shop=1238759688,[Hội An] Tất nam nữ cotton cổ cao hoạ tiết dễ thương làm quà tặng quà lưu niệm Việt Nam,80.000 ₫,Đặc sản chất lượng - [Hội An] Tất nam nữ cotton cổ cao hoạ tiết dễ thương làm quà tặng quà lưu niệm Việt Nam,https://down-vn.img.susercontent.com/file/vn-11134207-820l4-mdwyir0343yffe,https://shopee.vn/-Hội-An-Tất-nam-nữ-cotton-cổ-cao-hoạ-tiết-dễ-thương-làm-quà-tặng-quà-lưu-niệm-Việt-Nam-i.1238759688.43665278433?extraParams=%7B%22display_model_id%22%3A291263094840%2C%22model_selection_logic%22%3A3%7D
463,Anam Archive,Thành phố Hồ Chí Minh,https://shopee.vn/search?shop=1238759688,[Hạ Long] Tất nam nữ cotton cổ cao hoạ tiết dễ thương làm quà tặng quà lưu niệm Việt Nam,80.000 ₫,Đặc sản chất lượng - [Hạ Long] Tất nam nữ cotton cổ cao hoạ tiết dễ thương làm quà tặng quà lưu niệm Việt Nam,https://down-vn.img.susercontent.com/file/vn-11134207-820l4-mdvwy1a8s3d171,https://shopee.vn/-Hạ-Long-Tất-nam-nữ-cotton-cổ-cao-hoạ-tiết-dễ-thương-làm-quà-tặng-quà-lưu-niệm-Việt-Nam-i.1238759688.41665283370?extraParams=%7B%22display_model_id%22%3A296263036583%2C%22model_selection_logic%22%3A3%7D
464,Anam Archive,Thành phố Hồ Chí Minh,https://shopee.vn/search?shop=1238759688,[Phúc Lộc] Tất nam nữ cotton cổ cao hoạ tiết dễ thương làm quà tặng quà lưu niệm Việt Nam,80.000 ₫,Đặc sản chất lượng - [Phúc Lộc] Tất nam nữ cotton cổ cao hoạ tiết dễ thương làm quà tặng quà lưu niệm Việt Nam,https://down-vn.img.susercontent.com/file/vn-11134207-81ztc-mkdz8y5vijuvf8,https://shopee.vn/-Phúc-Lộc-Tất-nam-nữ-cotton-cổ-cao-hoạ-tiết-dễ-thương-làm-quà-tặng-quà-lưu-niệm-Việt-Nam-i.1238759688.27394213161?extraParams=%7B%22display_model_id%22%3A415534328644%2C%22model_selection_logic%22%3A3%7D
465,Đồng Giá 10K buonre vn,Thành phố Hà Nội,https://shopee.vn/search?shop=10072974,"Set Làm Bó Hoa Tulip kẽm nhung 15 Bông Kèm Đèn&Thiệp–Bộ Nguyên Liệu DIY Quà Tặng Mẹ, Người Yêu,Quà Sinh Nhật, Tốt Nghiệp",21.000 ₫,"Đặc sản chất lượng - Set Làm Bó Hoa Tulip kẽm nhung 15 Bông Kèm Đèn&Thiệp–Bộ Nguyên Liệu DIY Quà Tặng Mẹ, Người Yêu,Quà Sinh Nhật, Tốt Nghiệp",https://down-vn.img.susercontent.com/file/vn-11134207-7ras8-m12kj94ehbbz4a,https://shopee.vn/Set-Làm-Bó-Hoa-Tulip-kẽm-nhung-15-Bông-Kèm-Đèn-Thiệp–Bộ-Nguyên-Liệu-DIY-Quà-Tặng-Mẹ-Người-Yêu-Quà-Sinh-Nhật-Tốt-Nghiệp-i.10072974.17396206603?extraParams=%7B%22display_model_id%22%3A225867863338%2C%22model_selection_logic%22%3A3%7D
466,Đồng Giá 10K buonre vn,Thành phố Hà Nội,https://shopee.vn/search?shop=10072974,"[ HÀNG DÀY ] Set 100 Dây kẽm nhung màu pastel Tặng Kèm Đèn, kẽm dày loại 1 làm đồ trang trí handmade  02000",13.700 ₫,"Đặc sản chất lượng - [ HÀNG DÀY ] Set 100 Dây kẽm nhung màu pastel Tặng Kèm Đèn, kẽm dày loại 1 làm đồ trang trí handmade  02000",https://down-vn.img.susercontent.com/file/vn-11134207-7qukw-li10mjd3pfgl9f,https://shopee.vn/-HÀNG-DÀY-Set-100-Dây-kẽm-nhung-màu-pastel-Tặng-Kèm-Đèn-kẽm-dày-loại-1-làm-đồ-trang-trí-handmade-02000-i.10072974.10299503780?extraParams=%7B%22display_model_id%22%3A214780861275%2C%22model_selection_logic%22%3A3%7D
467,Đồng Giá 10K buonre vn,Thành phố Hà Nội,https://shopee.vn/search?shop=10072974,"[HÀNG LOẠI 1] Set 50 Dây kẽm nhung màu pastel làm đồ trang trí handmade ,Dây kẽm làm hoa tặng quà 20/10,8/3, NOEL 02000",19.000 ₫,"Đặc sản chất lượng - [HÀNG LOẠI 1] Set 50 Dây kẽm nhung màu pastel làm đồ trang trí handmade ,Dây kẽm làm hoa tặng quà 20/10,8/3, NOEL 02000",https://down-vn.img.susercontent.com/file/vn-11134207-7r98o-llvqys3wqacf97,https://shopee.vn/-HÀNG-LOẠI-1-Set-50-Dây-kẽm-nhung-màu-pastel-làm-đồ-trang-trí-handmade-Dây-kẽm-làm-hoa-tặng-quà-20-10-8-3-NOEL-02000-i.10072974.22480841481?extraParams=%7B%22display_model_id%22%3A29508016456%2C%22model_selection_logic%22%3A3%7D
468,Đồng Giá 10K buonre vn,Thành phố Hà Nội,https://shopee.vn/search?shop=10072974,Dụng cụ tỉa lông mũi cầm tay Kèm Hộp bằng thép không gỉ – Dụng cụ cắt tỉa lông mũi không đau an toàn vệ sinh 01616,42.000 ₫,Đặc sản chất lượng - Dụng cụ tỉa lông mũi cầm tay Kèm Hộp bằng thép không gỉ – Dụng cụ cắt tỉa lông mũi không đau an toàn vệ sinh 01616,https://down-vn.img.susercontent.com/file/vn-11134207-7ras8-m5y74i9cvpdibe,https://shopee.vn/Dụng-cụ-tỉa-lông-mũi-cầm-tay-Kèm-Hộp-bằng-thép-không-gỉ-–-Dụng-cụ-cắt-tỉa-lông-mũi-không-đau-an-toàn-vệ-sinh-01616-i.10072974.19510320395?extraParams=%7B%22display_model_id%22%3A415146611346%2C%22model_selection_logic%22%3A3%7D
469,Đồng Giá 10K buonre vn,Thành phố Hà Nội,https://shopee.vn/search?shop=10072974,Phụ Kiện Văn Phòng Hộp cơm thủy tinh tròn 400ml đựng thưc phẩm cao cấp có nắp hút chân không – Buôn rẻ 01312,17.000 ₫,Đặc sản chất lượng - Phụ Kiện Văn Phòng Hộp cơm thủy tinh tròn 400ml đựng thưc phẩm cao cấp có nắp hút chân không – Buôn rẻ 01312,https://down-vn.img.susercontent.com/file/vn-11134207-7ra0g-m6gcfjl9e0rrc8,https://shopee.vn/Phụ-Kiện-Văn-Phòng-Hộp-cơm-thủy-tinh-tròn-400ml-đựng-thưc-phẩm-cao-cấp-có-nắp-hút-chân-không-–-Buôn-rẻ-01312-i.10072974.6556124784?extraParams=%7B%22display_model_id%22%3A195158893452%2C%22model_selection_logic%22%3A3%7D
470,Đồng Giá 10K buonre vn,Thành phố Hà Nội,https://shopee.vn/search?shop=10072974,"Cuộn băng keo sáp quấn cành hoa trang trí handmade - Băng dính sáp cuốn, ruy băng giấy nguyên liệu làm đồ thủ công 02058",17.000 ₫,"Đặc sản chất lượng - Cuộn băng keo sáp quấn cành hoa trang trí handmade - Băng dính sáp cuốn, ruy băng giấy nguyên liệu làm đồ thủ công 02058",https://down-vn.img.susercontent.com/file/vn-11134207-7r98o-lm4fwbyyv4kf26,https://shopee.vn/Cuộn-băng-keo-sáp-quấn-cành-hoa-trang-trí-handmade-Băng-dính-sáp-cuốn-ruy-băng-giấy-nguyên-liệu-làm-đồ-thủ-công-02058-i.10072974.23956021338?extraParams=%7B%22display_model_id%22%3A184752075655%2C%22model_selection_logic%22%3A3%7D
471,Đồng Giá 10K buonre vn,Thành phố Hà Nội,https://shopee.vn/search?shop=10072974,"Sỉ 100 Dây Kẽm Làm Hoa Voan Khổng Lồ Handmade Dài 40cm Làm Đồ Trang Trí Thủ Công,Cành Kẽm Làm Hoa Kẽm Nhung 02048",8.000 ₫,"Đặc sản chất lượng - Sỉ 100 Dây Kẽm Làm Hoa Voan Khổng Lồ Handmade Dài 40cm Làm Đồ Trang Trí Thủ Công,Cành Kẽm Làm Hoa Kẽm Nhung 02048",https://down-vn.img.susercontent.com/file/vn-11134207-7r98o-llcxeony2nxyb2,https://shopee.vn/Sỉ-100-Dây-Kẽm-Làm-Hoa-Voan-Khổng-Lồ-Handmade-Dài-40cm-Làm-Đồ-Trang-Trí-Thủ-Công-Cành-Kẽm-Làm-Hoa-Kẽm-Nhung-02048-i.10072974.18792835010?extraParams=%7B%22display_model_id%22%3A222067327439%2C%22model_selection_logic%22%3A3%7D
472,Đồng Giá 10K buonre vn,Thành phố Hà Nội,https://shopee.vn/search?shop=10072974,"Bộ dụng cụ ngoáy tai (6 MÓN) nhỏ gọn kèm hộp, vệ sinh, làm sạch hiệu quả  Bộ dụng cụ vệ sinh tai bằng thép an toàn 01482",8.820 ₫,"Đặc sản chất lượng - Bộ dụng cụ ngoáy tai (6 MÓN) nhỏ gọn kèm hộp, vệ sinh, làm sạch hiệu quả  Bộ dụng cụ vệ sinh tai bằng thép an toàn 01482",https://down-vn.img.susercontent.com/file/vn-11134207-7ras8-m63rc5l060fse8,https://shopee.vn/Bộ-dụng-cụ-ngoáy-tai-(6-MÓN)-nhỏ-gọn-kèm-hộp-vệ-sinh-làm-sạch-hiệu-quả-Bộ-dụng-cụ-vệ-sinh-tai-bằng-thép-an-toàn-01482-i.10072974.13745882212?extraParams=%7B%22display_model_id%22%3A132075137052%2C%22model_selection_logic%22%3A3%7D
473,Đồng Giá 10K buonre vn,Thành phố Hà Nội,https://shopee.vn/search?shop=10072974,Hộp cơm thủy tinh dày dặn giữ nhiệt lâu - Hộp thủy tinh đựng cơm văn phòng chịu nhiệt cao tiện lợi 00873,41.000 ₫,Đặc sản chất lượng - Hộp cơm thủy tinh dày dặn giữ nhiệt lâu - Hộp thủy tinh đựng cơm văn phòng chịu nhiệt cao tiện lợi 00873,https://down-vn.img.susercontent.com/file/vn-11134207-7qukw-ljxv2qm671mq7c,https://shopee.vn/Hộp-cơm-thủy-tinh-dày-dặn-giữ-nhiệt-lâu-Hộp-thủy-tinh-đựng-cơm-văn-phòng-chịu-nhiệt-cao-tiện-lợi-00873-i.10072974.3749437739?extraParams=%7B%22display_model_id%22%3A156954429314%2C%22model_selection_logic%22%3A3%7D
474,Đồng Giá 10K buonre vn,Thành phố Hà Nội,https://shopee.vn/search?shop=10072974,Găng Tay Cao Su NF1513 Nhập Khẩu Malaysia siêu bền Hàng Chính Hãng -Găng tay cao su 2 lớp siêu zai 00221,55.000 ₫,Đặc sản chất lượng - Găng Tay Cao Su NF1513 Nhập Khẩu Malaysia siêu bền Hàng Chính Hãng -Găng tay cao su 2 lớp siêu zai 00221,https://down-vn.img.susercontent.com/file/vn-11134207-7ra0g-m684y3f1nzue54,https://shopee.vn/Găng-Tay-Cao-Su-NF1513-Nhập-Khẩu-Malaysia-siêu-bền-Hàng-Chính-Hãng-Găng-tay-cao-su-2-lớp-siêu-zai-00221-i.10072974.385982592?extraParams=%7B%22display_model_id%22%3A297632364115%2C%22model_selection_logic%22%3A3%7D
475,Shop Dụng Cụ Sưu Tầm Tiền Tem,Thành phố Hồ Chí Minh,https://shopee.vn/search?shop=49713710,"Tờ tiền lưu niệm Zimbabwe 100 Tỷ Đô la siêu khủng , cực độc làm quà tặng , lì xì Tết",9.896 ₫,"Đặc sản chất lượng - Tờ tiền lưu niệm Zimbabwe 100 Tỷ Đô la siêu khủng , cực độc làm quà tặng , lì xì Tết",https://down-vn.img.susercontent.com/file/vn-11134207-820l4-mg7jrqpo6dxk38,https://shopee.vn/Tờ-tiền-lưu-niệm-Zimbabwe-100-Tỷ-Đô-la-siêu-khủng-cực-độc-làm-quà-tặng-lì-xì-Tết-i.49713710.20465979271?extraParams=%7B%22display_model_id%22%3A365007651897%2C%22model_selection_logic%22%3A3%7D
476,Shop Dụng Cụ Sưu Tầm Tiền Tem,Thành phố Hồ Chí Minh,https://shopee.vn/search?shop=49713710,"MIẾNG DÁN CHIP CHỐNG BỨC XẠ ĐIỆN TỪ NHẬT BẢN HITOKI HÌNH MÈO THẦN TÀI , NGĂN BỨC XẠ ĐIỆN THOẠI",28.238 ₫,"Đặc sản chất lượng - MIẾNG DÁN CHIP CHỐNG BỨC XẠ ĐIỆN TỪ NHẬT BẢN HITOKI HÌNH MÈO THẦN TÀI , NGĂN BỨC XẠ ĐIỆN THOẠI",https://down-vn.img.susercontent.com/file/vn-11134207-820l4-mg4sndvut4w93f,https://shopee.vn/MIẾNG-DÁN-CHIP-CHỐNG-BỨC-XẠ-ĐIỆN-TỪ-NHẬT-BẢN-HITOKI-HÌNH-MÈO-THẦN-TÀI-NGĂN-BỨC-XẠ-ĐIỆN-THOẠI-i.49713710.15389702349?extraParams=%7B%22display_model_id%22%3A191201209156%2C%22model_selection_logic%22%3A3%7D
477,Shop Dụng Cụ Sưu Tầm Tiền Tem,Thành phố Hồ Chí Minh,https://shopee.vn/search?shop=49713710,"(Đã Xiin Lộc) Ông Thần Tài Mạ Vàng Kèm Túi Gấm Phúc Lộc, Làm Quà Tặng Cực Vip Ngày Vía Thần Tài Mùng 10",8.343 ₫,"Đặc sản chất lượng - (Đã Xiin Lộc) Ông Thần Tài Mạ Vàng Kèm Túi Gấm Phúc Lộc, Làm Quà Tặng Cực Vip Ngày Vía Thần Tài Mùng 10",https://down-vn.img.susercontent.com/file/vn-11134207-7r98o-m05gx7d02sq5aa,https://shopee.vn/(Đã-Xiin-Lộc)-Ông-Thần-Tài-Mạ-Vàng-Kèm-Túi-Gấm-Phúc-Lộc-Làm-Quà-Tặng-Cực-Vip-Ngày-Vía-Thần-Tài-Mùng-10-i.49713710.12868479576?extraParams=%7B%22display_model_id%22%3A220030434946%2C%22model_selection_logic%22%3A3%7D
478,Shop Dụng Cụ Sưu Tầm Tiền Tem,Thành phố Hồ Chí Minh,https://shopee.vn/search?shop=49713710,(Chính hãng ) Nụ Ước Nguyện 4 Mặt- Thu Hút Tài Lộc- Vận May- Trả Nợ- Thu Nợ-Cầu Được Ước Thấy,69.152 ₫,Đặc sản chất lượng - (Chính hãng ) Nụ Ước Nguyện 4 Mặt- Thu Hút Tài Lộc- Vận May- Trả Nợ- Thu Nợ-Cầu Được Ước Thấy,https://down-vn.img.susercontent.com/file/vn-11134207-820l4-mhzm09fml3pffd,https://shopee.vn/(Chính-hãng-)-Nụ-Ước-Nguyện-4-Mặt-Thu-Hút-Tài-Lộc-Vận-May-Trả-Nợ-Thu-Nợ-Cầu-Được-Ước-Thấy-i.49713710.22241888573?extraParams=%7B%22display_model_id%22%3A325261932407%2C%22model_selection_logic%22%3A3%7D
479,Shop Dụng Cụ Sưu Tầm Tiền Tem,Thành phố Hồ Chí Minh,https://shopee.vn/search?shop=49713710,"Chip Ngăn Bức Xạ Điện Từ Hàn Quốc GC - 24K Gold, Miếng Dán Điện Thoại Chống Bức Xạ Có Hại Với Con Người",10.601 ₫,"Đặc sản chất lượng - Chip Ngăn Bức Xạ Điện Từ Hàn Quốc GC - 24K Gold, Miếng Dán Điện Thoại Chống Bức Xạ Có Hại Với Con Người",https://down-vn.img.susercontent.com/file/vn-11134207-7r98o-m05iiq33tlzj28,https://shopee.vn/Chip-Ngăn-Bức-Xạ-Điện-Từ-Hàn-Quốc-GC-24K-Gold-Miếng-Dán-Điện-Thoại-Chống-Bức-Xạ-Có-Hại-Với-Con-Người-i.49713710.13256065689?extraParams=%7B%22display_model_id%22%3A172877902510%2C%22model_selection_logic%22%3A3%7D
480,Shop Dụng Cụ Sưu Tầm Tiền Tem,Thành phố Hồ Chí Minh,https://shopee.vn/search?shop=49713710,Nụ Ước Nguyện 4 mặt Mua may bán đắt - Tặng kèm văn khấn - Hộp 31 Nụ,69.152 ₫,Đặc sản chất lượng - Nụ Ước Nguyện 4 mặt Mua may bán đắt - Tặng kèm văn khấn - Hộp 31 Nụ,https://down-vn.img.susercontent.com/file/vn-11134207-820l4-mhzoe52wqdq936,https://shopee.vn/Nụ-Ước-Nguyện-4-mặt-Mua-may-bán-đắt-Tặng-kèm-văn-khấn-Hộp-31-Nụ-i.49713710.23246166162?extraParams=%7B%22display_model_id%22%3A390261875079%2C%22model_selection_logic%22%3A3%7D
481,Shop Dụng Cụ Sưu Tầm Tiền Tem,Thành phố Hồ Chí Minh,https://shopee.vn/search?shop=49713710,"Móc Khóa 12 Con Giáp Dạ Quang, Gồm 4 Món Dây 5 Xu, Bầu Rỗng, Mặt Phật Bản Mệnh, phát sáng dễ dàng tìm",81.850 ₫,"Đặc sản chất lượng - Móc Khóa 12 Con Giáp Dạ Quang, Gồm 4 Món Dây 5 Xu, Bầu Rỗng, Mặt Phật Bản Mệnh, phát sáng dễ dàng tìm",https://down-vn.img.susercontent.com/file/vn-11134207-7ra0g-m8ztenifif0n98,https://shopee.vn/Móc-Khóa-12-Con-Giáp-Dạ-Quang-Gồm-4-Món-Dây-5-Xu-Bầu-Rỗng-Mặt-Phật-Bản-Mệnh-phát-sáng-dễ-dàng-tìm-i.49713710.13195673996?extraParams=%7B%22display_model_id%22%3A201744811967%2C%22model_selection_logic%22%3A3%7D
482,Shop Dụng Cụ Sưu Tầm Tiền Tem,Thành phố Hồ Chí Minh,https://shopee.vn/search?shop=49713710,"Túi Nhung Chữ Phúc Lộc rút dây 7 x 9 đựng Xu, Trang Sức, Đồ Phong Thủy",8.626 ₫,"Đặc sản chất lượng - Túi Nhung Chữ Phúc Lộc rút dây 7 x 9 đựng Xu, Trang Sức, Đồ Phong Thủy",https://down-vn.img.susercontent.com/file/vn-11134207-820l4-mg4muqqd8j6474,https://shopee.vn/Túi-Nhung-Chữ-Phúc-Lộc-rút-dây-7-x-9-đựng-Xu-Trang-Sức-Đồ-Phong-Thủy-i.49713710.19466451241?extraParams=%7B%22display_model_id%22%3A156378998254%2C%22model_selection_logic%22%3A3%7D
483,Shop Dụng Cụ Sưu Tầm Tiền Tem,Thành phố Hồ Chí Minh,https://shopee.vn/search?shop=49713710,Miếng Dán Điện Thoại Tài Lộc Bình An Dán Điện Thoại Máy Tính Bảng,11.024 ₫,Đặc sản chất lượng - Miếng Dán Điện Thoại Tài Lộc Bình An Dán Điện Thoại Máy Tính Bảng,https://down-vn.img.susercontent.com/file/33c48697e8e8b027c7cc9ad5badd71f4,https://shopee.vn/Miếng-Dán-Điện-Thoại-Tài-Lộc-Bình-An-Dán-Điện-Thoại-Máy-Tính-Bảng-i.49713710.16957936700?extraParams=%7B%22display_model_id%22%3A162257517389%2C%22model_selection_logic%22%3A3%7D
484,Shop Dụng Cụ Sưu Tầm Tiền Tem,Thành phố Hồ Chí Minh,https://shopee.vn/search?shop=49713710,"Miếng Dán Điện Thoại Tài Lộc HỒ LY 9 ĐUÔI Đẹp Lung, Linh Phù Hợp Các Loại Điện Thoại, Laptop, Bỏ Ví",8.485 ₫,"Đặc sản chất lượng - Miếng Dán Điện Thoại Tài Lộc HỒ LY 9 ĐUÔI Đẹp Lung, Linh Phù Hợp Các Loại Điện Thoại, Laptop, Bỏ Ví",https://down-vn.img.susercontent.com/file/11a0dd31aa03047d98eb76a6a656c00f,https://shopee.vn/Miếng-Dán-Điện-Thoại-Tài-Lộc-HỒ-LY-9-ĐUÔI-Đẹp-Lung-Linh-Phù-Hợp-Các-Loại-Điện-Thoại-Laptop-Bỏ-Ví-i.49713710.16832763953?extraParams=%7B%22display_model_id%22%3A97260501341%2C%22model_selection_logic%22%3A3%7D
485,dmewmapcraft,Thành phố Hồ Chí Minh,https://shopee.vn/search?shop=1641004113,"Tượng Cún Con Đeo Yếm Cute - Decor Bàn Làm Việc, Tiểu Cảnh, Xe Hơi",12.986 ₫,"Đặc sản chất lượng - Tượng Cún Con Đeo Yếm Cute - Decor Bàn Làm Việc, Tiểu Cảnh, Xe Hơi",https://down-vn.img.susercontent.com/file/vn-11134207-820l4-mh6co46cmz9q55,https://shopee.vn/Tượng-Cún-Con-Đeo-Yếm-Cute-Decor-Bàn-Làm-Việc-Tiểu-Cảnh-Xe-Hơi-i.1641004113.48151586567?extraParams=%7B%22display_model_id%22%3A385142971796%2C%22model_selection_logic%22%3A3%7D
486,dmewmapcraft,Thành phố Hồ Chí Minh,https://shopee.vn/search?shop=1641004113,"MÔ HÌNH MINI NHÀ CỬA PHONG CÁCH ĐỊA TRUNG HẢI - DECOR, TRANG TRÍ TIỂU CẢNH, BÀN LÀM VIỆC",21.003 ₫,"Đặc sản chất lượng - MÔ HÌNH MINI NHÀ CỬA PHONG CÁCH ĐỊA TRUNG HẢI - DECOR, TRANG TRÍ TIỂU CẢNH, BÀN LÀM VIỆC",https://down-vn.img.susercontent.com/file/vn-11134207-81ztc-mlwy8kgwsnwl39,https://shopee.vn/MÔ-HÌNH-MINI-NHÀ-CỬA-PHONG-CÁCH-ĐỊA-TRUNG-HẢI-DECOR-TRANG-TRÍ-TIỂU-CẢNH-BÀN-LÀM-VIỆC-i.1641004113.25098031046?extraParams=%7B%22display_model_id%22%3A365704229465%2C%22model_selection_logic%22%3A3%7D
487,dmewmapcraft,Thành phố Hồ Chí Minh,https://shopee.vn/search?shop=1641004113,"MÓC KHÓA MÈO DÀI ""ÔM"" CUTE",21.009 ₫,"Đặc sản chất lượng - MÓC KHÓA MÈO DÀI ""ÔM"" CUTE",https://down-vn.img.susercontent.com/file/vn-11134207-820l4-mhl2puatwoao69,https://shopee.vn/MÓC-KHÓA-MÈO-DÀI-ÔM-CUTE-i.1641004113.53452234974?extraParams=%7B%22display_model_id%22%3A390217318535%2C%22model_selection_logic%22%3A3%7D
488,dmewmapcraft,Thành phố Hồ Chí Minh,https://shopee.vn/search?shop=1641004113,"MÔ HÌNH MINI HƯƠU CAO CỔ BỊ BÉO PHÌ - TRANG TRÍ TIỂU CẢNH, DECOR BÀN LÀM VIỆC ĐÁNG IU CỰC",12.085 ₫,"Đặc sản chất lượng - MÔ HÌNH MINI HƯƠU CAO CỔ BỊ BÉO PHÌ - TRANG TRÍ TIỂU CẢNH, DECOR BÀN LÀM VIỆC ĐÁNG IU CỰC",https://down-vn.img.susercontent.com/file/vn-11134207-81ztc-mmhsjb4ujuo6dc,https://shopee.vn/MÔ-HÌNH-MINI-HƯƠU-CAO-CỔ-BỊ-BÉO-PHÌ-TRANG-TRÍ-TIỂU-CẢNH-DECOR-BÀN-LÀM-VIỆC-ĐÁNG-IU-CỰC-i.1641004113.48308038228?extraParams=%7B%22display_model_id%22%3A375712910544%2C%22model_selection_logic%22%3A3%7D
489,dmewmapcraft,Thành phố Hồ Chí Minh,https://shopee.vn/search?shop=1641004113,MÔ HÌNH CHUỘT HAMSTER GẶM PHÔ MAI MINI - DECOR TRANG TRÍ XE HƠI/BÀN LÀM VIỆC KAWAII,12.564 ₫,Đặc sản chất lượng - MÔ HÌNH CHUỘT HAMSTER GẶM PHÔ MAI MINI - DECOR TRANG TRÍ XE HƠI/BÀN LÀM VIỆC KAWAII,https://down-vn.img.susercontent.com/file/vn-11134207-820l4-mh9kzmr3auj06a,https://shopee.vn/MÔ-HÌNH-CHUỘT-HAMSTER-GẶM-PHÔ-MAI-MINI-DECOR-TRANG-TRÍ-XE-HƠI-BÀN-LÀM-VIỆC-KAWAII-i.1641004113.46501762176?extraParams=%7B%22display_model_id%22%3A405161423260%2C%22model_selection_logic%22%3A3%7D
490,dmewmapcraft,Thành phố Hồ Chí Minh,https://shopee.vn/search?shop=1641004113,"TRANH ĐỂ BÀN MINI NGỰA VÔ TRI - DECOR GÓC LÀM VIỆC, QUÀ TẶNG TẾT 2026",12.500 ₫,"Đặc sản chất lượng - TRANH ĐỂ BÀN MINI NGỰA VÔ TRI - DECOR GÓC LÀM VIỆC, QUÀ TẶNG TẾT 2026",https://down-vn.img.susercontent.com/file/vn-11134207-820l4-mjif380mjjludd,https://shopee.vn/TRANH-ĐỂ-BÀN-MINI-NGỰA-VÔ-TRI-DECOR-GÓC-LÀM-VIỆC-QUÀ-TẶNG-TẾT-2026-i.1641004113.26494060361?extraParams=%7B%22display_model_id%22%3A395438665824%2C%22model_selection_logic%22%3A3%7D
491,dmewmapcraft,Thành phố Hồ Chí Minh,https://shopee.vn/search?shop=1641004113,"MÔ HÌNH MINI ĐỘNG VẬT GIƠ HAI TAY - DECOR, TRANG TRÍ BÀN LÀM VIỆC DỄ THƯƠNG",22.035 ₫,"Đặc sản chất lượng - MÔ HÌNH MINI ĐỘNG VẬT GIƠ HAI TAY - DECOR, TRANG TRÍ BÀN LÀM VIỆC DỄ THƯƠNG",https://down-vn.img.susercontent.com/file/vn-11134207-81ztc-mlql4uff9y4g61,https://shopee.vn/MÔ-HÌNH-MINI-ĐỘNG-VẬT-GIƠ-HAI-TAY-DECOR-TRANG-TRÍ-BÀN-LÀM-VIỆC-DỄ-THƯƠNG-i.1641004113.55557123219?extraParams=%7B%22display_model_id%22%3A330635579432%2C%22model_selection_logic%22%3A3%7D
492,dmewmapcraft,Thành phố Hồ Chí Minh,https://shopee.vn/search?shop=1641004113,"MÔ HÌNH MINI VỊT CHÁN ĐỜI - DECOR, TRANG TRÍ BÀN LÀM VIỆC NHÌN CHO CÓ ĐỘNG LỰC LÀM",17.556 ₫,"Đặc sản chất lượng - MÔ HÌNH MINI VỊT CHÁN ĐỜI - DECOR, TRANG TRÍ BÀN LÀM VIỆC NHÌN CHO CÓ ĐỘNG LỰC LÀM",https://down-vn.img.susercontent.com/file/vn-11134207-81ztc-mlqmhqzsxudg9c,https://shopee.vn/MÔ-HÌNH-MINI-VỊT-CHÁN-ĐỜI-DECOR-TRANG-TRÍ-BÀN-LÀM-VIỆC-NHÌN-CHO-CÓ-ĐỘNG-LỰC-LÀM-i.1641004113.56907127074?extraParams=%7B%22display_model_id%22%3A400635647946%2C%22model_selection_logic%22%3A3%7D
493,dmewmapcraft,Thành phố Hồ Chí Minh,https://shopee.vn/search?shop=1641004113,"MÔ HÌNH MINI CAPYBARA FEAT BÁNH NGỌT - TRANG TRÍ TIỂU CẢNH, DECOR BÀN LÀM VIỆC",12.333 ₫,"Đặc sản chất lượng - MÔ HÌNH MINI CAPYBARA FEAT BÁNH NGỌT - TRANG TRÍ TIỂU CẢNH, DECOR BÀN LÀM VIỆC",https://down-vn.img.susercontent.com/file/vn-11134207-81ztc-mmhwsav1ciz3f7,https://shopee.vn/MÔ-HÌNH-MINI-CAPYBARA-FEAT-BÁNH-NGỌT-TRANG-TRÍ-TIỂU-CẢNH-DECOR-BÀN-LÀM-VIỆC-i.1641004113.47908039036?extraParams=%7B%22display_model_id%22%3A395713156306%2C%22model_selection_logic%22%3A3%7D
494,dmewmapcraft,Thành phố Hồ Chí Minh,https://shopee.vn/search?shop=1641004113,MÔ HÌNH VỊT HƯỞNG THỤ CỘT SỐNG MINI - DECOR GÓC LÀM VIỆC CỰC DỄ THƯƠNG,20.998 ₫,Đặc sản chất lượng - MÔ HÌNH VỊT HƯỞNG THỤ CỘT SỐNG MINI - DECOR GÓC LÀM VIỆC CỰC DỄ THƯƠNG,https://down-vn.img.susercontent.com/file/vn-11134207-820l4-mjfx3e2di6tc1e,https://shopee.vn/MÔ-HÌNH-VỊT-HƯỞNG-THỤ-CỘT-SỐNG-MINI-DECOR-GÓC-LÀM-VIỆC-CỰC-DỄ-THƯƠNG-i.1641004113.45004629483?extraParams=%7B%22display_model_id%22%3A425429771814%2C%22model_selection_logic%22%3A3%7D
495,Film Coffee,Thành phố Hồ Chí Minh,https://shopee.vn/search?shop=65097772,Combo pack 3 Kodak Gold 200 36exp date 02/2028 film 35mm,332.500 ₫,Đặc sản chất lượng - Combo pack 3 Kodak Gold 200 36exp date 02/2028 film 35mm,https://down-vn.img.susercontent.com/file/vn-11134207-7r98o-ltxtfog3c46794,https://shopee.vn/Combo-pack-3-Kodak-Gold-200-36exp-date-02-2028-film-35mm-i.65097772.7226172892?extraParams=%7B%22display_model_id%22%3A19696739303%2C%22model_selection_logic%22%3A3%7D
496,Film Coffee,Thành phố Hồ Chí Minh,https://shopee.vn/search?shop=65097772,Film Kodak Colorplus 200 36exp indate 02/2028 film 35mm,333.200 ₫,Đặc sản chất lượng - Film Kodak Colorplus 200 36exp indate 02/2028 film 35mm,https://down-vn.img.susercontent.com/file/6104da3460a3b5c5aa2c53f5f0494a71,https://shopee.vn/Film-Kodak-Colorplus-200-36exp-indate-02-2028-film-35mm-i.65097772.1443992302?extraParams=%7B%22display_model_id%22%3A178043499954%2C%22model_selection_logic%22%3A3%7D
497,Film Coffee,Thành phố Hồ Chí Minh,https://shopee.vn/search?shop=65097772,Fuji C200 36exp indate PHIÊN BẢN MỚI date 03/2027 fujicolor 200 film 35mm,340.000 ₫,Đặc sản chất lượng - Fuji C200 36exp indate PHIÊN BẢN MỚI date 03/2027 fujicolor 200 film 35mm,https://down-vn.img.susercontent.com/file/5e7500c70e4ed33354da76a20332bdfb,https://shopee.vn/Fuji-C200-36exp-indate-PHIÊN-BẢN-MỚI-date-03-2027-fujicolor-200-film-35mm-i.65097772.2780261482?extraParams=%7B%22display_model_id%22%3A51461289429%2C%22model_selection_logic%22%3A3%7D
498,Film Coffee,Thành phố Hồ Chí Minh,https://shopee.vn/search?shop=65097772,INSTAX MINI FILM Date 12/2027 dùng cho instax mini evo 12 11 10 9 8 7 50 40 30 share SP link,312.000 ₫,Đặc sản chất lượng - INSTAX MINI FILM Date 12/2027 dùng cho instax mini evo 12 11 10 9 8 7 50 40 30 share SP link,https://down-vn.img.susercontent.com/file/sg-11134201-22120-ie2dohv6lpkv45,https://shopee.vn/INSTAX-MINI-FILM-Date-12-2027-dùng-cho-instax-mini-evo-12-11-10-9-8-7-50-40-30-share-SP-link-i.65097772.6634774535?extraParams=%7B%22display_model_id%22%3A18659603540%2C%22model_selection_logic%22%3A3%7D
499,Film Coffee,Thành phố Hồ Chí Minh,https://shopee.vn/search?shop=65097772,Kodak Ultramax 400 36exp Date 01/2028 phim mới film 35mm Singlebox Loại 1 hộp giấy có 1 cuộn,395.000 ₫,Đặc sản chất lượng - Kodak Ultramax 400 36exp Date 01/2028 phim mới film 35mm Singlebox Loại 1 hộp giấy có 1 cuộn,https://down-vn.img.susercontent.com/file/vn-11134207-81ztc-mo6a5qtrrj0jd8,https://shopee.vn/Kodak-Ultramax-400-36exp-Date-01-2028-phim-mới-film-35mm-Singlebox-Loại-1-hộp-giấy-có-1-cuộn-i.65097772.3138920748?extraParams=%7B%22display_model_id%22%3A277612576877%2C%22model_selection_logic%22%3A3%7D
500,Film Coffee,Thành phố Hồ Chí Minh,https://shopee.vn/search?shop=65097772,Fujifilm 400 36exp date 02/2027 film 35mm (phiên bản mới XTRA 400 ) hộp lẻ 1 hộp giấy có 1 cuộn film và hủ nhựa bảo quản,395.000 ₫,Đặc sản chất lượng - Fujifilm 400 36exp date 02/2027 film 35mm (phiên bản mới XTRA 400 ) hộp lẻ 1 hộp giấy có 1 cuộn film và hủ nhựa bảo quản,https://down-vn.img.susercontent.com/file/vn-11134207-820l4-meji54b24j5v5e,https://shopee.vn/Fujifilm-400-36exp-date-02-2027-film-35mm-(phiên-bản-mới-XTRA-400-)-hộp-lẻ-1-hộp-giấy-có-1-cuộn-film-và-hủ-nhựa-bảo-quản-i.65097772.6049182407?extraParams=%7B%22display_model_id%22%3A127601505302%2C%22model_selection_logic%22%3A3%7D
501,Film Coffee,Thành phố Hồ Chí Minh,https://shopee.vn/search?shop=65097772,Film KODAK VISION 200 36EXP date 02/2028 film 35mm đã tẩy than Tráng C41 dùng được cho máy PNS,315.000 ₫,Đặc sản chất lượng - Film KODAK VISION 200 36EXP date 02/2028 film 35mm đã tẩy than Tráng C41 dùng được cho máy PNS,https://down-vn.img.susercontent.com/file/vn-11134207-81ztc-mp3bd4pu52x87a,https://shopee.vn/Film-KODAK-VISION-200-36EXP-date-02-2028-film-35mm-đã-tẩy-than-Tráng-C41-dùng-được-cho-máy-PNS-i.65097772.6369004293?extraParams=%7B%22display_model_id%22%3A245589907873%2C%22model_selection_logic%22%3A3%7D
502,Film Coffee,Thành phố Hồ Chí Minh,https://shopee.vn/search?shop=65097772,1 viên Pin CR123A dùng cho máy ảnh film và máy ảnh instax mini - dùng 1 lần không sạc,55.000 ₫,Đặc sản chất lượng - 1 viên Pin CR123A dùng cho máy ảnh film và máy ảnh instax mini - dùng 1 lần không sạc,https://down-vn.img.susercontent.com/file/vn-11134207-820l4-mfew40vebr4bca,https://shopee.vn/1-viên-Pin-CR123A-dùng-cho-máy-ảnh-film-và-máy-ảnh-instax-mini-dùng-1-lần-không-sạc-i.65097772.1553157707?extraParams=%7B%22display_model_id%22%3A89839331631%2C%22model_selection_logic%22%3A3%7D
503,Film Coffee,Thành phố Hồ Chí Minh,https://shopee.vn/search?shop=65097772,Combo Pack 3 Kodak Ultramax 400 24exp Date 05/2028 film 35mm,337.250 ₫,Đặc sản chất lượng - Combo Pack 3 Kodak Ultramax 400 24exp Date 05/2028 film 35mm,https://down-vn.img.susercontent.com/file/vn-11134207-81ztc-mmrm07xqnz7m24,https://shopee.vn/Combo-Pack-3-Kodak-Ultramax-400-24exp-Date-05-2028-film-35mm-i.65097772.2696329244?extraParams=%7B%22display_model_id%22%3A272511332475%2C%22model_selection_logic%22%3A3%7D
504,Film Coffee,Thành phố Hồ Chí Minh,https://shopee.vn/search?shop=65097772,Kodak VISION 3 250D 5207 36exp Date 12/2027 film 35mm phim Cine tráng ECN2,295.850 ₫,Đặc sản chất lượng - Kodak VISION 3 250D 5207 36exp Date 12/2027 film 35mm phim Cine tráng ECN2,https://down-vn.img.susercontent.com/file/vn-11134207-81ztc-modyhuzeugaoe2,https://shopee.vn/Kodak-VISION-3-250D-5207-36exp-Date-12-2027-film-35mm-phim-Cine-tráng-ECN2-i.65097772.7926330671?extraParams=%7B%22display_model_id%22%3A22901737267%2C%22model_selection_logic%22%3A3%7D
505,TAYTA Group,Tỉnh Tây Ninh,https://shopee.vn/search?shop=66513379,"Đồ chơi lắp ghép Mô hình giấy 3D Lăng Bác - Bộ Lắp Ghép DIY Handmade Trang Trí, Sưu Tầm TAYTA",199.000 ₫,"Đặc sản chất lượng - Đồ chơi lắp ghép Mô hình giấy 3D Lăng Bác - Bộ Lắp Ghép DIY Handmade Trang Trí, Sưu Tầm TAYTA",https://down-vn.img.susercontent.com/file/f820336e53df0b2e67af0865debef171,https://shopee.vn/Đồ-chơi-lắp-ghép-Mô-hình-giấy-3D-Lăng-Bác-Bộ-Lắp-Ghép-DIY-Handmade-Trang-Trí-Sưu-Tầm-TAYTA-i.66513379.7182260163?extraParams=%7B%22display_model_id%22%3A91148935945%2C%22model_selection_logic%22%3A3%7D
506,TAYTA Group,Tỉnh Tây Ninh,https://shopee.vn/search?shop=66513379,Mô hình giấy 3D xe tăng 390 húc Cổng Dinh Độc Lập - Bộ lắp ráp DIY Handmade lịch sử Việt Nam - TAYTA,90.000 ₫,Đặc sản chất lượng - Mô hình giấy 3D xe tăng 390 húc Cổng Dinh Độc Lập - Bộ lắp ráp DIY Handmade lịch sử Việt Nam - TAYTA,https://down-vn.img.susercontent.com/file/9711f6513fa510be9595f89d0d54932e,https://shopee.vn/Mô-hình-giấy-3D-xe-tăng-390-húc-Cổng-Dinh-Độc-Lập-Bộ-lắp-ráp-DIY-Handmade-lịch-sử-Việt-Nam-TAYTA-i.66513379.9443447988?extraParams=%7B%22display_model_id%22%3A165534883558%2C%22model_selection_logic%22%3A3%7D
507,TAYTA Group,Tỉnh Tây Ninh,https://shopee.vn/search?shop=66513379,"Thiệp 3D Trang Trí Giáng Sinh Nhiều Mẫu Cây Thông, Máng Cỏ Tuyết Trắng Đẹp Lung Linh Mẫu Mới Nhất",119.000 ₫,"Đặc sản chất lượng - Thiệp 3D Trang Trí Giáng Sinh Nhiều Mẫu Cây Thông, Máng Cỏ Tuyết Trắng Đẹp Lung Linh Mẫu Mới Nhất",https://down-vn.img.susercontent.com/file/vn-11134207-7r98o-m0dvdbiya1v189,https://shopee.vn/Thiệp-3D-Trang-Trí-Giáng-Sinh-Nhiều-Mẫu-Cây-Thông-Máng-Cỏ-Tuyết-Trắng-Đẹp-Lung-Linh-Mẫu-Mới-Nhất-i.66513379.12152663251?extraParams=%7B%22display_model_id%22%3A122401234947%2C%22model_selection_logic%22%3A3%7D
508,TAYTA Group,Tỉnh Tây Ninh,https://shopee.vn/search?shop=66513379,Thiệp 3D Tháp Rùa Hà Nội Món Quà Lưu Niệm Ấn Tượng,210.000 ₫,Đặc sản chất lượng - Thiệp 3D Tháp Rùa Hà Nội Món Quà Lưu Niệm Ấn Tượng,https://down-vn.img.susercontent.com/file/1885338c13db430c932cb40d80282683,https://shopee.vn/Thiệp-3D-Tháp-Rùa-Hà-Nội-Món-Quà-Lưu-Niệm-Ấn-Tượng-i.66513379.19935187086?extraParams=%7B%22display_model_id%22%3A201805940646%2C%22model_selection_logic%22%3A3%7D
509,TAYTA Group,Tỉnh Tây Ninh,https://shopee.vn/search?shop=66513379,Mô hình giấy 3D Bến Nhà Rồng tự lắp ghép - Bộ Lắp Ráp DIY Handmade Quà Lưu Niệm TAYTA,210.000 ₫,Đặc sản chất lượng - Mô hình giấy 3D Bến Nhà Rồng tự lắp ghép - Bộ Lắp Ráp DIY Handmade Quà Lưu Niệm TAYTA,https://down-vn.img.susercontent.com/file/7ae163fab81b8706928083d2d8bea55f,https://shopee.vn/Mô-hình-giấy-3D-Bến-Nhà-Rồng-tự-lắp-ghép-Bộ-Lắp-Ráp-DIY-Handmade-Quà-Lưu-Niệm-TAYTA-i.66513379.4082264162?extraParams=%7B%22display_model_id%22%3A24799344560%2C%22model_selection_logic%22%3A3%7D
510,TAYTA Group,Tỉnh Tây Ninh,https://shopee.vn/search?shop=66513379,Thiệp 3D Pop Up Hà Nội Phố Cổ Quán Xá Handmade Quà Lưu Niệm - TAYTA,114.000 ₫,Đặc sản chất lượng - Thiệp 3D Pop Up Hà Nội Phố Cổ Quán Xá Handmade Quà Lưu Niệm - TAYTA,https://down-vn.img.susercontent.com/file/e3b5372189d9bff2be8e2e1a90901e64,https://shopee.vn/Thiệp-3D-Pop-Up-Hà-Nội-Phố-Cổ-Quán-Xá-Handmade-Quà-Lưu-Niệm-TAYTA-i.66513379.6974304781?extraParams=%7B%22display_model_id%22%3A63154359673%2C%22model_selection_logic%22%3A3%7D
511,TAYTA Group,Tỉnh Tây Ninh,https://shopee.vn/search?shop=66513379,Mô Hình Giấy 3D Nhà Thờ Lớn Hà Nội 17x35x19cm Tự Lắp Ráp Quà Lưu Niệm - TAYTA,210.000 ₫,Đặc sản chất lượng - Mô Hình Giấy 3D Nhà Thờ Lớn Hà Nội 17x35x19cm Tự Lắp Ráp Quà Lưu Niệm - TAYTA,https://down-vn.img.susercontent.com/file/69aefc23935eeecaac0dbbd13183df85,https://shopee.vn/Mô-Hình-Giấy-3D-Nhà-Thờ-Lớn-Hà-Nội-17x35x19cm-Tự-Lắp-Ráp-Quà-Lưu-Niệm-TAYTA-i.66513379.5669211280?extraParams=%7B%22display_model_id%22%3A42428150007%2C%22model_selection_logic%22%3A3%7D
512,TAYTA Group,Tỉnh Tây Ninh,https://shopee.vn/search?shop=66513379,Lồng Đèn Hoa Sen Nhựa Trang Trí Phật Đản Mới Nhất - TAYTA NHIỀU MẪU,105.000 ₫,Đặc sản chất lượng - Lồng Đèn Hoa Sen Nhựa Trang Trí Phật Đản Mới Nhất - TAYTA NHIỀU MẪU,https://down-vn.img.susercontent.com/file/vn-11134207-7ra0g-m7lph9fw7pfn4b,https://shopee.vn/Lồng-Đèn-Hoa-Sen-Nhựa-Trang-Trí-Phật-Đản-Mới-Nhất-TAYTA-NHIỀU-MẪU-i.66513379.22932983344?extraParams=%7B%22display_model_id%22%3A195853927562%2C%22model_selection_logic%22%3A3%7D
513,TAYTA Group,Tỉnh Tây Ninh,https://shopee.vn/search?shop=66513379,[Tặng kit Thánh Giá mới] Bộ Lắp Ghép Mô Hình 3D Nhà Thờ Đức Bà Sài Gòn TAYTA,210.000 ₫,Đặc sản chất lượng - [Tặng kit Thánh Giá mới] Bộ Lắp Ghép Mô Hình 3D Nhà Thờ Đức Bà Sài Gòn TAYTA,https://down-vn.img.susercontent.com/file/vn-11134207-7ras8-m2xoazwf1xve9f,https://shopee.vn/-Tặng-kit-Thánh-Giá-mới-Bộ-Lắp-Ghép-Mô-Hình-3D-Nhà-Thờ-Đức-Bà-Sài-Gòn-TAYTA-i.66513379.4569201817?extraParams=%7B%22display_model_id%22%3A42427846753%2C%22model_selection_logic%22%3A3%7D
514,TAYTA Group,Tỉnh Tây Ninh,https://shopee.vn/search?shop=66513379,Lồng Đèn Gỗ Hoa Sen hình Đức Phật trang trí Phật Đản mẫu mới nhất - TAYTA,125.000 ₫,Đặc sản chất lượng - Lồng Đèn Gỗ Hoa Sen hình Đức Phật trang trí Phật Đản mẫu mới nhất - TAYTA,https://down-vn.img.susercontent.com/file/a20cb3bcf4650f51f68e5d8f772bf14f,https://shopee.vn/Lồng-Đèn-Gỗ-Hoa-Sen-hình-Đức-Phật-trang-trí-Phật-Đản-mẫu-mới-nhất-TAYTA-i.66513379.8638754472?extraParams=%7B%22display_model_id%22%3A25229920786%2C%22model_selection_logic%22%3A3%7D
515,Ailaikit-Dụng Cụ Võ Thuật,Thành phố Hồ Chí Minh,https://shopee.vn/search?shop=1423931783,"Găng Boxing BN VN | Size 8oz 10oz 12oz Ailaikit ( Vovinam, Cổ Truyền, Muay, Kickboxing)",379.000 ₫,"Đặc sản chất lượng - Găng Boxing BN VN | Size 8oz 10oz 12oz Ailaikit ( Vovinam, Cổ Truyền, Muay, Kickboxing)",https://down-vn.img.susercontent.com/file/vn-11134207-7ras8-m4so6gb49slf83,https://shopee.vn/Găng-Boxing-BN-VN-Size-8oz-10oz-12oz-Ailaikit-(-Vovinam-Cổ-Truyền-Muay-Kickboxing)-i.1423931783.25590114554?extraParams=%7B%22display_model_id%22%3A257399367750%2C%22model_selection_logic%22%3A3%7D
516,Ailaikit-Dụng Cụ Võ Thuật,Thành phố Hồ Chí Minh,https://shopee.vn/search?shop=1423931783,"Đai xanh thường không âm dương { thêu Vovinam Việt Võ Đao} thêu 1 gạch, 2 gạch, 3 gạch Ailaikit",25.000 ₫,"Đặc sản chất lượng - Đai xanh thường không âm dương { thêu Vovinam Việt Võ Đao} thêu 1 gạch, 2 gạch, 3 gạch Ailaikit",https://down-vn.img.susercontent.com/file/vn-11134207-7ras8-mbjdqqqbk4xg4c,https://shopee.vn/Đai-xanh-thường-không-âm-dương-thêu-Vovinam-Việt-Võ-Đao-thêu-1-gạch-2-gạch-3-gạch-Ailaikit-i.1423931783.40706512714?extraParams=%7B%22display_model_id%22%3A285547826832%2C%22model_selection_logic%22%3A3%7D
517,Ailaikit-Dụng Cụ Võ Thuật,Thành phố Hồ Chí Minh,https://shopee.vn/search?shop=1423931783,Võ Phục Vovinam Phong Trào Giá rẻ| Võ phục cho người mới học dành cho người lớn và trẻ em Ailaikit,160.000 ₫,Đặc sản chất lượng - Võ Phục Vovinam Phong Trào Giá rẻ| Võ phục cho người mới học dành cho người lớn và trẻ em Ailaikit,https://down-vn.img.susercontent.com/file/vn-11134207-7ra0g-m693zixxedzr64,https://shopee.vn/Võ-Phục-Vovinam-Phong-Trào-Giá-rẻ-Võ-phục-cho-người-mới-học-dành-cho-người-lớn-và-trẻ-em-Ailaikit-i.1423931783.26120366480?extraParams=%7B%22display_model_id%22%3A257229845715%2C%22model_selection_logic%22%3A3%7D
518,Ailaikit-Dụng Cụ Võ Thuật,Thành phố Hồ Chí Minh,https://shopee.vn/search?shop=1423931783,Bảng Tên Thêu trên Võ Phục Bảng tên đồ võ Vovinam - Taekwondo - Karate l Shop Võ Thuật Ailaikit,20.000 ₫,Đặc sản chất lượng - Bảng Tên Thêu trên Võ Phục Bảng tên đồ võ Vovinam - Taekwondo - Karate l Shop Võ Thuật Ailaikit,https://down-vn.img.susercontent.com/file/vn-11134207-7ras8-m48nrijjbavje2,https://shopee.vn/Bảng-Tên-Thêu-trên-Võ-Phục-Bảng-tên-đồ-võ-Vovinam-Taekwondo-Karate-l-Shop-Võ-Thuật-Ailaikit-i.1423931783.26021109567?extraParams=%7B%22display_model_id%22%3A89716099688%2C%22model_selection_logic%22%3A3%7D
519,Ailaikit-Dụng Cụ Võ Thuật,Thành phố Hồ Chí Minh,https://shopee.vn/search?shop=1423931783,Ván Gỗ Công Phá Võ Thuật Taekwondo – Vovinam – Kickboxing | Khắc Laser Định Hướng Sớ Gỗ | Ailaikit,19.500 ₫,Đặc sản chất lượng - Ván Gỗ Công Phá Võ Thuật Taekwondo – Vovinam – Kickboxing | Khắc Laser Định Hướng Sớ Gỗ | Ailaikit,https://down-vn.img.susercontent.com/file/vn-11134207-81ztc-ml5r7ll611j4a9,https://shopee.vn/Ván-Gỗ-Công-Phá-Võ-Thuật-Taekwondo-–-Vovinam-–-Kickboxing-Khắc-Laser-Định-Hướng-Sớ-Gỗ-Ailaikit-i.1423931783.45056486680?extraParams=%7B%22display_model_id%22%3A445581755866%2C%22model_selection_logic%22%3A3%7D
520,Ailaikit-Dụng Cụ Võ Thuật,Thành phố Hồ Chí Minh,https://shopee.vn/search?shop=1423931783,"[HCM]Quần Muay Thái Another, quần boxing  hàng cao cấp Ailaikit, Quần Tập Võ Tự Do",290.000 ₫,"Đặc sản chất lượng - [HCM]Quần Muay Thái Another, quần boxing  hàng cao cấp Ailaikit, Quần Tập Võ Tự Do",https://down-vn.img.susercontent.com/file/vn-11134207-81ztc-mm1cf65zufb718,https://shopee.vn/-HCM-Quần-Muay-Thái-Another-quần-boxing-hàng-cao-cấp-Ailaikit-Quần-Tập-Võ-Tự-Do-i.1423931783.26730679295?extraParams=%7B%22display_model_id%22%3A243078160576%2C%22model_selection_logic%22%3A3%7D
521,Ailaikit-Dụng Cụ Võ Thuật,Thành phố Hồ Chí Minh,https://shopee.vn/search?shop=1423931783,"Dây Đai Taekwondo Giá rẻ| Đai Tập Võ Taekwondo màu Xanh, Vàng, Đỏ, Cam Trắng Loại Thường Ailaikit",20.000 ₫,"Đặc sản chất lượng - Dây Đai Taekwondo Giá rẻ| Đai Tập Võ Taekwondo màu Xanh, Vàng, Đỏ, Cam Trắng Loại Thường Ailaikit",https://down-vn.img.susercontent.com/file/vn-11134207-7ras8-m3vs2x6iioxhd8,https://shopee.vn/Dây-Đai-Taekwondo-Giá-rẻ-Đai-Tập-Võ-Taekwondo-màu-Xanh-Vàng-Đỏ-Cam-Trắng-Loại-Thường-Ailaikit-i.1423931783.29520480584?extraParams=%7B%22display_model_id%22%3A252238116240%2C%22model_selection_logic%22%3A3%7D
522,Ailaikit-Dụng Cụ Võ Thuật,Thành phố Hồ Chí Minh,https://shopee.vn/search?shop=1423931783,Găng Karate Xanh Đỏ | Tập luyện và Găng thi đấu Môn Võ Karate Loại Tốt Ailaikit,139.000 ₫,Đặc sản chất lượng - Găng Karate Xanh Đỏ | Tập luyện và Găng thi đấu Môn Võ Karate Loại Tốt Ailaikit,https://down-vn.img.susercontent.com/file/vn-11134207-820l4-mjp44y52rbbade,https://shopee.vn/Găng-Karate-Xanh-Đỏ-Tập-luyện-và-Găng-thi-đấu-Môn-Võ-Karate-Loại-Tốt-Ailaikit-i.1423931783.27522420740?extraParams=%7B%22display_model_id%22%3A252389623236%2C%22model_selection_logic%22%3A3%7D
523,Ailaikit-Dụng Cụ Võ Thuật,Thành phố Hồ Chí Minh,https://shopee.vn/search?shop=1423931783,Dây Đai Karate Thường Ailaikit | Đai Tập Võ karate Giá rẻ đủ màu xanh vàng đỏ nâu,20.000 ₫,Đặc sản chất lượng - Dây Đai Karate Thường Ailaikit | Đai Tập Võ karate Giá rẻ đủ màu xanh vàng đỏ nâu,https://down-vn.img.susercontent.com/file/vn-11134207-7ras8-m3vmswh923l4f1,https://shopee.vn/Dây-Đai-Karate-Thường-Ailaikit-Đai-Tập-Võ-karate-Giá-rẻ-đủ-màu-xanh-vàng-đỏ-nâu-i.1423931783.26370486145?extraParams=%7B%22display_model_id%22%3A188057700483%2C%22model_selection_logic%22%3A3%7D
524,Ailaikit-Dụng Cụ Võ Thuật,Thành phố Hồ Chí Minh,https://shopee.vn/search?shop=1423931783,Dây Đai Thường và Vạch đai tự in Vovinam Giá rẻ | Ailaikit Đai Tập Võ Loại Thường Đai Xanh Đai Vàng,15.000 ₫,Đặc sản chất lượng - Dây Đai Thường và Vạch đai tự in Vovinam Giá rẻ | Ailaikit Đai Tập Võ Loại Thường Đai Xanh Đai Vàng,https://down-vn.img.susercontent.com/file/vn-11134207-7ras8-m3oexgkr2rp8d7,https://shopee.vn/Dây-Đai-Thường-và-Vạch-đai-tự-in-Vovinam-Giá-rẻ-Ailaikit-Đai-Tập-Võ-Loại-Thường-Đai-Xanh-Đai-Vàng-i.1423931783.25439361550?extraParams=%7B%22display_model_id%22%3A185768965704%2C%22model_selection_logic%22%3A3%7D
525,Quà tặng VoVi PlasticFree,Thành phố Hà Nội,https://shopee.vn/search?shop=350805812,"Set quà tặng nến thơm và cốc xinh xắn, quà lưu niệm ý nghĩa, độc đáo QT28",59.000 ₫,"Đặc sản chất lượng - Set quà tặng nến thơm và cốc xinh xắn, quà lưu niệm ý nghĩa, độc đáo QT28",https://down-vn.img.susercontent.com/file/vn-11134207-7qukw-lgd7at3k4hrrc1,https://shopee.vn/Set-quà-tặng-nến-thơm-và-cốc-xinh-xắn-quà-lưu-niệm-ý-nghĩa-độc-đáo-QT28-i.350805812.23141413918?extraParams=%7B%22display_model_id%22%3A227514682977%2C%22model_selection_logic%22%3A3%7D
526,Quà tặng VoVi PlasticFree,Thành phố Hà Nội,https://shopee.vn/search?shop=350805812,"Hộp quà nến thơm, sáp thơm handmade TẶNG THIỆP POSTCARD xinh xắn sinh nhật bạn bè, tặng bạn gái, người yêu QT01",69.000 ₫,"Đặc sản chất lượng - Hộp quà nến thơm, sáp thơm handmade TẶNG THIỆP POSTCARD xinh xắn sinh nhật bạn bè, tặng bạn gái, người yêu QT01",https://down-vn.img.susercontent.com/file/vn-11134201-7qukw-lepka93koiib2c,https://shopee.vn/Hộp-quà-nến-thơm-sáp-thơm-handmade-TẶNG-THIỆP-POSTCARD-xinh-xắn-sinh-nhật-bạn-bè-tặng-bạn-gái-người-yêu-QT01-i.350805812.16888452275?extraParams=%7B%22display_model_id%22%3A252226525441%2C%22model_selection_logic%22%3A3%7D
527,Quà tặng VoVi PlasticFree,Thành phố Hà Nội,https://shopee.vn/search?shop=350805812,"[KHẮC THEO YÊU CẦU] Móc chìa khóa da PU, thép chống gỉ khắc thú vị tặng bạn bè, người thân",19.000 ₫,"Đặc sản chất lượng - [KHẮC THEO YÊU CẦU] Móc chìa khóa da PU, thép chống gỉ khắc thú vị tặng bạn bè, người thân",https://down-vn.img.susercontent.com/file/vn-11134207-7ra0g-macjrkm72475e5,https://shopee.vn/-KHẮC-THEO-YÊU-CẦU-Móc-chìa-khóa-da-PU-thép-chống-gỉ-khắc-thú-vị-tặng-bạn-bè-người-thân-i.350805812.23853462585?extraParams=%7B%22display_model_id%22%3A300210561547%2C%22model_selection_logic%22%3A3%7D
528,Quà tặng VoVi PlasticFree,Thành phố Hà Nội,https://shopee.vn/search?shop=350805812,"Bộ sổ bút quà tặng KHẮC THEO YÊU CẦU doanh nghiệp CÓ KÈM TÚI ĐỰNG tặng thầy cô, khách hàng SS02",179.000 ₫,"Đặc sản chất lượng - Bộ sổ bút quà tặng KHẮC THEO YÊU CẦU doanh nghiệp CÓ KÈM TÚI ĐỰNG tặng thầy cô, khách hàng SS02",https://down-vn.img.susercontent.com/file/vn-11134207-820l4-mf21o66lrjexad,https://shopee.vn/Bộ-sổ-bút-quà-tặng-KHẮC-THEO-YÊU-CẦU-doanh-nghiệp-CÓ-KÈM-TÚI-ĐỰNG-tặng-thầy-cô-khách-hàng-SS02-i.350805812.23873824515?extraParams=%7B%22display_model_id%22%3A232770746581%2C%22model_selection_logic%22%3A3%7D
529,Quà tặng VoVi PlasticFree,Thành phố Hà Nội,https://shopee.vn/search?shop=350805812,"Quà tặng bộ cốc tre KHẮC THEO YÊU CẦU, ống hút tre, quà lưu niệm, tặng sinh nhật ý nghĩa, độc đáo QT02",149.000 ₫,"Đặc sản chất lượng - Quà tặng bộ cốc tre KHẮC THEO YÊU CẦU, ống hút tre, quà lưu niệm, tặng sinh nhật ý nghĩa, độc đáo QT02",https://down-vn.img.susercontent.com/file/vn-11134207-7ra0g-m6q9dbe2b0agfa,https://shopee.vn/Quà-tặng-bộ-cốc-tre-KHẮC-THEO-YÊU-CẦU-ống-hút-tre-quà-lưu-niệm-tặng-sinh-nhật-ý-nghĩa-độc-đáo-QT02-i.350805812.8539236127?extraParams=%7B%22display_model_id%22%3A49416684417%2C%22model_selection_logic%22%3A3%7D
530,Quà tặng VoVi PlasticFree,Thành phố Hà Nội,https://shopee.vn/search?shop=350805812,Nến Thơm Thư Giãn Không Khói Cao Cấp Tinh Dầu Thiên Nhiên Scented Candles,39.200 ₫,Đặc sản chất lượng - Nến Thơm Thư Giãn Không Khói Cao Cấp Tinh Dầu Thiên Nhiên Scented Candles,https://down-vn.img.susercontent.com/file/vn-11134207-7qukw-lgd5dzwjctfb57,https://shopee.vn/Nến-Thơm-Thư-Giãn-Không-Khói-Cao-Cấp-Tinh-Dầu-Thiên-Nhiên-Scented-Candles-i.350805812.18579439651?extraParams=%7B%22display_model_id%22%3A186720666911%2C%22model_selection_logic%22%3A3%7D
531,Quà tặng VoVi PlasticFree,Thành phố Hà Nội,https://shopee.vn/search?shop=350805812,"Set quà tặng valentine, sinh nhật xinh xắn tặng người yêu, bạn bè, người thân V01",162.000 ₫,"Đặc sản chất lượng - Set quà tặng valentine, sinh nhật xinh xắn tặng người yêu, bạn bè, người thân V01",https://down-vn.img.susercontent.com/file/vn-11134207-23010-kpc4p4rnbtmv39,https://shopee.vn/Set-quà-tặng-valentine-sinh-nhật-xinh-xắn-tặng-người-yêu-bạn-bè-người-thân-V01-i.350805812.19771883308?extraParams=%7B%22display_model_id%22%3A137353449971%2C%22model_selection_logic%22%3A3%7D
532,Quà tặng VoVi PlasticFree,Thành phố Hà Nội,https://shopee.vn/search?shop=350805812,"Quà tặng nến thơm, cốc tre, trà sinh nhật xinh xắn, quà lưu niệm ý nghĩa, độc đáo QT23",270.000 ₫,"Đặc sản chất lượng - Quà tặng nến thơm, cốc tre, trà sinh nhật xinh xắn, quà lưu niệm ý nghĩa, độc đáo QT23",https://down-vn.img.susercontent.com/file/vn-11134207-7ra0g-m6q98n2sm0jc7a,https://shopee.vn/Quà-tặng-nến-thơm-cốc-tre-trà-sinh-nhật-xinh-xắn-quà-lưu-niệm-ý-nghĩa-độc-đáo-QT23-i.350805812.23436172562?extraParams=%7B%22display_model_id%22%3A166170779959%2C%22model_selection_logic%22%3A3%7D
533,Quà tặng VoVi PlasticFree,Thành phố Hà Nội,https://shopee.vn/search?shop=350805812,Cốc tre (ly tre) khắc theo yêu cầu,20.000 ₫,Đặc sản chất lượng - Cốc tre (ly tre) khắc theo yêu cầu,https://down-vn.img.susercontent.com/file/051895c4c8f1c1524f4417866d0a0b34,https://shopee.vn/Cốc-tre-(ly-tre)-khắc-theo-yêu-cầu-i.350805812.7885373481?extraParams=%7B%22display_model_id%22%3A310586013563%2C%22model_selection_logic%22%3A3%7D
534,Quà tặng VoVi PlasticFree,Thành phố Hà Nội,https://shopee.vn/search?shop=350805812,"Set quà tặng cốc xinh xắn, nến thơm, khăn gấu quà lưu niệm ý nghĩa QT32",109.000 ₫,"Đặc sản chất lượng - Set quà tặng cốc xinh xắn, nến thơm, khăn gấu quà lưu niệm ý nghĩa QT32",https://down-vn.img.susercontent.com/file/vn-11134207-7qukw-lk0umpboxfw4f7,https://shopee.vn/Set-quà-tặng-cốc-xinh-xắn-nến-thơm-khăn-gấu-quà-lưu-niệm-ý-nghĩa-QT32-i.350805812.15899239073?extraParams=%7B%22display_model_id%22%3A221879457660%2C%22model_selection_logic%22%3A3%7D
535,The Măng Đen Đặc Sản Đại Ngàn,Thành phố Hồ Chí Minh,https://shopee.vn/search?shop=632066947,Dâu Tây Sấy Thăng Hoa Giòn Nguyên Vị Tự Nhiên The Măng Đen Đặc Sản Tây Nguyên Đại Ngàn Hộp 100g,148.000 ₫,Đặc sản chất lượng - Dâu Tây Sấy Thăng Hoa Giòn Nguyên Vị Tự Nhiên The Măng Đen Đặc Sản Tây Nguyên Đại Ngàn Hộp 100g,https://down-vn.img.susercontent.com/file/vn-11134207-820l4-mdwpnjlmoyrnd4,https://shopee.vn/Dâu-Tây-Sấy-Thăng-Hoa-Giòn-Nguyên-Vị-Tự-Nhiên-The-Măng-Đen-Đặc-Sản-Tây-Nguyên-Đại-Ngàn-Hộp-100g-i.632066947.11799699484?extraParams=%7B%22display_model_id%22%3A165919698866%2C%22model_selection_logic%22%3A3%7D
536,The Măng Đen Đặc Sản Đại Ngàn,Thành phố Hồ Chí Minh,https://shopee.vn/search?shop=632066947,Mãng Cầu Sấy Dẻo Không Đường Ngon Ngọt Tự Nhiên Tốt Cho Sức Khỏe Đặc Sản Trái Cây Sấy The Măng Đen,78.000 ₫,Đặc sản chất lượng - Mãng Cầu Sấy Dẻo Không Đường Ngon Ngọt Tự Nhiên Tốt Cho Sức Khỏe Đặc Sản Trái Cây Sấy The Măng Đen,https://down-vn.img.susercontent.com/file/vn-11134207-81ztc-ml4senmsadqh2b,https://shopee.vn/Mãng-Cầu-Sấy-Dẻo-Không-Đường-Ngon-Ngọt-Tự-Nhiên-Tốt-Cho-Sức-Khỏe-Đặc-Sản-Trái-Cây-Sấy-The-Măng-Đen-i.632066947.19580209054?extraParams=%7B%22display_model_id%22%3A98715296434%2C%22model_selection_logic%22%3A3%7D
537,The Măng Đen Đặc Sản Đại Ngàn,Thành phố Hồ Chí Minh,https://shopee.vn/search?shop=632066947,Xoài Sấy Dẻo Nguyên Vị Tự Nhiên Chua Ngọt Không Xơ Đặc Sản Trái Cây Sấy The Măng Đen,58.000 ₫,Đặc sản chất lượng - Xoài Sấy Dẻo Nguyên Vị Tự Nhiên Chua Ngọt Không Xơ Đặc Sản Trái Cây Sấy The Măng Đen,https://down-vn.img.susercontent.com/file/vn-11134207-7ras8-mbqdz71ge9hqf4,https://shopee.vn/Xoài-Sấy-Dẻo-Nguyên-Vị-Tự-Nhiên-Chua-Ngọt-Không-Xơ-Đặc-Sản-Trái-Cây-Sấy-The-Măng-Đen-i.632066947.15397415347?extraParams=%7B%22display_model_id%22%3A216720606826%2C%22model_selection_logic%22%3A3%7D
538,The Măng Đen Đặc Sản Đại Ngàn,Thành phố Hồ Chí Minh,https://shopee.vn/search?shop=632066947,Dâu Tây Sấy Dẻo Nguyên Vị Chua Ngọt Tự Nhiên Đặc Sản Trái Cây Sấy The Măng Đen Ăn Vặt Rất Ngon,79.000 ₫,Đặc sản chất lượng - Dâu Tây Sấy Dẻo Nguyên Vị Chua Ngọt Tự Nhiên Đặc Sản Trái Cây Sấy The Măng Đen Ăn Vặt Rất Ngon,https://down-vn.img.susercontent.com/file/vn-11134207-7ras8-mcg5qsomlttxbf,https://shopee.vn/Dâu-Tây-Sấy-Dẻo-Nguyên-Vị-Chua-Ngọt-Tự-Nhiên-Đặc-Sản-Trái-Cây-Sấy-The-Măng-Đen-Ăn-Vặt-Rất-Ngon-i.632066947.23941447123?extraParams=%7B%22display_model_id%22%3A196720595123%2C%22model_selection_logic%22%3A3%7D
539,The Măng Đen Đặc Sản Đại Ngàn,Thành phố Hồ Chí Minh,https://shopee.vn/search?shop=632066947,Chuối Sấy Giòn Mè Gừng Chuẩn OCOP The Măng Đen Hộp 200g Đặc Sản Tây Nguyên Giòn và Thơm Chất Lượng,88.000 ₫,Đặc sản chất lượng - Chuối Sấy Giòn Mè Gừng Chuẩn OCOP The Măng Đen Hộp 200g Đặc Sản Tây Nguyên Giòn và Thơm Chất Lượng,https://down-vn.img.susercontent.com/file/vn-11134207-820l4-meocw9ts7dhfb0,https://shopee.vn/Chuối-Sấy-Giòn-Mè-Gừng-Chuẩn-OCOP-The-Măng-Đen-Hộp-200g-Đặc-Sản-Tây-Nguyên-Giòn-và-Thơm-Chất-Lượng-i.632066947.22739684773?extraParams=%7B%22display_model_id%22%3A216784691179%2C%22model_selection_logic%22%3A3%7D
540,The Măng Đen Đặc Sản Đại Ngàn,Thành phố Hồ Chí Minh,https://shopee.vn/search?shop=632066947,"Hạt Đười Ươi Bay Đặc Sản The Măng Đen Kon Tum Ngâm Nước Uống Giải Nhiệt, Mát Gan, Thanh Lọc Cơ Thể",259.000 ₫,"Đặc sản chất lượng - Hạt Đười Ươi Bay Đặc Sản The Măng Đen Kon Tum Ngâm Nước Uống Giải Nhiệt, Mát Gan, Thanh Lọc Cơ Thể",https://down-vn.img.susercontent.com/file/vn-11134207-81ztc-mnqvpsz2zkecd2,https://shopee.vn/Hạt-Đười-Ươi-Bay-Đặc-Sản-The-Măng-Đen-Kon-Tum-Ngâm-Nước-Uống-Giải-Nhiệt-Mát-Gan-Thanh-Lọc-Cơ-Thể-i.632066947.23137004583?extraParams=%7B%22display_model_id%22%3A175916245511%2C%22model_selection_logic%22%3A3%7D
541,The Măng Đen Đặc Sản Đại Ngàn,Thành phố Hồ Chí Minh,https://shopee.vn/search?shop=632066947,Chuối Sấy Dẻo Nguyên Vị Tự Nhiên Ngon Ngọt Ăn Vặt Tốt Cho Sức Khỏe Đặc Sản Trái Cây Sấy The Măng Đen,49.000 ₫,Đặc sản chất lượng - Chuối Sấy Dẻo Nguyên Vị Tự Nhiên Ngon Ngọt Ăn Vặt Tốt Cho Sức Khỏe Đặc Sản Trái Cây Sấy The Măng Đen,https://down-vn.img.susercontent.com/file/vn-11134207-7ras8-mbqdsq9r0xqtfa,https://shopee.vn/Chuối-Sấy-Dẻo-Nguyên-Vị-Tự-Nhiên-Ngon-Ngọt-Ăn-Vặt-Tốt-Cho-Sức-Khỏe-Đặc-Sản-Trái-Cây-Sấy-The-Măng-Đen-i.632066947.18378832568?extraParams=%7B%22display_model_id%22%3A167615414754%2C%22model_selection_logic%22%3A3%7D
542,The Măng Đen Đặc Sản Đại Ngàn,Thành phố Hồ Chí Minh,https://shopee.vn/search?shop=632066947,Hạt Macca Sấy Mộc Nguyên Vị Giòn Bùi Béo The Măng Đen Đặc Sản Tây Nguyên Đại Ngàn Hộp 250g,139.000 ₫,Đặc sản chất lượng - Hạt Macca Sấy Mộc Nguyên Vị Giòn Bùi Béo The Măng Đen Đặc Sản Tây Nguyên Đại Ngàn Hộp 250g,https://down-vn.img.susercontent.com/file/vn-11134207-820l4-mdwq26ucr8jmd9,https://shopee.vn/Hạt-Macca-Sấy-Mộc-Nguyên-Vị-Giòn-Bùi-Béo-The-Măng-Đen-Đặc-Sản-Tây-Nguyên-Đại-Ngàn-Hộp-250g-i.632066947.23370657594?extraParams=%7B%22display_model_id%22%3A196810007473%2C%22model_selection_logic%22%3A3%7D
543,The Măng Đen Đặc Sản Đại Ngàn,Thành phố Hồ Chí Minh,https://shopee.vn/search?shop=632066947,Hạt Kơ Nia Hạt Cầy Rang Củi Nguyên Vị Hộp 250g Thơm Bùi Béo Đặc Sản Tây Nguyên Đại Ngàn,99.000 ₫,Đặc sản chất lượng - Hạt Kơ Nia Hạt Cầy Rang Củi Nguyên Vị Hộp 250g Thơm Bùi Béo Đặc Sản Tây Nguyên Đại Ngàn,https://down-vn.img.susercontent.com/file/vn-11134207-820l4-mgg9dbzucd8vcb,https://shopee.vn/Hạt-Kơ-Nia-Hạt-Cầy-Rang-Củi-Nguyên-Vị-Hộp-250g-Thơm-Bùi-Béo-Đặc-Sản-Tây-Nguyên-Đại-Ngàn-i.632066947.23969690130?extraParams=%7B%22display_model_id%22%3A194335113298%2C%22model_selection_logic%22%3A3%7D
544,The Măng Đen Đặc Sản Đại Ngàn,Thành phố Hồ Chí Minh,https://shopee.vn/search?shop=632066947,Bột Cacao Nguyên chất Giàu Dinh Dưỡng The Măng Đen Đặc Sản Tây Nguyên Đại Ngàn Hộp 250g,163.581 ₫,Đặc sản chất lượng - Bột Cacao Nguyên chất Giàu Dinh Dưỡng The Măng Đen Đặc Sản Tây Nguyên Đại Ngàn Hộp 250g,https://down-vn.img.susercontent.com/file/vn-11134207-81ztc-mn1en96oxczo30,https://shopee.vn/Bột-Cacao-Nguyên-chất-Giàu-Dinh-Dưỡng-The-Măng-Đen-Đặc-Sản-Tây-Nguyên-Đại-Ngàn-Hộp-250g-i.632066947.22936999013?extraParams=%7B%22display_model_id%22%3A59314047482%2C%22model_selection_logic%22%3A3%7D
545,SAIGON- CONGTYPHUKIEN,Thành phố Hồ Chí Minh,https://shopee.vn/search?shop=442143278,Set 45-55 Tấm Thẻ Ảnh LOMO Hình Nhóm Nhạc BBLACCKPINK Lisa mới nhất 2025,34.500 ₫,Đặc sản chất lượng - Set 45-55 Tấm Thẻ Ảnh LOMO Hình Nhóm Nhạc BBLACCKPINK Lisa mới nhất 2025,https://down-vn.img.susercontent.com/file/vn-11134207-7qukw-lhm9lxojis3l9f,https://shopee.vn/Set-45-55-Tấm-Thẻ-Ảnh-LOMO-Hình-Nhóm-Nhạc-BBLACCKPINK-Lisa-mới-nhất-2025-i.442143278.18089463759?extraParams=%7B%22display_model_id%22%3A118411926626%2C%22model_selection_logic%22%3A3%7D
546,SAIGON- CONGTYPHUKIEN,Thành phố Hồ Chí Minh,https://shopee.vn/search?shop=442143278,HCM- Nến Thơm Mùi Hoa Nhài Vani Oải Hương Nến Trụ Tròn Decor Phong Cách Châu Âu Không Khói Thời Gian Cháy Lên Tới 22h,24.000 ₫,Đặc sản chất lượng - HCM- Nến Thơm Mùi Hoa Nhài Vani Oải Hương Nến Trụ Tròn Decor Phong Cách Châu Âu Không Khói Thời Gian Cháy Lên Tới 22h,https://down-vn.img.susercontent.com/file/sg-11134201-7r98w-llp5uy5c3pcz11,https://shopee.vn/HCM-Nến-Thơm-Mùi-Hoa-Nhài-Vani-Oải-Hương-Nến-Trụ-Tròn-Decor-Phong-Cách-Châu-Âu-Không-Khói-Thời-Gian-Cháy-Lên-Tới-22h-i.442143278.22980387671?extraParams=%7B%22display_model_id%22%3A214584124026%2C%22model_selection_logic%22%3A3%7D
547,SAIGON- CONGTYPHUKIEN,Thành phố Hồ Chí Minh,https://shopee.vn/search?shop=442143278,"Vịt Đứng Đội Mũ Bảo Hiểm ,Vịt Gắn Xe ,Trang Trí Ô tô, Xe Máy , Xe Đạp",28.400 ₫,"Đặc sản chất lượng - Vịt Đứng Đội Mũ Bảo Hiểm ,Vịt Gắn Xe ,Trang Trí Ô tô, Xe Máy , Xe Đạp",https://down-vn.img.susercontent.com/file/vn-11134207-7qukw-lh1soyintbzn8c,https://shopee.vn/Vịt-Đứng-Đội-Mũ-Bảo-Hiểm-Vịt-Gắn-Xe-Trang-Trí-Ô-tô-Xe-Máy-Xe-Đạp-i.442143278.23043009168?extraParams=%7B%22display_model_id%22%3A194308731982%2C%22model_selection_logic%22%3A3%7D
548,SAIGON- CONGTYPHUKIEN,Thành phố Hồ Chí Minh,https://shopee.vn/search?shop=442143278,"[Xả Rẻ] Móc treo đồ trên ô tô gài trước sau ghế, kèm giá đỡ kẹp điện thoại trên xe tiện lợi thiết kế xoay 360",17.500 ₫,"Đặc sản chất lượng - [Xả Rẻ] Móc treo đồ trên ô tô gài trước sau ghế, kèm giá đỡ kẹp điện thoại trên xe tiện lợi thiết kế xoay 360",https://down-vn.img.susercontent.com/file/vn-11134207-7ras8-m1cil2qhh9i0cd,https://shopee.vn/-Xả-Rẻ-Móc-treo-đồ-trên-ô-tô-gài-trước-sau-ghế-kèm-giá-đỡ-kẹp-điện-thoại-trên-xe-tiện-lợi-thiết-kế-xoay-360-i.442143278.22273139696?extraParams=%7B%22display_model_id%22%3A138758586795%2C%22model_selection_logic%22%3A3%7D
549,SAIGON- CONGTYPHUKIEN,Thành phố Hồ Chí Minh,https://shopee.vn/search?shop=442143278,[XẢ RẺ] Đồ chơi trí tuệ_Thử thách trí não_Hanayama Puzzle(Tổng hợp các mẫu riêng lẻ)_Hack não-IQ Toys,19.900 ₫,Đặc sản chất lượng - [XẢ RẺ] Đồ chơi trí tuệ_Thử thách trí não_Hanayama Puzzle(Tổng hợp các mẫu riêng lẻ)_Hack não-IQ Toys,https://down-vn.img.susercontent.com/file/8d1e75b00b4b0ffed23dd894f2f4b4bb,https://shopee.vn/-XẢ-RẺ-Đồ-chơi-trí-tuệ_Thử-thách-trí-não_Hanayama-Puzzle(Tổng-hợp-các-mẫu-riêng-lẻ)_Hack-não-IQ-Toys-i.442143278.18079906737?extraParams=%7B%22display_model_id%22%3A184301532485%2C%22model_selection_logic%22%3A3%7D
550,SAIGON- CONGTYPHUKIEN,Thành phố Hồ Chí Minh,https://shopee.vn/search?shop=442143278,Chú vịt vàng đội mũ bảo hiểm gắn chong chóng trang trí xe hơi xe máy,33.500 ₫,Đặc sản chất lượng - Chú vịt vàng đội mũ bảo hiểm gắn chong chóng trang trí xe hơi xe máy,https://down-vn.img.susercontent.com/file/vn-11134207-7qukw-li1tq87xgjiq4c,https://shopee.vn/Chú-vịt-vàng-đội-mũ-bảo-hiểm-gắn-chong-chóng-trang-trí-xe-hơi-xe-máy-i.442143278.23043013223?extraParams=%7B%22display_model_id%22%3A148215537855%2C%22model_selection_logic%22%3A3%7D
551,SAIGON- CONGTYPHUKIEN,Thành phố Hồ Chí Minh,https://shopee.vn/search?shop=442143278,[THANH LÍ XẢ LỖ] Mô Hình Charm Phát Sáng Gà Con Đội Vương Miện Trang Trí Phong Cảnh Xinh Xắn Dễ Thương.,6.000 ₫,Đặc sản chất lượng - [THANH LÍ XẢ LỖ] Mô Hình Charm Phát Sáng Gà Con Đội Vương Miện Trang Trí Phong Cảnh Xinh Xắn Dễ Thương.,https://down-vn.img.susercontent.com/file/vn-11134207-7qukw-ljdo90ur0slucb,https://shopee.vn/-THANH-LÍ-XẢ-LỖ-Mô-Hình-Charm-Phát-Sáng-Gà-Con-Đội-Vương-Miện-Trang-Trí-Phong-Cảnh-Xinh-Xắn-Dễ-Thương.-i.442143278.22248680610?extraParams=%7B%22display_model_id%22%3A235511585979%2C%22model_selection_logic%22%3A3%7D
552,SAIGON- CONGTYPHUKIEN,Thành phố Hồ Chí Minh,https://shopee.vn/search?shop=442143278,[HCM] Búp Bê Nhỏ Dễ Thương Trang Trí Biển Số Xe Hơi xe máy Điện thoại ( kèm băng keo)  ICON 2024 Hoạt hình Cinnamoroll,19.900 ₫,Đặc sản chất lượng - [HCM] Búp Bê Nhỏ Dễ Thương Trang Trí Biển Số Xe Hơi xe máy Điện thoại ( kèm băng keo)  ICON 2024 Hoạt hình Cinnamoroll,https://down-vn.img.susercontent.com/file/vn-11134207-7r98o-lusr0eazxb8l05,https://shopee.vn/-HCM-Búp-Bê-Nhỏ-Dễ-Thương-Trang-Trí-Biển-Số-Xe-Hơi-xe-máy-Điện-thoại-(-kèm-băng-keo)-ICON-2024-Hoạt-hình-Cinnamoroll-i.442143278.19280096495?extraParams=%7B%22display_model_id%22%3A235238251757%2C%22model_selection_logic%22%3A3%7D
553,SAIGON- CONGTYPHUKIEN,Thành phố Hồ Chí Minh,https://shopee.vn/search?shop=442143278,Gương Trang Điểm Cầm Tay Thiết Kế Hoạt Hình Dễ Thương,17.500 ₫,Đặc sản chất lượng - Gương Trang Điểm Cầm Tay Thiết Kế Hoạt Hình Dễ Thương,https://down-vn.img.susercontent.com/file/sg-11134201-7rbk0-lktrkayvz9ly3d,https://shopee.vn/Gương-Trang-Điểm-Cầm-Tay-Thiết-Kế-Hoạt-Hình-Dễ-Thương-i.442143278.23877949466?extraParams=%7B%22display_model_id%22%3A235559103675%2C%22model_selection_logic%22%3A3%7D
554,SAIGON- CONGTYPHUKIEN,Thành phố Hồ Chí Minh,https://shopee.vn/search?shop=442143278,Ví đựng thẻ Silicone dán vào ốp điện thoại tiện dụng chất lượng cao.,18.500 ₫,Đặc sản chất lượng - Ví đựng thẻ Silicone dán vào ốp điện thoại tiện dụng chất lượng cao.,https://down-vn.img.susercontent.com/file/vn-11134207-7qukw-likc5gv7re8iaa,https://shopee.vn/Ví-đựng-thẻ-Silicone-dán-vào-ốp-điện-thoại-tiện-dụng-chất-lượng-cao.-i.442143278.17897929409?extraParams=%7B%22display_model_id%22%3A118940929446%2C%22model_selection_logic%22%3A3%7D
555,HALLABOX,Thành phố Hồ Chí Minh,https://shopee.vn/search?shop=449089458,"Set Quà Tặng Sinh Nhật, Quà Tốt Nghiệp, Qùa Kỷ Niệm Cốc và Gấu Bông Giftbox Cao Cấp Tặng Người Yêu, Bạn Bè HALLABOX",297.550 ₫,"Đặc sản chất lượng - Set Quà Tặng Sinh Nhật, Quà Tốt Nghiệp, Qùa Kỷ Niệm Cốc và Gấu Bông Giftbox Cao Cấp Tặng Người Yêu, Bạn Bè HALLABOX",https://down-vn.img.susercontent.com/file/vn-11134207-81ztc-mme5xvggakun74,https://shopee.vn/Set-Quà-Tặng-Sinh-Nhật-Quà-Tốt-Nghiệp-Qùa-Kỷ-Niệm-Cốc-và-Gấu-Bông-Giftbox-Cao-Cấp-Tặng-Người-Yêu-Bạn-Bè-HALLABOX-i.449089458.42711517684?extraParams=%7B%22display_model_id%22%3A370268279315%2C%22model_selection_logic%22%3A3%7D
556,HALLABOX,Thành phố Hồ Chí Minh,https://shopee.vn/search?shop=449089458,"Giỏ quà gấu bông sáng tạo làm quà tặng sinh nhật, quà kỷ niệm, quà tốt nghiệp, quà tặng người yêu dễ thương Hallabox",174.050 ₫,"Đặc sản chất lượng - Giỏ quà gấu bông sáng tạo làm quà tặng sinh nhật, quà kỷ niệm, quà tốt nghiệp, quà tặng người yêu dễ thương Hallabox",https://down-vn.img.susercontent.com/file/vn-11134207-81ztc-mpbucyyoxr7v15,https://shopee.vn/Giỏ-quà-gấu-bông-sáng-tạo-làm-quà-tặng-sinh-nhật-quà-kỷ-niệm-quà-tốt-nghiệp-quà-tặng-người-yêu-dễ-thương-Hallabox-i.449089458.40173369994?extraParams=%7B%22display_model_id%22%3A340353685241%2C%22model_selection_logic%22%3A3%7D
557,HALLABOX,Thành phố Hồ Chí Minh,https://shopee.vn/search?shop=449089458,"Giỏ Quà Tặng Sinh Nhật, Quà Tặng Tốt Nghiệp Hoa & Gấu Bông Cao Cấp Ý Nghĩa Tặng Bạn Bè Người Yêu HALLABOX",297.550 ₫,"Đặc sản chất lượng - Giỏ Quà Tặng Sinh Nhật, Quà Tặng Tốt Nghiệp Hoa & Gấu Bông Cao Cấp Ý Nghĩa Tặng Bạn Bè Người Yêu HALLABOX",https://down-vn.img.susercontent.com/file/vn-11134207-81ztc-mp4y39uuq68b3c,https://shopee.vn/Giỏ-Quà-Tặng-Sinh-Nhật-Quà-Tặng-Tốt-Nghiệp-Hoa-Gấu-Bông-Cao-Cấp-Ý-Nghĩa-Tặng-Bạn-Bè-Người-Yêu-HALLABOX-i.449089458.41528322676?extraParams=%7B%22display_model_id%22%3A320482548560%2C%22model_selection_logic%22%3A3%7D
558,HALLABOX,Thành phố Hồ Chí Minh,https://shopee.vn/search?shop=449089458,"Set Quà Tặng Sinh Nhật Cho Nữ, Quà Tặng Tốt Nghiệp, Quà Kỷ Niệm Ý Nghĩa Thiết Thiết Thực Sách & Ly Thủy Tinh HALLABOX",316.550 ₫,"Đặc sản chất lượng - Set Quà Tặng Sinh Nhật Cho Nữ, Quà Tặng Tốt Nghiệp, Quà Kỷ Niệm Ý Nghĩa Thiết Thiết Thực Sách & Ly Thủy Tinh HALLABOX",https://down-vn.img.susercontent.com/file/vn-11134207-81ztc-mo9nuc9zqnf340,https://shopee.vn/Set-Quà-Tặng-Sinh-Nhật-Cho-Nữ-Quà-Tặng-Tốt-Nghiệp-Quà-Kỷ-Niệm-Ý-Nghĩa-Thiết-Thiết-Thực-Sách-Ly-Thủy-Tinh-HALLABOX-i.449089458.40627718902?extraParams=%7B%22display_model_id%22%3A325386963437%2C%22model_selection_logic%22%3A3%7D
559,HALLABOX,Thành phố Hồ Chí Minh,https://shopee.vn/search?shop=449089458,"(Có gói quà, nhiều mẫu) Ly Thủy Tinh 500ml Kèm Ống hút & Lót ly Trendy Cao Cấp Chịu Nhiệt  HALLABOX",174.050 ₫,"Đặc sản chất lượng - (Có gói quà, nhiều mẫu) Ly Thủy Tinh 500ml Kèm Ống hút & Lót ly Trendy Cao Cấp Chịu Nhiệt  HALLABOX",https://down-vn.img.susercontent.com/file/vn-11134207-81ztc-mp56ghlr4x6ob7,https://shopee.vn/(Có-gói-quà-nhiều-mẫu)-Ly-Thủy-Tinh-500ml-Kèm-Ống-hút-Lót-ly-Trendy-Cao-Cấp-Chịu-Nhiệt-HALLABOX-i.449089458.56460619205?extraParams=%7B%22display_model_id%22%3A346007792664%2C%22model_selection_logic%22%3A3%7D
560,HALLABOX,Thành phố Hồ Chí Minh,https://shopee.vn/search?shop=449089458,"(Có gói quà) Ly Thủy Tinh Tên Riêng Theo Yêu Cầu 500ml Kèm Ống hút & Lót ly Cao Cấp Chịu Nhiệt, làm quà tặng HALLABOX",193.050 ₫,"Đặc sản chất lượng - (Có gói quà) Ly Thủy Tinh Tên Riêng Theo Yêu Cầu 500ml Kèm Ống hút & Lót ly Cao Cấp Chịu Nhiệt, làm quà tặng HALLABOX",https://down-vn.img.susercontent.com/file/vn-11134207-81ztc-mp12d71ywpou66,https://shopee.vn/(Có-gói-quà)-Ly-Thủy-Tinh-Tên-Riêng-Theo-Yêu-Cầu-500ml-Kèm-Ống-hút-Lót-ly-Cao-Cấp-Chịu-Nhiệt-làm-quà-tặng-HALLABOX-i.449089458.50661620700?extraParams=%7B%22display_model_id%22%3A421008881986%2C%22model_selection_logic%22%3A3%7D
561,HALLABOX,Thành phố Hồ Chí Minh,https://shopee.vn/search?shop=449089458,Ly Thủy Tinh 500ml Kèm Ống hút & Lót ly Trendy Cao Cấp Chịu Nhiệt Enjoy The Little Things HALLABOX,174.050 ₫,Đặc sản chất lượng - Ly Thủy Tinh 500ml Kèm Ống hút & Lót ly Trendy Cao Cấp Chịu Nhiệt Enjoy The Little Things HALLABOX,https://down-vn.img.susercontent.com/file/vn-11134207-81ztc-mob4d3fh0etr67,https://shopee.vn/Ly-Thủy-Tinh-500ml-Kèm-Ống-hút-Lót-ly-Trendy-Cao-Cấp-Chịu-Nhiệt-Enjoy-The-Little-Things-HALLABOX-i.449089458.27944836583?extraParams=%7B%22display_model_id%22%3A340930656095%2C%22model_selection_logic%22%3A3%7D
562,HALLABOX,Thành phố Hồ Chí Minh,https://shopee.vn/search?shop=449089458,"Set quà tặng cho nữ, quà sinh nhật, quà kỷ niệm, quà tặng khách hàng, độc đáo tặng bạn bè khách hàng HALLABOX",193.050 ₫,"Đặc sản chất lượng - Set quà tặng cho nữ, quà sinh nhật, quà kỷ niệm, quà tặng khách hàng, độc đáo tặng bạn bè khách hàng HALLABOX",https://down-vn.img.susercontent.com/file/vn-11134207-81ztc-mp2bx0fl2rdaa2,https://shopee.vn/Set-quà-tặng-cho-nữ-quà-sinh-nhật-quà-kỷ-niệm-quà-tặng-khách-hàng-độc-đáo-tặng-bạn-bè-khách-hàng-HALLABOX-i.449089458.56301952948?extraParams=%7B%22display_model_id%22%3A326046423584%2C%22model_selection_logic%22%3A3%7D
563,HALLABOX,Thành phố Hồ Chí Minh,https://shopee.vn/search?shop=449089458,"Set Quà Sinh Nhật, Quà Kỷ Niệm, Qùa Tặng Tốt Nghiệp Sách và Gấu Bông Tặng Bạn Bè Người Yêu Cao Cấp Ý Nghĩa HALLABOX",316.550 ₫,"Đặc sản chất lượng - Set Quà Sinh Nhật, Quà Kỷ Niệm, Qùa Tặng Tốt Nghiệp Sách và Gấu Bông Tặng Bạn Bè Người Yêu Cao Cấp Ý Nghĩa HALLABOX",https://down-vn.img.susercontent.com/file/vn-11134207-820l4-mi7jitqpab5v55,https://shopee.vn/Set-Quà-Sinh-Nhật-Quà-Kỷ-Niệm-Qùa-Tặng-Tốt-Nghiệp-Sách-và-Gấu-Bông-Tặng-Bạn-Bè-Người-Yêu-Cao-Cấp-Ý-Nghĩa-HALLABOX-i.449089458.44802001167?extraParams=%7B%22display_model_id%22%3A325193789358%2C%22model_selection_logic%22%3A3%7D
564,HALLABOX,Thành phố Hồ Chí Minh,https://shopee.vn/search?shop=449089458,"Quà tặng, quà kỷ niệm, quà sinh nhật, quà tặng giáng sinh Noel giỏ cây nấm dễ thương tặng người yêu bạn bè Hallabox",174.050 ₫,"Đặc sản chất lượng - Quà tặng, quà kỷ niệm, quà sinh nhật, quà tặng giáng sinh Noel giỏ cây nấm dễ thương tặng người yêu bạn bè Hallabox",https://down-vn.img.susercontent.com/file/vn-11134207-820l4-mfgfsa4i4wln42,https://shopee.vn/Quà-tặng-quà-kỷ-niệm-quà-sinh-nhật-quà-tặng-giáng-sinh-Noel-giỏ-cây-nấm-dễ-thương-tặng-người-yêu-bạn-bè-Hallabox-i.449089458.40772956121?extraParams=%7B%22display_model_id%22%3A425353719378%2C%22model_selection_logic%22%3A3%7D
565,TAG Music | Southern Viet Nam,Thành phố Hồ Chí Minh,https://shopee.vn/search?shop=179835,Túi đựng/Bao đàn Guitar Điện ZIZU 750E 6 lớp cao cấp chất lượng cao bảo vệ đàn tuyệt đối,899.000 ₫,Đặc sản chất lượng - Túi đựng/Bao đàn Guitar Điện ZIZU 750E 6 lớp cao cấp chất lượng cao bảo vệ đàn tuyệt đối,https://down-vn.img.susercontent.com/file/aea4b5334a2759bfe0e7a1da51dd48a0,https://shopee.vn/Túi-đựng-Bao-đàn-Guitar-Điện-ZIZU-750E-6-lớp-cao-cấp-chất-lượng-cao-bảo-vệ-đàn-tuyệt-đối-i.179835.17201965175?extraParams=%7B%22display_model_id%22%3A245545535444%2C%22model_selection_logic%22%3A3%7D
566,TAG Music | Southern Viet Nam,Thành phố Hồ Chí Minh,https://shopee.vn/search?shop=179835,"Dây nylon đàn Guitar Classic Hannabach 815MT, Silver Special, Medium Tension, Made in Germany (Đức)",529.000 ₫,"Đặc sản chất lượng - Dây nylon đàn Guitar Classic Hannabach 815MT, Silver Special, Medium Tension, Made in Germany (Đức)",https://down-vn.img.susercontent.com/file/31e8c31f28f7839ebb7edbd3133a8cf7,https://shopee.vn/Dây-nylon-đàn-Guitar-Classic-Hannabach-815MT-Silver-Special-Medium-Tension-Made-in-Germany-(Đức)-i.179835.14732420775?extraParams=%7B%22display_model_id%22%3A302629331272%2C%22model_selection_logic%22%3A3%7D
567,TAG Music | Southern Viet Nam,Thành phố Hồ Chí Minh,https://shopee.vn/search?shop=179835,Dây nylon đàn Guitar Classic SAVAREZ 510CR/ NEW CRISTAL CANTIGA/ NORMAL TENSION chính hãng France (EU),429.000 ₫,Đặc sản chất lượng - Dây nylon đàn Guitar Classic SAVAREZ 510CR/ NEW CRISTAL CANTIGA/ NORMAL TENSION chính hãng France (EU),https://down-vn.img.susercontent.com/file/4c46f6b0a5c1c230076712d2ddb82b06,https://shopee.vn/Dây-nylon-đàn-Guitar-Classic-SAVAREZ-510CR-NEW-CRISTAL-CANTIGA-NORMAL-TENSION-chính-hãng-France-(EU)-i.179835.10180545995?extraParams=%7B%22display_model_id%22%3A133348663176%2C%22model_selection_logic%22%3A3%7D
568,TAG Music | Southern Viet Nam,Thành phố Hồ Chí Minh,https://shopee.vn/search?shop=179835,Combo 3 Pick Phím Gảy Guitar JOYO 1.5mm,18.000 ₫,Đặc sản chất lượng - Combo 3 Pick Phím Gảy Guitar JOYO 1.5mm,https://down-vn.img.susercontent.com/file/vn-11134207-7qukw-lfjqg2wipd38b4,https://shopee.vn/Combo-3-Pick-Phím-Gảy-Guitar-JOYO-1.5mm-i.179835.20278478858?extraParams=%7B%22display_model_id%22%3A156810981988%2C%22model_selection_logic%22%3A3%7D
569,TAG Music | Southern Viet Nam,Thành phố Hồ Chí Minh,https://shopee.vn/search?shop=179835,Dây Jack Đàn Guitar Giant Sử Dụng Cho Nhiều Nhạc Cụ,157.410 ₫,Đặc sản chất lượng - Dây Jack Đàn Guitar Giant Sử Dụng Cho Nhiều Nhạc Cụ,https://down-vn.img.susercontent.com/file/vn-11134201-23030-bi75k0vqfuovd0,https://shopee.vn/Dây-Jack-Đàn-Guitar-Giant-Sử-Dụng-Cho-Nhiều-Nhạc-Cụ-i.179835.22433263373?extraParams=%7B%22display_model_id%22%3A176176457089%2C%22model_selection_logic%22%3A3%7D
570,TAG Music | Southern Viet Nam,Thành phố Hồ Chí Minh,https://shopee.vn/search?shop=179835,Tambourine/ Trống Gõ Bo Lắc Tay Logo Yamaha Kim Loại Cao Cấp Đi Kèm Chìa Khoá,270.000 ₫,Đặc sản chất lượng - Tambourine/ Trống Gõ Bo Lắc Tay Logo Yamaha Kim Loại Cao Cấp Đi Kèm Chìa Khoá,https://down-vn.img.susercontent.com/file/vn-11134207-7qukw-lj4ccgqiuxvwe4,https://shopee.vn/Tambourine-Trống-Gõ-Bo-Lắc-Tay-Logo-Yamaha-Kim-Loại-Cao-Cấp-Đi-Kèm-Chìa-Khoá-i.179835.20590685787?extraParams=%7B%22display_model_id%22%3A275672670185%2C%22model_selection_logic%22%3A3%7D
571,TAG Music | Southern Viet Nam,Thành phố Hồ Chí Minh,https://shopee.vn/search?shop=179835,"Guitar Strap, dây đeo đàn Guitar Ernie Ball Basic nhiều màu sắc chính hãng USA (Mỹ)",229.000 ₫,"Đặc sản chất lượng - Guitar Strap, dây đeo đàn Guitar Ernie Ball Basic nhiều màu sắc chính hãng USA (Mỹ)",https://down-vn.img.susercontent.com/file/vn-11134207-7qukw-lhdd1ick7j1u87,https://shopee.vn/Guitar-Strap-dây-đeo-đàn-Guitar-Ernie-Ball-Basic-nhiều-màu-sắc-chính-hãng-USA-(Mỹ)-i.179835.19214898668?extraParams=%7B%22display_model_id%22%3A180830740010%2C%22model_selection_logic%22%3A3%7D
572,TAG Music | Southern Viet Nam,Thành phố Hồ Chí Minh,https://shopee.vn/search?shop=179835,Dây sắt đàn Guitar Acoustic Elixir 16002 Nanoweb Phosphor Bronze Size 10-47 chính hãng USA,529.000 ₫,Đặc sản chất lượng - Dây sắt đàn Guitar Acoustic Elixir 16002 Nanoweb Phosphor Bronze Size 10-47 chính hãng USA,https://down-vn.img.susercontent.com/file/vn-11134207-820l4-mjxxm8i7gy6b74,https://shopee.vn/Dây-sắt-đàn-Guitar-Acoustic-Elixir-16002-Nanoweb-Phosphor-Bronze-Size-10-47-chính-hãng-USA-i.179835.15925131351?extraParams=%7B%22display_model_id%22%3A123218872681%2C%22model_selection_logic%22%3A3%7D
573,TAG Music | Southern Viet Nam,Thành phố Hồ Chí Minh,https://shopee.vn/search?shop=179835,"Bộ khoá đàn Guitar Classic DerJung DJ105, DJ315, DJ405 cao cấp chính hãng",319.000 ₫,"Đặc sản chất lượng - Bộ khoá đàn Guitar Classic DerJung DJ105, DJ315, DJ405 cao cấp chính hãng",https://down-vn.img.susercontent.com/file/vn-11134207-820l4-mh5rat8b6ivjd5,https://shopee.vn/Bộ-khoá-đàn-Guitar-Classic-DerJung-DJ105-DJ315-DJ405-cao-cấp-chính-hãng-i.179835.14734822594?extraParams=%7B%22display_model_id%22%3A151640150552%2C%22model_selection_logic%22%3A3%7D
574,TAG Music | Southern Viet Nam,Thành phố Hồ Chí Minh,https://shopee.vn/search?shop=179835,"EQ, Pickup Guitar Rời KQ3 Gắn Lỗ Thoát Âm Không Đục Thùng",202.950 ₫,"Đặc sản chất lượng - EQ, Pickup Guitar Rời KQ3 Gắn Lỗ Thoát Âm Không Đục Thùng",https://down-vn.img.susercontent.com/file/vn-11134207-7r98o-ln5c7x58jlqw48,https://shopee.vn/EQ-Pickup-Guitar-Rời-KQ3-Gắn-Lỗ-Thoát-Âm-Không-Đục-Thùng-i.179835.23700681745?extraParams=%7B%22display_model_id%22%3A212781072252%2C%22model_selection_logic%22%3A3%7D
575,hu72vf5zw0,Thành phố Hà Nội,https://shopee.vn/search?shop=436817733,"Quạt vải vẽ tay phong cảnh , áo dài Việt Nam - Quà tặng Việt Nam - fan",20.000 ₫,"Đặc sản chất lượng - Quạt vải vẽ tay phong cảnh , áo dài Việt Nam - Quà tặng Việt Nam - fan",https://down-vn.img.susercontent.com/file/vn-11134207-7r98o-lxyzzvw1pk2hb1,https://shopee.vn/Quạt-vải-vẽ-tay-phong-cảnh-áo-dài-Việt-Nam-Quà-tặng-Việt-Nam-fan-i.436817733.23146395201?extraParams=%7B%22display_model_id%22%3A196837266617%2C%22model_selection_logic%22%3A3%7D
576,hu72vf5zw0,Thành phố Hà Nội,https://shopee.vn/search?shop=436817733,Đĩa đựng trái cây đồ ăn bằng vỏ trai - kệ để trang sức,95.000 ₫,Đặc sản chất lượng - Đĩa đựng trái cây đồ ăn bằng vỏ trai - kệ để trang sức,https://down-vn.img.susercontent.com/file/vn-11134207-7r98o-lynunafn7t7l23,https://shopee.vn/Đĩa-đựng-trái-cây-đồ-ăn-bằng-vỏ-trai-kệ-để-trang-sức-i.436817733.9578294559?extraParams=%7B%22display_model_id%22%3A111015836140%2C%22model_selection_logic%22%3A3%7D
577,hu72vf5zw0,Thành phố Hà Nội,https://shopee.vn/search?shop=436817733,"Cốc tre vẽ tay hình cô gái , phong cảnh Việt Nam - cắm bút tre - quà tặng lưu niệm",70.000 ₫,"Đặc sản chất lượng - Cốc tre vẽ tay hình cô gái , phong cảnh Việt Nam - cắm bút tre - quà tặng lưu niệm",https://down-vn.img.susercontent.com/file/vn-11134207-7r98o-lwa68ct408gp65,https://shopee.vn/Cốc-tre-vẽ-tay-hình-cô-gái-phong-cảnh-Việt-Nam-cắm-bút-tre-quà-tặng-lưu-niệm-i.436817733.23939103038?extraParams=%7B%22display_model_id%22%3A99441814806%2C%22model_selection_logic%22%3A3%7D
578,hu72vf5zw0,Thành phố Hà Nội,https://shopee.vn/search?shop=436817733,Lót ly sứ mây tre đan thủ công hình áo dài và hoa - quà tặng lưu niệm - Coaster,23.000 ₫,Đặc sản chất lượng - Lót ly sứ mây tre đan thủ công hình áo dài và hoa - quà tặng lưu niệm - Coaster,https://down-vn.img.susercontent.com/file/vn-11134207-7r98o-ltxyfet6qqlb71,https://shopee.vn/Lót-ly-sứ-mây-tre-đan-thủ-công-hình-áo-dài-và-hoa-quà-tặng-lưu-niệm-Coaster-i.436817733.21878602601?extraParams=%7B%22display_model_id%22%3A221485676760%2C%22model_selection_logic%22%3A3%7D
579,hu72vf5zw0,Thành phố Hà Nội,https://shopee.vn/search?shop=436817733,"Túi vải cotton dây rút thêu cô gái áo dài Việt Nam, hoa xinh các size - túi đựng quà tặng",15.000 ₫,"Đặc sản chất lượng - Túi vải cotton dây rút thêu cô gái áo dài Việt Nam, hoa xinh các size - túi đựng quà tặng",https://down-vn.img.susercontent.com/file/vn-11134207-7r98o-lwayzqtyarx7b3,https://shopee.vn/Túi-vải-cotton-dây-rút-thêu-cô-gái-áo-dài-Việt-Nam-hoa-xinh-các-size-túi-đựng-quà-tặng-i.436817733.22643540232?extraParams=%7B%22display_model_id%22%3A127592016724%2C%22model_selection_logic%22%3A3%7D
580,hu72vf5zw0,Thành phố Hà Nội,https://shopee.vn/search?shop=436817733,"Nam châm dính tủ lạnh bằng giấy cuộn thủ công lưu niệm Việt Nam, hít tủ lạnh - fridge magnet",18.000 ₫,"Đặc sản chất lượng - Nam châm dính tủ lạnh bằng giấy cuộn thủ công lưu niệm Việt Nam, hít tủ lạnh - fridge magnet",https://down-vn.img.susercontent.com/file/vn-11134207-7r98o-lxnkob6rdc6308,https://shopee.vn/Nam-châm-dính-tủ-lạnh-bằng-giấy-cuộn-thủ-công-lưu-niệm-Việt-Nam-hít-tủ-lạnh-fridge-magnet-i.436817733.16593222331?extraParams=%7B%22display_model_id%22%3A256035606345%2C%22model_selection_logic%22%3A3%7D
581,hu72vf5zw0,Thành phố Hà Nội,https://shopee.vn/search?shop=436817733,Túi thổ cẩm đeo chéo đựng điện thoại 14/20 cm - made in Việt Nam,23.000 ₫,Đặc sản chất lượng - Túi thổ cẩm đeo chéo đựng điện thoại 14/20 cm - made in Việt Nam,https://down-vn.img.susercontent.com/file/vn-11134207-7r98o-lxlzsc5pr5jv28,https://shopee.vn/Túi-thổ-cẩm-đeo-chéo-đựng-điện-thoại-14-20-cm-made-in-Việt-Nam-i.436817733.21381305066?extraParams=%7B%22display_model_id%22%3A118942511245%2C%22model_selection_logic%22%3A3%7D
582,hu72vf5zw0,Thành phố Hà Nội,https://shopee.vn/search?shop=436817733,Thìa cafe làm từ vỏ trai cán ốc xà cừ xuất Nhật - Muỗng cà phê,45.000 ₫,Đặc sản chất lượng - Thìa cafe làm từ vỏ trai cán ốc xà cừ xuất Nhật - Muỗng cà phê,https://down-vn.img.susercontent.com/file/vn-11134207-7r98o-lypha33uomn5cf,https://shopee.vn/Thìa-cafe-làm-từ-vỏ-trai-cán-ốc-xà-cừ-xuất-Nhật-Muỗng-cà-phê-i.436817733.21707379203?extraParams=%7B%22display_model_id%22%3A200421319426%2C%22model_selection_logic%22%3A3%7D
583,hu72vf5zw0,Thành phố Hà Nội,https://shopee.vn/search?shop=436817733,Nam châm dán tủ lạnh đôi búp bê áo dài bằng sứ - hít tủ lạnh - quà tặng Việt Nam,18.000 ₫,Đặc sản chất lượng - Nam châm dán tủ lạnh đôi búp bê áo dài bằng sứ - hít tủ lạnh - quà tặng Việt Nam,https://down-vn.img.susercontent.com/file/vn-11134207-7ra0g-m89apygpc7sy5d,https://shopee.vn/Nam-châm-dán-tủ-lạnh-đôi-búp-bê-áo-dài-bằng-sứ-hít-tủ-lạnh-quà-tặng-Việt-Nam-i.436817733.22436270710?extraParams=%7B%22display_model_id%22%3A214147469732%2C%22model_selection_logic%22%3A3%7D
584,hu72vf5zw0,Thành phố Hà Nội,https://shopee.vn/search?shop=436817733,"Đĩa đựng hoa quả , thực phẩm bằng vỏ trai hồng - kệ để trang sức",73.000 ₫,"Đặc sản chất lượng - Đĩa đựng hoa quả , thực phẩm bằng vỏ trai hồng - kệ để trang sức",https://down-vn.img.susercontent.com/file/vn-11134207-7r98o-lynunaf2vz2lc5,https://shopee.vn/Đĩa-đựng-hoa-quả-thực-phẩm-bằng-vỏ-trai-hồng-kệ-để-trang-sức-i.436817733.11608418112?extraParams=%7B%22display_model_id%22%3A75732925791%2C%22model_selection_logic%22%3A3%7D
585,TIỆM QUÀ FUTI,Thành phố Hồ Chí Minh,https://shopee.vn/search?shop=1649864012,"Sáp Thơm Hoa Khô Tinh Dầu Futi Dùng Treo Tủ Quần Áo, Khử Mùi Không Khí Thơm Phòng",28.000 ₫,"Đặc sản chất lượng - Sáp Thơm Hoa Khô Tinh Dầu Futi Dùng Treo Tủ Quần Áo, Khử Mùi Không Khí Thơm Phòng",https://down-vn.img.susercontent.com/file/vn-11134207-81ztc-ml5yaagiskcj75,https://shopee.vn/Sáp-Thơm-Hoa-Khô-Tinh-Dầu-Futi-Dùng-Treo-Tủ-Quần-Áo-Khử-Mùi-Không-Khí-Thơm-Phòng-i.1649864012.47555426109?extraParams=%7B%22display_model_id%22%3A380643416422%2C%22model_selection_logic%22%3A3%7D
586,TIỆM QUÀ FUTI,Thành phố Hồ Chí Minh,https://shopee.vn/search?shop=1649864012,"PostCard Viết tay, Thiệp Giấy In Hình Valentine, Thiệp Viết Tay Đáng Yêu Ghi Lời Chúc",7.000 ₫,"Đặc sản chất lượng - PostCard Viết tay, Thiệp Giấy In Hình Valentine, Thiệp Viết Tay Đáng Yêu Ghi Lời Chúc",https://down-vn.img.susercontent.com/file/vn-11134207-820l4-mjuz8kdmx69ve4,https://shopee.vn/PostCard-Viết-tay-Thiệp-Giấy-In-Hình-Valentine-Thiệp-Viết-Tay-Đáng-Yêu-Ghi-Lời-Chúc-i.1649864012.43678374963?extraParams=%7B%22display_model_id%22%3A395492605512%2C%22model_selection_logic%22%3A3%7D
587,TIỆM QUÀ FUTI,Thành phố Hồ Chí Minh,https://shopee.vn/search?shop=1649864012,"[QUÀ TẶNG] Giấy Chứng Nhận Tình Yêu, Giấy Cam Kết Yêu Thương Tặng Người Yêu Dịp Valentine, Kỷ Niệm",20.000 ₫,"Đặc sản chất lượng - [QUÀ TẶNG] Giấy Chứng Nhận Tình Yêu, Giấy Cam Kết Yêu Thương Tặng Người Yêu Dịp Valentine, Kỷ Niệm",https://down-vn.img.susercontent.com/file/vn-11134207-820l4-mjpfs3b99zb675,https://shopee.vn/-QUÀ-TẶNG-Giấy-Chứng-Nhận-Tình-Yêu-Giấy-Cam-Kết-Yêu-Thương-Tặng-Người-Yêu-Dịp-Valentine-Kỷ-Niệm-i.1649864012.45355426293?extraParams=%7B%22display_model_id%22%3A430492601743%2C%22model_selection_logic%22%3A3%7D
588,TIỆM QUÀ FUTI,Thành phố Hồ Chí Minh,https://shopee.vn/search?shop=1649864012,"Lọ Quà Tặng Chữa Lành, Lọ Vitamin Love, Gửi Gắm Yêu Thương - Quà Tặng Người Yêu, Bạn Gái",52.000 ₫,"Đặc sản chất lượng - Lọ Quà Tặng Chữa Lành, Lọ Vitamin Love, Gửi Gắm Yêu Thương - Quà Tặng Người Yêu, Bạn Gái",https://down-vn.img.susercontent.com/file/vn-11134207-7r98o-lxxv5a7lhhaxa2,https://shopee.vn/Lọ-Quà-Tặng-Chữa-Lành-Lọ-Vitamin-Love-Gửi-Gắm-Yêu-Thương-Quà-Tặng-Người-Yêu-Bạn-Gái-i.1649864012.51605402570?extraParams=%7B%22display_model_id%22%3A340735952824%2C%22model_selection_logic%22%3A3%7D
589,TIỆM QUÀ FUTI,Thành phố Hồ Chí Minh,https://shopee.vn/search?shop=1649864012,"Túi Phước Omamori May Mắn - Túi Gấm Thêu Nhật Bản Thu Hút Tài Lộc, Tình Yêu, Mang Theo Hàng Ngày",40.000 ₫,"Đặc sản chất lượng - Túi Phước Omamori May Mắn - Túi Gấm Thêu Nhật Bản Thu Hút Tài Lộc, Tình Yêu, Mang Theo Hàng Ngày",https://down-vn.img.susercontent.com/file/vn-11134207-81ztc-mo0trjmxr18l4f,https://shopee.vn/Túi-Phước-Omamori-May-Mắn-Túi-Gấm-Thêu-Nhật-Bản-Thu-Hút-Tài-Lộc-Tình-Yêu-Mang-Theo-Hàng-Ngày-i.1649864012.41930677974?extraParams=%7B%22display_model_id%22%3A49955394030%2C%22model_selection_logic%22%3A3%7D
590,TIỆM QUÀ FUTI,Thành phố Hồ Chí Minh,https://shopee.vn/search?shop=1649864012,"Hộp Quà Tặng Ly Sứ Và Móc Khóa Gấu, Quà Tặng Tốt Nghiệp, Sinh Nhật Người Yêu Grad Box",35.000 ₫,"Đặc sản chất lượng - Hộp Quà Tặng Ly Sứ Và Móc Khóa Gấu, Quà Tặng Tốt Nghiệp, Sinh Nhật Người Yêu Grad Box",https://down-vn.img.susercontent.com/file/vn-11134207-81ztc-mmvfie0c9zicf3,https://shopee.vn/Hộp-Quà-Tặng-Ly-Sứ-Và-Móc-Khóa-Gấu-Quà-Tặng-Tốt-Nghiệp-Sinh-Nhật-Người-Yêu-Grad-Box-i.1649864012.48505426072?extraParams=%7B%22display_model_id%22%3A435736633531%2C%22model_selection_logic%22%3A3%7D
591,TIỆM QUÀ FUTI,Thành phố Hồ Chí Minh,https://shopee.vn/search?shop=1649864012,"Linh Phù Tây Tạng - Túi Phước May Mắn, Cầu Bình An, Tài Lộc",35.000 ₫,"Đặc sản chất lượng - Linh Phù Tây Tạng - Túi Phước May Mắn, Cầu Bình An, Tài Lộc",https://down-vn.img.susercontent.com/file/vn-11134207-81ztc-mp7ffg636cjz81,https://shopee.vn/Linh-Phù-Tây-Tạng-Túi-Phước-May-Mắn-Cầu-Bình-An-Tài-Lộc-i.1649864012.51960886410?extraParams=%7B%22display_model_id%22%3A395950310413%2C%22model_selection_logic%22%3A3%7D
592,TIỆM QUÀ FUTI,Thành phố Hồ Chí Minh,https://shopee.vn/search?shop=1649864012,Túi Giấy Xi Măng Giấy Dày - Túi Giấy Kraft đựng có quai Đựng Hộp Quà,9.000 ₫,Đặc sản chất lượng - Túi Giấy Xi Măng Giấy Dày - Túi Giấy Kraft đựng có quai Đựng Hộp Quà,https://down-vn.img.susercontent.com/file/vn-11134207-7r98o-lxamogvbzftn3c,https://shopee.vn/Túi-Giấy-Xi-Măng-Giấy-Dày-Túi-Giấy-Kraft-đựng-có-quai-Đựng-Hộp-Quà-i.1649864012.56155393134?extraParams=%7B%22display_model_id%22%3A330793291808%2C%22model_selection_logic%22%3A3%7D
593,TIỆM QUÀ FUTI,Thành phố Hồ Chí Minh,https://shopee.vn/search?shop=1649864012,"Sáp Thơm Tinh Dầu, Treo Tủ Quần Áo, Ô Tô, Nhà Vệ Sinh, Khử Mùi, Thư Giãn, Sáp Hoa Khô Handmade",22.000 ₫,"Đặc sản chất lượng - Sáp Thơm Tinh Dầu, Treo Tủ Quần Áo, Ô Tô, Nhà Vệ Sinh, Khử Mùi, Thư Giãn, Sáp Hoa Khô Handmade",https://down-vn.img.susercontent.com/file/vn-11134207-81ztc-mlvw564nptds48,https://shopee.vn/Sáp-Thơm-Tinh-Dầu-Treo-Tủ-Quần-Áo-Ô-Tô-Nhà-Vệ-Sinh-Khử-Mùi-Thư-Giãn-Sáp-Hoa-Khô-Handmade-i.1649864012.46755417941?extraParams=%7B%22display_model_id%22%3A330492584727%2C%22model_selection_logic%22%3A3%7D
594,TIỆM QUÀ FUTI,Thành phố Hồ Chí Minh,https://shopee.vn/search?shop=1649864012,"Que Khuếch Tán Tinh Dầu Làm Thơm Phòng, Que Mây Tự Nhiên Giúp Khử Mùi Tỏa Hương Xa",9.000 ₫,"Đặc sản chất lượng - Que Khuếch Tán Tinh Dầu Làm Thơm Phòng, Que Mây Tự Nhiên Giúp Khử Mùi Tỏa Hương Xa",https://down-vn.img.susercontent.com/file/vn-11134207-7qukw-lgrig2ftcoj6a9,https://shopee.vn/Que-Khuếch-Tán-Tinh-Dầu-Làm-Thơm-Phòng-Que-Mây-Tự-Nhiên-Giúp-Khử-Mùi-Tỏa-Hương-Xa-i.1649864012.47555413427?extraParams=%7B%22display_model_id%22%3A375492557949%2C%22model_selection_logic%22%3A3%7D
595,@ANAN,Thành phố Hà Nội,https://shopee.vn/search?shop=1188180459,Bộ sưu tập mô hình chibi anime Kiếm Lai các nhân vật Sword Come Trần Bình An Ninh Diêu A Lương Thôi Đông Sơn R19,250.000 ₫,Đặc sản chất lượng - Bộ sưu tập mô hình chibi anime Kiếm Lai các nhân vật Sword Come Trần Bình An Ninh Diêu A Lương Thôi Đông Sơn R19,https://down-vn.img.susercontent.com/file/vn-11134207-81ztc-ml58uo5nzmkib0,https://shopee.vn/Bộ-sưu-tập-mô-hình-chibi-anime-Kiếm-Lai-các-nhân-vật-Sword-Come-Trần-Bình-An-Ninh-Diêu-A-Lương-Thôi-Đông-Sơn-R19-i.1188180459.55356451315?extraParams=%7B%22display_model_id%22%3A425580982676%2C%22model_selection_logic%22%3A3%7D
596,@ANAN,Thành phố Hà Nội,https://shopee.vn/search?shop=1188180459,Móc khóa ngọc vô sự bài kiếm lai tuế tuế bình an khắc chữ kèm dây tủa rua xanh cổ trang quà lưu niệm R1,115.000 ₫,Đặc sản chất lượng - Móc khóa ngọc vô sự bài kiếm lai tuế tuế bình an khắc chữ kèm dây tủa rua xanh cổ trang quà lưu niệm R1,https://down-vn.img.susercontent.com/file/vn-11134207-7ra0g-m6b8lu5j2gw3b5,https://shopee.vn/Móc-khóa-ngọc-vô-sự-bài-kiếm-lai-tuế-tuế-bình-an-khắc-chữ-kèm-dây-tủa-rua-xanh-cổ-trang-quà-lưu-niệm-R1-i.1188180459.27526360600?extraParams=%7B%22display_model_id%22%3A198218324363%2C%22model_selection_logic%22%3A3%7D
597,@ANAN,Thành phố Hà Nội,https://shopee.vn/search?shop=1188180459,Artbook Kiếm Lai tranh màu Sword Comes phiên bản sưu tập chính thức từ anime tiểu thuyết gốc Phong Hỏa Hí Chư Hầu,400.000 ₫,Đặc sản chất lượng - Artbook Kiếm Lai tranh màu Sword Comes phiên bản sưu tập chính thức từ anime tiểu thuyết gốc Phong Hỏa Hí Chư Hầu,https://down-vn.img.susercontent.com/file/vn-11134207-820l4-mj6zni3nvxttc4,https://shopee.vn/Artbook-Kiếm-Lai-tranh-màu-Sword-Comes-phiên-bản-sưu-tập-chính-thức-từ-anime-tiểu-thuyết-gốc-Phong-Hỏa-Hí-Chư-Hầu-i.1188180459.48754317744?extraParams=%7B%22display_model_id%22%3A365403322849%2C%22model_selection_logic%22%3A3%7D
598,@ANAN,Thành phố Hà Nội,https://shopee.vn/search?shop=1188180459,Cuốn sổ tay Kiếm Lai quà lưu niệm sưu tập ghi chép tặng kèm thẻ bài kẹp sách R05,200.000 ₫,Đặc sản chất lượng - Cuốn sổ tay Kiếm Lai quà lưu niệm sưu tập ghi chép tặng kèm thẻ bài kẹp sách R05,https://down-vn.img.susercontent.com/file/vn-11134207-7ras8-manwywoq5b4c52,https://shopee.vn/Cuốn-sổ-tay-Kiếm-Lai-quà-lưu-niệm-sưu-tập-ghi-chép-tặng-kèm-thẻ-bài-kẹp-sách-R05-i.1188180459.29687267398?extraParams=%7B%22display_model_id%22%3A168950150840%2C%22model_selection_logic%22%3A3%7D
599,@ANAN,Thành phố Hà Nội,https://shopee.vn/search?shop=1188180459,Trâm ngọc bích khắc chữ nguyên khối quà tặng lưu niệm ý nghĩa châm cài tóc trang sức cổ trang cosplay Kiếm Lai T01,500.000 ₫,Đặc sản chất lượng - Trâm ngọc bích khắc chữ nguyên khối quà tặng lưu niệm ý nghĩa châm cài tóc trang sức cổ trang cosplay Kiếm Lai T01,https://down-vn.img.susercontent.com/file/vn-11134207-7ra0g-m8n4xk6zgf422a,https://shopee.vn/Trâm-ngọc-bích-khắc-chữ-nguyên-khối-quà-tặng-lưu-niệm-ý-nghĩa-châm-cài-tóc-trang-sức-cổ-trang-cosplay-Kiếm-Lai-T01-i.1188180459.26933661897?extraParams=%7B%22display_model_id%22%3A208432082054%2C%22model_selection_logic%22%3A3%7D
600,@ANAN,Thành phố Hà Nội,https://shopee.vn/search?shop=1188180459,Bình hoa gốm sứ 3D thủ công trang trí decor mini để bàn hồng trắng pastel quà lưu niệm đạo cụ phụ kiện PK08,240.000 ₫,Đặc sản chất lượng - Bình hoa gốm sứ 3D thủ công trang trí decor mini để bàn hồng trắng pastel quà lưu niệm đạo cụ phụ kiện PK08,https://down-vn.img.susercontent.com/file/vn-11134207-81ztc-mmharb7idpfn51,https://shopee.vn/Bình-hoa-gốm-sứ-3D-thủ-công-trang-trí-decor-mini-để-bàn-hồng-trắng-pastel-quà-lưu-niệm-đạo-cụ-phụ-kiện-PK08-i.1188180459.51608003064?extraParams=%7B%22display_model_id%22%3A277495310323%2C%22model_selection_logic%22%3A3%7D
601,@ANAN,Thành phố Hà Nội,https://shopee.vn/search?shop=1188180459,Mô hình lắp ráp thuyền gỗ nhỏ tăng trí thông minh trang trí decor bàn lm việc lego thủ công quà tặng sưu tầm DC01,135.000 ₫,Đặc sản chất lượng - Mô hình lắp ráp thuyền gỗ nhỏ tăng trí thông minh trang trí decor bàn lm việc lego thủ công quà tặng sưu tầm DC01,https://down-vn.img.susercontent.com/file/vn-11134207-820l4-mive4bokveo49a,https://shopee.vn/Mô-hình-lắp-ráp-thuyền-gỗ-nhỏ-tăng-trí-thông-minh-trang-trí-decor-bàn-lm-việc-lego-thủ-công-quà-tặng-sưu-tầm-DC01-i.1188180459.44753944617?extraParams=%7B%22display_model_id%22%3A375373945656%2C%22model_selection_logic%22%3A3%7D
602,@ANAN,Thành phố Hà Nội,https://shopee.vn/search?shop=1188180459,Quạt lông công tròn phụ kiện decor đạo cụ trang trí cầm tay cổ điển PK02,256.000 ₫,Đặc sản chất lượng - Quạt lông công tròn phụ kiện decor đạo cụ trang trí cầm tay cổ điển PK02,https://down-vn.img.susercontent.com/file/vn-11134207-820l4-mivez2e6hfr5c6,https://shopee.vn/Quạt-lông-công-tròn-phụ-kiện-decor-đạo-cụ-trang-trí-cầm-tay-cổ-điển-PK02-i.1188180459.42977657488?extraParams=%7B%22display_model_id%22%3A420374084064%2C%22model_selection_logic%22%3A3%7D
603,@ANAN,Thành phố Hà Nội,https://shopee.vn/search?shop=1188180459,Quạt tròn thêu cầm tay cổ điển hán phục Trung Quốc thêu hoa tử vi họa tiết độc đáo quạt cô dâu đạo cụ cán dài PK03,335.000 ₫,Đặc sản chất lượng - Quạt tròn thêu cầm tay cổ điển hán phục Trung Quốc thêu hoa tử vi họa tiết độc đáo quạt cô dâu đạo cụ cán dài PK03,https://down-vn.img.susercontent.com/file/vn-11134207-81ztc-mmh860uh0vep89,https://shopee.vn/Quạt-tròn-thêu-cầm-tay-cổ-điển-hán-phục-Trung-Quốc-thêu-hoa-tử-vi-họa-tiết-độc-đáo-quạt-cô-dâu-đạo-cụ-cán-dài-PK03-i.1188180459.54408002058?extraParams=%7B%22display_model_id%22%3A435710748970%2C%22model_selection_logic%22%3A3%7D
604,@ANAN,Thành phố Hà Nội,https://shopee.vn/search?shop=1188180459,Quạt lông công tròn cầm tay ghim 7 lông thân tre tím mặt sau họa tiết thêu thủ công đính phụ kiện đá độc đáo PK06,400.000 ₫,Đặc sản chất lượng - Quạt lông công tròn cầm tay ghim 7 lông thân tre tím mặt sau họa tiết thêu thủ công đính phụ kiện đá độc đáo PK06,https://down-vn.img.susercontent.com/file/vn-11134207-81ztc-mmh9xw9046ww99,https://shopee.vn/Quạt-lông-công-tròn-cầm-tay-ghim-7-lông-thân-tre-tím-mặt-sau-họa-tiết-thêu-thủ-công-đính-phụ-kiện-đá-độc-đáo-PK06-i.1188180459.52758002575?extraParams=%7B%22display_model_id%22%3A267495411031%2C%22model_selection_logic%22%3A3%7D
605,Hoa sáp Ami Flower,Thành phố Hồ Chí Minh,https://shopee.vn/search?shop=357669443,"[QUÀ TẶNG 8/3 ] Bó hoa sáp thơm AMI FLOWER 10 bông – Tặng kèm túi và thiệp, quà tặng sinh nhật",180.000 ₫,"Đặc sản chất lượng - [QUÀ TẶNG 8/3 ] Bó hoa sáp thơm AMI FLOWER 10 bông – Tặng kèm túi và thiệp, quà tặng sinh nhật",https://down-vn.img.susercontent.com/file/vn-11134207-820l4-mj3liexwg00079,https://shopee.vn/-QUÀ-TẶNG-8-3-Bó-hoa-sáp-thơm-AMI-FLOWER-10-bông-–-Tặng-kèm-túi-và-thiệp-quà-tặng-sinh-nhật-i.357669443.9755765912?extraParams=%7B%22display_model_id%22%3A65462820445%2C%22model_selection_logic%22%3A3%7D
606,Hoa sáp Ami Flower,Thành phố Hồ Chí Minh,https://shopee.vn/search?shop=357669443,🌹 [Hoa sáp] Bó Tiny hồng đất hồng nhạt 🌻🌻🌻,100.000 ₫,Đặc sản chất lượng - 🌹 [Hoa sáp] Bó Tiny hồng đất hồng nhạt 🌻🌻🌻,https://down-vn.img.susercontent.com/file/vn-11134207-820l4-mj3t2rahvwn75e,https://shopee.vn/🌹-Hoa-sáp-Bó-Tiny-hồng-đất-hồng-nhạt-🌻🌻🌻-i.357669443.9537459040?extraParams=%7B%22display_model_id%22%3A91367048607%2C%22model_selection_logic%22%3A3%7D
607,Hoa sáp Ami Flower,Thành phố Hồ Chí Minh,https://shopee.vn/search?shop=357669443,[QUÀ TẶNG SINH NHẬT -QUÀ 20/10 ]Túi hoa sáp thơm 10 bông tặng kèm túi xách và thiệp như ẢNH THẬT,190.000 ₫,Đặc sản chất lượng - [QUÀ TẶNG SINH NHẬT -QUÀ 20/10 ]Túi hoa sáp thơm 10 bông tặng kèm túi xách và thiệp như ẢNH THẬT,https://down-vn.img.susercontent.com/file/vn-11134207-820l4-mj3plsoorh8j4a,https://shopee.vn/-QUÀ-TẶNG-SINH-NHẬT-QUÀ-20-10-Túi-hoa-sáp-thơm-10-bông-tặng-kèm-túi-xách-và-thiệp-như-ẢNH-THẬT-i.357669443.8575597269?extraParams=%7B%22display_model_id%22%3A83295286613%2C%22model_selection_logic%22%3A3%7D
608,Hoa sáp Ami Flower,Thành phố Hồ Chí Minh,https://shopee.vn/search?shop=357669443,"[Quà tặng] Bó hoa kim tuyến 10 bông, tặng kèm túi và thiệp như ẢNH THẬT",250.000 ₫,"Đặc sản chất lượng - [Quà tặng] Bó hoa kim tuyến 10 bông, tặng kèm túi và thiệp như ẢNH THẬT",https://down-vn.img.susercontent.com/file/95ff1cb62df83151356a7dfac3c194dc,https://shopee.vn/-Quà-tặng-Bó-hoa-kim-tuyến-10-bông-tặng-kèm-túi-và-thiệp-như-ẢNH-THẬT-i.357669443.8838644688?extraParams=%7B%22display_model_id%22%3A44697439201%2C%22model_selection_logic%22%3A3%7D
609,Hoa sáp Ami Flower,Thành phố Hồ Chí Minh,https://shopee.vn/search?shop=357669443,"Bó hoa tulip AMI FLOWER cao cấp nhiều màu – Tặng kèm túi và thiệp, quà tặng sinh nhật xinh xắn",260.000 ₫,"Đặc sản chất lượng - Bó hoa tulip AMI FLOWER cao cấp nhiều màu – Tặng kèm túi và thiệp, quà tặng sinh nhật xinh xắn",https://down-vn.img.susercontent.com/file/vn-11134207-820l4-mj3llgqynh1h9c,https://shopee.vn/Bó-hoa-tulip-AMI-FLOWER-cao-cấp-nhiều-màu-–-Tặng-kèm-túi-và-thiệp-quà-tặng-sinh-nhật-xinh-xắn-i.357669443.18729926427?extraParams=%7B%22display_model_id%22%3A211546233008%2C%22model_selection_logic%22%3A3%7D
610,Hoa sáp Ami Flower,Thành phố Hồ Chí Minh,https://shopee.vn/search?shop=357669443,"Bó hoa sáp thơm AMI FLOWER 10 bông cao cấp – Kèm túi giấy, thiệp nhiều màu",190.000 ₫,"Đặc sản chất lượng - Bó hoa sáp thơm AMI FLOWER 10 bông cao cấp – Kèm túi giấy, thiệp nhiều màu",https://down-vn.img.susercontent.com/file/vn-11134207-820l4-mj3pl0sl9blvd2,https://shopee.vn/Bó-hoa-sáp-thơm-AMI-FLOWER-10-bông-cao-cấp-–-Kèm-túi-giấy-thiệp-nhiều-màu-i.357669443.10920579483?extraParams=%7B%22display_model_id%22%3A83679448825%2C%22model_selection_logic%22%3A3%7D
611,Hoa sáp Ami Flower,Thành phố Hồ Chí Minh,https://shopee.vn/search?shop=357669443,Bó Hoa Tốt Nghiệp Hướng Dương Sáp Kèm Gấu Ami Flower,220.000 ₫,Đặc sản chất lượng - Bó Hoa Tốt Nghiệp Hướng Dương Sáp Kèm Gấu Ami Flower,https://down-vn.img.susercontent.com/file/vn-11134207-820l4-mj3rrho1wkche1,https://shopee.vn/Bó-Hoa-Tốt-Nghiệp-Hướng-Dương-Sáp-Kèm-Gấu-Ami-Flower-i.357669443.21283561768?extraParams=%7B%22display_model_id%22%3A216995896645%2C%22model_selection_logic%22%3A3%7D
612,Hoa sáp Ami Flower,Thành phố Hồ Chí Minh,https://shopee.vn/search?shop=357669443,"[Hoa Sáp, Quà Tặng Sinh Nhât, Hoa Chúc Mừng] Giỏ Hoa Sáp Ami Flower Hướng Dương Mix",350.000 ₫,"Đặc sản chất lượng - [Hoa Sáp, Quà Tặng Sinh Nhât, Hoa Chúc Mừng] Giỏ Hoa Sáp Ami Flower Hướng Dương Mix",https://down-vn.img.susercontent.com/file/vn-11134207-820l4-mj3qer5f8pvk80,https://shopee.vn/-Hoa-Sáp-Quà-Tặng-Sinh-Nhât-Hoa-Chúc-Mừng-Giỏ-Hoa-Sáp-Ami-Flower-Hướng-Dương-Mix-i.357669443.18562067136?extraParams=%7B%22display_model_id%22%3A183176529934%2C%22model_selection_logic%22%3A3%7D
613,Hoa sáp Ami Flower,Thành phố Hồ Chí Minh,https://shopee.vn/search?shop=357669443,"Hoa sáp AMI FLOWER Hàn Quốc cao cấp – Bó hoa quà tặng sinh nhật, 20/10 nhiều màu",414.000 ₫,"Đặc sản chất lượng - Hoa sáp AMI FLOWER Hàn Quốc cao cấp – Bó hoa quà tặng sinh nhật, 20/10 nhiều màu",https://down-vn.img.susercontent.com/file/vn-11134207-820l4-mj3ldfpfsnb5ec,https://shopee.vn/Hoa-sáp-AMI-FLOWER-Hàn-Quốc-cao-cấp-–-Bó-hoa-quà-tặng-sinh-nhật-20-10-nhiều-màu-i.357669443.28341436694?extraParams=%7B%22display_model_id%22%3A271530528722%2C%22model_selection_logic%22%3A3%7D
614,Hoa sáp Ami Flower,Thành phố Hồ Chí Minh,https://shopee.vn/search?shop=357669443,[QUÀ TẶNG SINH NHẬT - KỈ NIỆM ] Giỏ hoa mica bì thư AMI FLOWER nhiều màu xinh xắn,368.000 ₫,Đặc sản chất lượng - [QUÀ TẶNG SINH NHẬT - KỈ NIỆM ] Giỏ hoa mica bì thư AMI FLOWER nhiều màu xinh xắn,https://down-vn.img.susercontent.com/file/vn-11134207-820l4-mj3leesdc00554,https://shopee.vn/-QUÀ-TẶNG-SINH-NHẬT-KỈ-NIỆM-Giỏ-hoa-mica-bì-thư-AMI-FLOWER-nhiều-màu-xinh-xắn-i.357669443.41723886316?extraParams=%7B%22display_model_id%22%3A286940279544%2C%22model_selection_logic%22%3A3%7D
615,September Dreamer,Thành phố Hồ Chí Minh,https://shopee.vn/search?shop=26287254,[New 100%] Quần đi biển nam Oneill Hyperfreak (có hình thật),400.000 ₫,Đặc sản chất lượng - [New 100%] Quần đi biển nam Oneill Hyperfreak (có hình thật),https://down-vn.img.susercontent.com/file/vn-11134207-7qukw-lfmg3j1cyxz834,https://shopee.vn/-New-100-Quần-đi-biển-nam-Oneill-Hyperfreak-(có-hình-thật)-i.26287254.22539133081?extraParams=%7B%22display_model_id%22%3A148273480470%2C%22model_selection_logic%22%3A3%7D
616,September Dreamer,Thành phố Hồ Chí Minh,https://shopee.vn/search?shop=26287254,[New 100%] Chân váy voan xốp xếp ly dáng suông xẻ tà (có hình thật),170.000 ₫,Đặc sản chất lượng - [New 100%] Chân váy voan xốp xếp ly dáng suông xẻ tà (có hình thật),https://down-vn.img.susercontent.com/file/vn-11134207-7qukw-lfmg3j1cnpfoea,https://shopee.vn/-New-100-Chân-váy-voan-xốp-xếp-ly-dáng-suông-xẻ-tà-(có-hình-thật)-i.26287254.21478619654?extraParams=%7B%22display_model_id%22%3A118061997220%2C%22model_selection_logic%22%3A3%7D
617,September Dreamer,Thành phố Hồ Chí Minh,https://shopee.vn/search?shop=26287254,Bộ xẻng cuốc xới đất mini (3 món/bộ),10.000 ₫,Đặc sản chất lượng - Bộ xẻng cuốc xới đất mini (3 món/bộ),https://down-vn.img.susercontent.com/file/30ffa0e2ab606abb599afdef69de9cbd,https://shopee.vn/Bộ-xẻng-cuốc-xới-đất-mini-(3-món-bộ)-i.26287254.20353669921?extraParams=%7B%22display_model_id%22%3A212694634510%2C%22model_selection_logic%22%3A3%7D
618,September Dreamer,Thành phố Hồ Chí Minh,https://shopee.vn/search?shop=26287254,[New 100%] Quần nữ ADIDAS Essentials Single Jersey 3 sọc size M,650.000 ₫,Đặc sản chất lượng - [New 100%] Quần nữ ADIDAS Essentials Single Jersey 3 sọc size M,https://down-vn.img.susercontent.com/file/0dfa0ea1ec7b690b129d4b6a3e25bd17,https://shopee.vn/-New-100-Quần-nữ-ADIDAS-Essentials-Single-Jersey-3-sọc-size-M-i.26287254.15419684716?extraParams=%7B%22display_model_id%22%3A48024734811%2C%22model_selection_logic%22%3A3%7D
619,September Dreamer,Thành phố Hồ Chí Minh,https://shopee.vn/search?shop=26287254,[New 100%] SET đồ lót Bonbon Thailand màu tím,229.000 ₫,Đặc sản chất lượng - [New 100%] SET đồ lót Bonbon Thailand màu tím,https://down-vn.img.susercontent.com/file/1fb3cfe3618d300c8ee798a28d21a009,https://shopee.vn/-New-100-SET-đồ-lót-Bonbon-Thailand-màu-tím-i.26287254.7407361960?extraParams=%7B%22display_model_id%22%3A72118120686%2C%22model_selection_logic%22%3A3%7D
620,September Dreamer,Thành phố Hồ Chí Minh,https://shopee.vn/search?shop=26287254,"[New 90%] Váy bầu vải lụa cao cấp các loại, hàng đẹp, còn mới (hàng thanh lý)",150.000 ₫,"Đặc sản chất lượng - [New 90%] Váy bầu vải lụa cao cấp các loại, hàng đẹp, còn mới (hàng thanh lý)",https://down-vn.img.susercontent.com/file/48fd7211146c54cf3fe1c4ebbf52df18,https://shopee.vn/-New-90-Váy-bầu-vải-lụa-cao-cấp-các-loại-hàng-đẹp-còn-mới-(hàng-thanh-lý)-i.26287254.6207357663?extraParams=%7B%22display_model_id%22%3A72118137143%2C%22model_selection_logic%22%3A3%7D
621,September Dreamer,Thành phố Hồ Chí Minh,https://shopee.vn/search?shop=26287254,[New 90%] Váy đầm đi dự tiệc dạo phố,99.000 ₫,Đặc sản chất lượng - [New 90%] Váy đầm đi dự tiệc dạo phố,https://down-vn.img.susercontent.com/file/4cce85a975780317fbecf870443090c6,https://shopee.vn/-New-90-Váy-đầm-đi-dự-tiệc-dạo-phố-i.26287254.5408732932?extraParams=%7B%22display_model_id%22%3A22908117401%2C%22model_selection_logic%22%3A3%7D
622,September Dreamer,Thành phố Hồ Chí Minh,https://shopee.vn/search?shop=26287254,"[New 99%] Váy/đầm cho mẹ bầu, hàng cao cấp",350.000 ₫,"Đặc sản chất lượng - [New 99%] Váy/đầm cho mẹ bầu, hàng cao cấp",https://down-vn.img.susercontent.com/file/4a88fa6946d6959c5ddd27ea4f0f8afe,https://shopee.vn/-New-99-Váy-đầm-cho-mẹ-bầu-hàng-cao-cấp-i.26287254.5107357972?extraParams=%7B%22display_model_id%22%3A62118118644%2C%22model_selection_logic%22%3A3%7D
623,September Dreamer,Thành phố Hồ Chí Minh,https://shopee.vn/search?shop=26287254,[New 80%] Váy đi tiệc voan,79.000 ₫,Đặc sản chất lượng - [New 80%] Váy đi tiệc voan,https://down-vn.img.susercontent.com/file/f2416e329bf2d63005f75c7f2972af3b,https://shopee.vn/-New-80-Váy-đi-tiệc-voan-i.26287254.5065751089?extraParams=%7B%22display_model_id%22%3A80021398468%2C%22model_selection_logic%22%3A3%7D
624,September Dreamer,Thành phố Hồ Chí Minh,https://shopee.vn/search?shop=26287254,[New 80%] Đồ bộ kiểu Nhật sau sinh,200.000 ₫,Đặc sản chất lượng - [New 80%] Đồ bộ kiểu Nhật sau sinh,https://down-vn.img.susercontent.com/file/3abdc5ada3dcb8084d40975e0521b5a1,https://shopee.vn/-New-80-Đồ-bộ-kiểu-Nhật-sau-sinh-i.26287254.3707455909?extraParams=%7B%22display_model_id%22%3A80062640078%2C%22model_selection_logic%22%3A3%7D
625,KIM SORA - KOREA,Thành phố Hồ Chí Minh,https://shopee.vn/search?shop=42678058,"Giá đỡ vợt Pickleball treo tường – Móc treo vợt Pickleball dán keo 3M hoặc bắt vít, gọn gàng",29.000 ₫,"Đặc sản chất lượng - Giá đỡ vợt Pickleball treo tường – Móc treo vợt Pickleball dán keo 3M hoặc bắt vít, gọn gàng",https://down-vn.img.susercontent.com/file/vn-11134207-820l4-mj1h8fyo4irp11,https://shopee.vn/Giá-đỡ-vợt-Pickleball-treo-tường-–-Móc-treo-vợt-Pickleball-dán-keo-3M-hoặc-bắt-vít-gọn-gàng-i.42678058.49054098358?extraParams=%7B%22display_model_id%22%3A79950492341%2C%22model_selection_logic%22%3A3%7D
626,KIM SORA - KOREA,Thành phố Hồ Chí Minh,https://shopee.vn/search?shop=42678058,"Hiệp Sĩ Cầm Bút Để Bàn Decor – Giá Đỡ Điện Thoại, Hộp Cắm Bút Sáng Tạo, Quà Tặng Độc Đáo",100.083 ₫,"Đặc sản chất lượng - Hiệp Sĩ Cầm Bút Để Bàn Decor – Giá Đỡ Điện Thoại, Hộp Cắm Bút Sáng Tạo, Quà Tặng Độc Đáo",https://down-vn.img.susercontent.com/file/vn-11134207-820l4-mj31qjfugo3l33,https://shopee.vn/Hiệp-Sĩ-Cầm-Bút-Để-Bàn-Decor-–-Giá-Đỡ-Điện-Thoại-Hộp-Cắm-Bút-Sáng-Tạo-Quà-Tặng-Độc-Đáo-i.42678058.42527734127?extraParams=%7B%22display_model_id%22%3A380391047729%2C%22model_selection_logic%22%3A3%7D
627,KIM SORA - KOREA,Thành phố Hồ Chí Minh,https://shopee.vn/search?shop=42678058,"Giá Treo Vợt Tennis Treo Tường, Kệ Đỡ Vợt Chắc Chắn, Decor Thể Thao Gọn Đẹp",44.000 ₫,"Đặc sản chất lượng - Giá Treo Vợt Tennis Treo Tường, Kệ Đỡ Vợt Chắc Chắn, Decor Thể Thao Gọn Đẹp",https://down-vn.img.susercontent.com/file/vn-11134207-81ztc-mn63tks2tyx2a1,https://shopee.vn/Giá-Treo-Vợt-Tennis-Treo-Tường-Kệ-Đỡ-Vợt-Chắc-Chắn-Decor-Thể-Thao-Gọn-Đẹp-i.42678058.48659043365?extraParams=%7B%22display_model_id%22%3A380800228556%2C%22model_selection_logic%22%3A3%7D
628,KIM SORA - KOREA,Thành phố Hồ Chí Minh,https://shopee.vn/search?shop=42678058,"Chiến binh cầm bút để bàn – Hiệp sĩ cắm viết decor bàn làm việc cá tính, quà tặng độc lạ",137.000 ₫,"Đặc sản chất lượng - Chiến binh cầm bút để bàn – Hiệp sĩ cắm viết decor bàn làm việc cá tính, quà tặng độc lạ",https://down-vn.img.susercontent.com/file/vn-11134207-820l4-mj4zbairpfyba2,https://shopee.vn/Chiến-binh-cầm-bút-để-bàn-–-Hiệp-sĩ-cắm-viết-decor-bàn-làm-việc-cá-tính-quà-tặng-độc-lạ-i.42678058.49954183203?extraParams=%7B%22display_model_id%22%3A385395796975%2C%22model_selection_logic%22%3A3%7D
629,KIM SORA - KOREA,Thành phố Hồ Chí Minh,https://shopee.vn/search?shop=42678058,Móc Treo Điện Thoại Gắn Hàng Rào Lưới Sân Pickleball/Tennis – Quay Video tập luyện Thể Thao cầu lông,97.000 ₫,Đặc sản chất lượng - Móc Treo Điện Thoại Gắn Hàng Rào Lưới Sân Pickleball/Tennis – Quay Video tập luyện Thể Thao cầu lông,https://down-vn.img.susercontent.com/file/vn-11134207-820l4-mjivyvlhn3sw0c,https://shopee.vn/Móc-Treo-Điện-Thoại-Gắn-Hàng-Rào-Lưới-Sân-Pickleball-Tennis-–-Quay-Video-tập-luyện-Thể-Thao-cầu-lông-i.42678058.55604757196?extraParams=%7B%22display_model_id%22%3A310440593308%2C%22model_selection_logic%22%3A3%7D
630,KIM SORA - KOREA,Thành phố Hồ Chí Minh,https://shopee.vn/search?shop=42678058,"[HCM-Hỏa Tốc] Đèn Con Ma Ngón Tay Thối In 3D PLA Cao Cấp, Đèn Decor Troll Cá Tính bàn làm việc",47.000 ₫,"Đặc sản chất lượng - [HCM-Hỏa Tốc] Đèn Con Ma Ngón Tay Thối In 3D PLA Cao Cấp, Đèn Decor Troll Cá Tính bàn làm việc",https://down-vn.img.susercontent.com/file/vn-11134207-820l4-mies9wkisykh45,https://shopee.vn/-HCM-Hỏa-Tốc-Đèn-Con-Ma-Ngón-Tay-Thối-In-3D-PLA-Cao-Cấp-Đèn-Decor-Troll-Cá-Tính-bàn-làm-việc-i.42678058.49203303232?extraParams=%7B%22display_model_id%22%3A350316722244%2C%22model_selection_logic%22%3A3%7D
631,KIM SORA - KOREA,Thành phố Hồ Chí Minh,https://shopee.vn/search?shop=42678058,"[HCM-Hỏa Tốc] Đèn Con Ma Đọc Sách Cafe In 3D – Decor bàn làm việc, Đèn Ngủ Mini Dễ Thương",55.000 ₫,"Đặc sản chất lượng - [HCM-Hỏa Tốc] Đèn Con Ma Đọc Sách Cafe In 3D – Decor bàn làm việc, Đèn Ngủ Mini Dễ Thương",https://down-vn.img.susercontent.com/file/vn-11134207-820l4-mhz00rcohn9e6b,https://shopee.vn/-HCM-Hỏa-Tốc-Đèn-Con-Ma-Đọc-Sách-Cafe-In-3D-–-Decor-bàn-làm-việc-Đèn-Ngủ-Mini-Dễ-Thương-i.42678058.48852747870?extraParams=%7B%22display_model_id%22%3A440263661951%2C%22model_selection_logic%22%3A3%7D
632,KIM SORA - KOREA,Thành phố Hồ Chí Minh,https://shopee.vn/search?shop=42678058,"Giá Đỡ Điện Thoại Móc Khóa Gấp Gọn Tiện Dụng Mang Theo Mọi Lúc Mọi Nơi, dây khóa thép chắc chắn",36.000 ₫,"Đặc sản chất lượng - Giá Đỡ Điện Thoại Móc Khóa Gấp Gọn Tiện Dụng Mang Theo Mọi Lúc Mọi Nơi, dây khóa thép chắc chắn",https://down-vn.img.susercontent.com/file/vn-11134207-820l4-misom7kcm3nse0,https://shopee.vn/Giá-Đỡ-Điện-Thoại-Móc-Khóa-Gấp-Gọn-Tiện-Dụng-Mang-Theo-Mọi-Lúc-Mọi-Nơi-dây-khóa-thép-chắc-chắn-i.42678058.45553877790?extraParams=%7B%22display_model_id%22%3A262295278852%2C%22model_selection_logic%22%3A3%7D
633,KIM SORA - KOREA,Thành phố Hồ Chí Minh,https://shopee.vn/search?shop=42678058,Móc Treo Vợt Cầu Lông Tennis Gắn Tường Có Lỗ Vít – Giá Treo Nhiều Vợt Cầu Lông Tennis Chắc Chắn,29.500 ₫,Đặc sản chất lượng - Móc Treo Vợt Cầu Lông Tennis Gắn Tường Có Lỗ Vít – Giá Treo Nhiều Vợt Cầu Lông Tennis Chắc Chắn,https://down-vn.img.susercontent.com/file/vn-11134207-81ztc-mkdv5dk5gverc5,https://shopee.vn/Móc-Treo-Vợt-Cầu-Lông-Tennis-Gắn-Tường-Có-Lỗ-Vít-–-Giá-Treo-Nhiều-Vợt-Cầu-Lông-Tennis-Chắc-Chắn-i.42678058.50905902969?extraParams=%7B%22display_model_id%22%3A445533846399%2C%22model_selection_logic%22%3A3%7D
634,KIM SORA - KOREA,Thành phố Hồ Chí Minh,https://shopee.vn/search?shop=42678058,"Móc Giữ Banh Pickleball Treo Balo – Giá Treo Banh Pickleball 3 Trái, Phụ Kiện Pickleball Gọn Nhẹ",137.000 ₫,"Đặc sản chất lượng - Móc Giữ Banh Pickleball Treo Balo – Giá Treo Banh Pickleball 3 Trái, Phụ Kiện Pickleball Gọn Nhẹ",https://down-vn.img.susercontent.com/file/vn-11134207-820l4-mj1mccsamjur23,https://shopee.vn/Móc-Giữ-Banh-Pickleball-Treo-Balo-–-Giá-Treo-Banh-Pickleball-3-Trái-Phụ-Kiện-Pickleball-Gọn-Nhẹ-i.42678058.50654064963?extraParams=%7B%22display_model_id%22%3A262307617316%2C%22model_selection_logic%22%3A3%7D
635,Svietnam.com,Thành phố Hồ Chí Minh,https://shopee.vn/search?shop=237125302,Hít nam châm cô gái đứng Việt Nam,25.000 ₫,Đặc sản chất lượng - Hít nam châm cô gái đứng Việt Nam,https://down-vn.img.susercontent.com/file/vn-11134207-820l4-mfaunngqiln2cc,https://shopee.vn/Hít-nam-châm-cô-gái-đứng-Việt-Nam-i.237125302.42822531230?extraParams=%7B%22display_model_id%22%3A330466520219%2C%22model_selection_logic%22%3A3%7D
636,Svietnam.com,Thành phố Hồ Chí Minh,https://shopee.vn/search?shop=237125302,Magnet Lưu Niệm Việt Nam - Nam Châm Tủ Lạnh quạt gỗ 3D hình địa danh- Quà Tặng Lưu Niệm Việt Nam,25.000 ₫,Đặc sản chất lượng - Magnet Lưu Niệm Việt Nam - Nam Châm Tủ Lạnh quạt gỗ 3D hình địa danh- Quà Tặng Lưu Niệm Việt Nam,https://down-vn.img.susercontent.com/file/vn-11134207-81ztc-mleywjh9d1xhec,https://shopee.vn/Magnet-Lưu-Niệm-Việt-Nam-Nam-Châm-Tủ-Lạnh-quạt-gỗ-3D-hình-địa-danh-Quà-Tặng-Lưu-Niệm-Việt-Nam-i.237125302.52106733734?extraParams=%7B%22display_model_id%22%3A259227250117%2C%22model_selection_logic%22%3A3%7D
637,Svietnam.com,Thành phố Hồ Chí Minh,https://shopee.vn/search?shop=237125302,Móc khóa gỗ ẩm thực món ăn Việt,10.000 ₫,Đặc sản chất lượng - Móc khóa gỗ ẩm thực món ăn Việt,https://down-vn.img.susercontent.com/file/vn-11134207-7r98o-m07h0o6h1dhr5b,https://shopee.vn/Móc-khóa-gỗ-ẩm-thực-món-ăn-Việt-i.237125302.25336085836?extraParams=%7B%22display_model_id%22%3A301945756450%2C%22model_selection_logic%22%3A3%7D
638,Svietnam.com,Thành phố Hồ Chí Minh,https://shopee.vn/search?shop=237125302,Chiếc Quạt gỗ hình ảnh Việt Nam - Magnet nam châm,28.000 ₫,Đặc sản chất lượng - Chiếc Quạt gỗ hình ảnh Việt Nam - Magnet nam châm,https://down-vn.img.susercontent.com/file/vn-11134207-7ras8-m254wa3gem7210,https://shopee.vn/Chiếc-Quạt-gỗ-hình-ảnh-Việt-Nam-Magnet-nam-châm-i.237125302.29416382324?extraParams=%7B%22display_model_id%22%3A325802599754%2C%22model_selection_logic%22%3A3%7D
639,Svietnam.com,Thành phố Hồ Chí Minh,https://shopee.vn/search?shop=237125302,Móc khoá gỗ 3 D lưu niệm Việt Nam,12.000 ₫,Đặc sản chất lượng - Móc khoá gỗ 3 D lưu niệm Việt Nam,https://down-vn.img.susercontent.com/file/vn-11134207-820l4-mffbwtwerxfv40,https://shopee.vn/Móc-khoá-gỗ-3-D-lưu-niệm-Việt-Nam-i.237125302.26666406779?extraParams=%7B%22display_model_id%22%3A271945540480%2C%22model_selection_logic%22%3A3%7D
640,Svietnam.com,Thành phố Hồ Chí Minh,https://shopee.vn/search?shop=237125302,1 Tượng miss Việt Nam - cô gái đội nón lá 12 cm decor,35.000 ₫,Đặc sản chất lượng - 1 Tượng miss Việt Nam - cô gái đội nón lá 12 cm decor,https://down-vn.img.susercontent.com/file/vn-11134207-7ras8-m25822v6vyse49,https://shopee.vn/1-Tượng-miss-Việt-Nam-cô-gái-đội-nón-lá-12-cm-decor-i.237125302.29966416467?extraParams=%7B%22display_model_id%22%3A168515662231%2C%22model_selection_logic%22%3A3%7D
641,Svietnam.com,Thành phố Hồ Chí Minh,https://shopee.vn/search?shop=237125302,combo rẻ Keychan Hít Nón lá 5 cm Fridge Magnet (3 vị trí),30.000 ₫,Đặc sản chất lượng - combo rẻ Keychan Hít Nón lá 5 cm Fridge Magnet (3 vị trí),https://down-vn.img.susercontent.com/file/vn-11134207-7ras8-m25a6dmjc59u2e,https://shopee.vn/combo-rẻ-Keychan-Hít-Nón-lá-5-cm-Fridge-Magnet-(3-vị-trí)-i.237125302.26766408341?extraParams=%7B%22display_model_id%22%3A223586044559%2C%22model_selection_logic%22%3A3%7D
642,Svietnam.com,Thành phố Hồ Chí Minh,https://shopee.vn/search?shop=237125302,MAGNET khui bia mở hộp hình ảnh cô gái áo dài,48.000 ₫,Đặc sản chất lượng - MAGNET khui bia mở hộp hình ảnh cô gái áo dài,https://down-vn.img.susercontent.com/file/vn-11134207-820l4-melddif2nkzleb,https://shopee.vn/MAGNET-khui-bia-mở-hộp-hình-ảnh-cô-gái-áo-dài-i.237125302.42768823011?extraParams=%7B%22display_model_id%22%3A271544544019%2C%22model_selection_logic%22%3A3%7D
643,Svietnam.com,Thành phố Hồ Chí Minh,https://shopee.vn/search?shop=237125302,Magnet đá poly Đà Nẵng - souvenir decor,22.000 ₫,Đặc sản chất lượng - Magnet đá poly Đà Nẵng - souvenir decor,https://down-vn.img.susercontent.com/file/vn-11134207-7ras8-m26xdapy2fg4bf,https://shopee.vn/Magnet-đá-poly-Đà-Nẵng-souvenir-decor-i.237125302.28716523448?extraParams=%7B%22display_model_id%22%3A205526372811%2C%22model_selection_logic%22%3A3%7D
644,Svietnam.com,Thành phố Hồ Chí Minh,https://shopee.vn/search?shop=237125302,bộ BÚT CHÌ + THƯỚC KẺ GỖ _ PHONG CẢNH VIỆT NAM,70.000 ₫,Đặc sản chất lượng - bộ BÚT CHÌ + THƯỚC KẺ GỖ _ PHONG CẢNH VIỆT NAM,https://down-vn.img.susercontent.com/file/vn-11134207-81ztc-ml6dqf9fvevc5b,https://shopee.vn/bộ-BÚT-CHÌ-THƯỚC-KẺ-GỖ-_-PHONG-CẢNH-VIỆT-NAM-i.237125302.54306489620?extraParams=%7B%22display_model_id%22%3A385584137318%2C%22model_selection_logic%22%3A3%7D
645,phukienxinhxinh90,Thành phố Hồ Chí Minh,https://shopee.vn/search?shop=369876903,Móc khoá hình gấu dễ thương có chuông quà tăng,35.000 ₫,Đặc sản chất lượng - Móc khoá hình gấu dễ thương có chuông quà tăng,https://down-vn.img.susercontent.com/file/sg-11134201-22110-q3m80zav4gkv87,https://shopee.vn/Móc-khoá-hình-gấu-dễ-thương-có-chuông-quà-tăng-i.369876903.20665681003?extraParams=%7B%22display_model_id%22%3A203375157328%2C%22model_selection_logic%22%3A3%7D
646,phukienxinhxinh90,Thành phố Hồ Chí Minh,https://shopee.vn/search?shop=369876903,Móc Khóa Da Cao Cấp GIPYON Vô cùng sang chảnh,55.000 ₫,Đặc sản chất lượng - Móc Khóa Da Cao Cấp GIPYON Vô cùng sang chảnh,https://down-vn.img.susercontent.com/file/c16d564ca8c12737fcb075dfa699f38f,https://shopee.vn/Móc-Khóa-Da-Cao-Cấp-GIPYON-Vô-cùng-sang-chảnh-i.369876903.4691177351?extraParams=%7B%22display_model_id%22%3A45828316199%2C%22model_selection_logic%22%3A3%7D
647,phukienxinhxinh90,Thành phố Hồ Chí Minh,https://shopee.vn/search?shop=369876903,"Móc khóa Spinner móc chìa khóa inox đa chức năng mở bia, cắt băng dính cao cấp",24.700 ₫,"Đặc sản chất lượng - Móc khóa Spinner móc chìa khóa inox đa chức năng mở bia, cắt băng dính cao cấp",https://down-vn.img.susercontent.com/file/f0b57048987a5be6401e07b3bfd0d2d2,https://shopee.vn/Móc-khóa-Spinner-móc-chìa-khóa-inox-đa-chức-năng-mở-bia-cắt-băng-dính-cao-cấp-i.369876903.3059392870?extraParams=%7B%22display_model_id%22%3A88344869694%2C%22model_selection_logic%22%3A3%7D
648,phukienxinhxinh90,Thành phố Hồ Chí Minh,https://shopee.vn/search?shop=369876903,"Vỏ bọc chìa khoá smartkey HONDA SH, VISION ,LEAD ,SH MODE ,WINNER X ,Air Blade Chìa đời 2021 Mẫu Mới Bao Chìa Khoá",39.000 ₫,"Đặc sản chất lượng - Vỏ bọc chìa khoá smartkey HONDA SH, VISION ,LEAD ,SH MODE ,WINNER X ,Air Blade Chìa đời 2021 Mẫu Mới Bao Chìa Khoá",https://down-vn.img.susercontent.com/file/vn-11134207-7qukw-lk1vipu104xub4,https://shopee.vn/Vỏ-bọc-chìa-khoá-smartkey-HONDA-SH-VISION-LEAD-SH-MODE-WINNER-X-Air-Blade-Chìa-đời-2021-Mẫu-Mới-Bao-Chìa-Khoá-i.369876903.20582605545?extraParams=%7B%22display_model_id%22%3A166836256007%2C%22model_selection_logic%22%3A3%7D
649,phukienxinhxinh90,Thành phố Hồ Chí Minh,https://shopee.vn/search?shop=369876903,"Móc khoá gấu len chất liệu nhựa giả len Hình Gấu Thỏ Dễ Thương  đeo túi, ví, balo",35.000 ₫,"Đặc sản chất lượng - Móc khoá gấu len chất liệu nhựa giả len Hình Gấu Thỏ Dễ Thương  đeo túi, ví, balo",https://down-vn.img.susercontent.com/file/vn-11134207-7r98o-lkozozkvyfvu3d,https://shopee.vn/Móc-khoá-gấu-len-chất-liệu-nhựa-giả-len-Hình-Gấu-Thỏ-Dễ-Thương-đeo-túi-ví-balo-i.369876903.20192157274?extraParams=%7B%22display_model_id%22%3A196973773603%2C%22model_selection_logic%22%3A3%7D
650,phukienxinhxinh90,Thành phố Hồ Chí Minh,https://shopee.vn/search?shop=369876903,Móc khoá jobon cao cấp có hộp làm quà sang trọng,55.000 ₫,Đặc sản chất lượng - Móc khoá jobon cao cấp có hộp làm quà sang trọng,https://down-vn.img.susercontent.com/file/18f2f94713022e05d66817363e54708e,https://shopee.vn/Móc-khoá-jobon-cao-cấp-có-hộp-làm-quà-sang-trọng-i.369876903.21204609251?extraParams=%7B%22display_model_id%22%3A191455881818%2C%22model_selection_logic%22%3A3%7D
651,phukienxinhxinh90,Thành phố Hồ Chí Minh,https://shopee.vn/search?shop=369876903,Khẩu Trang Trẻ Em Từ 1 Đến 5 Tuổi BIDEN 3D Mask Kids [ Hộp 10 chiếc ] chính hãng cty cưu long.,12.000 ₫,Đặc sản chất lượng - Khẩu Trang Trẻ Em Từ 1 Đến 5 Tuổi BIDEN 3D Mask Kids [ Hộp 10 chiếc ] chính hãng cty cưu long.,https://down-vn.img.susercontent.com/file/65131814046ed6036e8e9ffa2debf382,https://shopee.vn/Khẩu-Trang-Trẻ-Em-Từ-1-Đến-5-Tuổi-BIDEN-3D-Mask-Kids-Hộp-10-chiếc-chính-hãng-cty-cưu-long.-i.369876903.9723652944?extraParams=%7B%22display_model_id%22%3A27714455932%2C%22model_selection_logic%22%3A3%7D
652,phukienxinhxinh90,Thành phố Hồ Chí Minh,https://shopee.vn/search?shop=369876903,Móc khoá xe máy ô tô OMUDA chốt móc đĩa quần inox cao cấp 3746,79.000 ₫,Đặc sản chất lượng - Móc khoá xe máy ô tô OMUDA chốt móc đĩa quần inox cao cấp 3746,https://down-vn.img.susercontent.com/file/vn-11134201-23020-4hh5qno8zvnvdc,https://shopee.vn/Móc-khoá-xe-máy-ô-tô-OMUDA-chốt-móc-đĩa-quần-inox-cao-cấp-3746-i.369876903.22626963414?extraParams=%7B%22display_model_id%22%3A221050576220%2C%22model_selection_logic%22%3A3%7D
653,phukienxinhxinh90,Thành phố Hồ Chí Minh,https://shopee.vn/search?shop=369876903,Móc Khoá Gâu xám Gấu Trắng Gấu trúc cute quà tặng,29.000 ₫,Đặc sản chất lượng - Móc Khoá Gâu xám Gấu Trắng Gấu trúc cute quà tặng,https://down-vn.img.susercontent.com/file/vn-11134201-23030-c9fu40udkfov42,https://shopee.vn/Móc-Khoá-Gâu-xám-Gấu-Trắng-Gấu-trúc-cute-quà-tặng-i.369876903.17093396435?extraParams=%7B%22display_model_id%22%3A107993275306%2C%22model_selection_logic%22%3A3%7D
654,phukienxinhxinh90,Thành phố Hồ Chí Minh,https://shopee.vn/search?shop=369876903,Khẩu Trang 6D PT hàng chính hảng cty mask,12.000 ₫,Đặc sản chất lượng - Khẩu Trang 6D PT hàng chính hảng cty mask,https://down-vn.img.susercontent.com/file/vn-11134207-7r98o-lvfs4kehflgk4c,https://shopee.vn/Khẩu-Trang-6D-PT-hàng-chính-hảng-cty-mask-i.369876903.14053638328?extraParams=%7B%22display_model_id%22%3A105457534638%2C%22model_selection_logic%22%3A3%7D
655,Tạp Hoá Tuổi Thơ 6868,Thành phố Hà Nội,https://shopee.vn/search?shop=22890650,Vỉ 40 túi nổ thối phiên bản mới,40.000 ₫,Đặc sản chất lượng - Vỉ 40 túi nổ thối phiên bản mới,https://down-vn.img.susercontent.com/file/vn-11134207-81ztc-mmyr5kj88ufaa5,https://shopee.vn/Vỉ-40-túi-nổ-thối-phiên-bản-mới-i.22890650.50508674302?extraParams=%7B%22display_model_id%22%3A307529877833%2C%22model_selection_logic%22%3A3%7D
656,Tạp Hoá Tuổi Thơ 6868,Thành phố Hà Nội,https://shopee.vn/search?shop=22890650,Vỉ 20 gói 100 thẻ bài pokemon cầu vồng loại đẹp đồ chơi cho bé siêu hót,80.000 ₫,Đặc sản chất lượng - Vỉ 20 gói 100 thẻ bài pokemon cầu vồng loại đẹp đồ chơi cho bé siêu hót,https://down-vn.img.susercontent.com/file/vn-11134207-820l4-mg4ivg0yf9jje9,https://shopee.vn/Vỉ-20-gói-100-thẻ-bài-pokemon-cầu-vồng-loại-đẹp-đồ-chơi-cho-bé-siêu-hót-i.22890650.44475403029?extraParams=%7B%22display_model_id%22%3A282060075168%2C%22model_selection_logic%22%3A3%7D
657,Tạp Hoá Tuổi Thơ 6868,Thành phố Hà Nội,https://shopee.vn/search?shop=22890650,(Set 10 Tấm trộn hình ) Hình Dán Sticker Nổi 3D Trong Suốt Hot Trend Trang Trí,55.000 ₫,Đặc sản chất lượng - (Set 10 Tấm trộn hình ) Hình Dán Sticker Nổi 3D Trong Suốt Hot Trend Trang Trí,https://down-vn.img.susercontent.com/file/vn-11134207-81ztc-mnr8avylgav8e1,https://shopee.vn/(Set-10-Tấm-trộn-hình-)-Hình-Dán-Sticker-Nổi-3D-Trong-Suốt-Hot-Trend-Trang-Trí-i.22890650.52702652711?extraParams=%7B%22display_model_id%22%3A415255977109%2C%22model_selection_logic%22%3A3%7D
658,Tạp Hoá Tuổi Thơ 6868,Thành phố Hà Nội,https://shopee.vn/search?shop=22890650,"Bộ mô hình đồ chơi lắp ráp xếp hình 10in1 mini 3D. Mô hình máy bay, xe tăng, oto..",84.000 ₫,"Đặc sản chất lượng - Bộ mô hình đồ chơi lắp ráp xếp hình 10in1 mini 3D. Mô hình máy bay, xe tăng, oto..",https://down-vn.img.susercontent.com/file/vn-11134207-81ztc-mmxeuvc1v8xx93,https://shopee.vn/Bộ-mô-hình-đồ-chơi-lắp-ráp-xếp-hình-10in1-mini-3D.-Mô-hình-máy-bay-xe-tăng-oto..-i.22890650.55008642283?extraParams=%7B%22display_model_id%22%3A297527367836%2C%22model_selection_logic%22%3A3%7D
659,Tạp Hoá Tuổi Thơ 6868,Thành phố Hà Nội,https://shopee.vn/search?shop=22890650,( Giá Sỉ) Bịch 20 bộ bài nhí siêu nhân hot hit( Mỗi bộ từ 50-52 lá),36.000 ₫,Đặc sản chất lượng - ( Giá Sỉ) Bịch 20 bộ bài nhí siêu nhân hot hit( Mỗi bộ từ 50-52 lá),https://down-vn.img.susercontent.com/file/vn-11134207-820l4-mgq1rllqbguj71,https://shopee.vn/(-Giá-Sỉ)-Bịch-20-bộ-bài-nhí-siêu-nhân-hot-hit(-Mỗi-bộ-từ-50-52-lá)-i.22890650.56600897724?extraParams=%7B%22display_model_id%22%3A390081164813%2C%22model_selection_logic%22%3A3%7D
660,Tạp Hoá Tuổi Thơ 6868,Thành phố Hà Nội,https://shopee.vn/search?shop=22890650,Set 10 mô hình (10in1) đồ chơi lắp ghép thế giới động vật phát triển tư duy cho bé,84.000 ₫,Đặc sản chất lượng - Set 10 mô hình (10in1) đồ chơi lắp ghép thế giới động vật phát triển tư duy cho bé,https://down-vn.img.susercontent.com/file/vn-11134207-81ztc-mmxeruzfzuh10b,https://shopee.vn/Set-10-mô-hình-(10in1)-đồ-chơi-lắp-ghép-thế-giới-động-vật-phát-triển-tư-duy-cho-bé-i.22890650.49557683451?extraParams=%7B%22display_model_id%22%3A325896695396%2C%22model_selection_logic%22%3A3%7D
661,Tạp Hoá Tuổi Thơ 6868,Thành phố Hà Nội,https://shopee.vn/search?shop=22890650,thẻ bài Pokemon phiên bản Xygo mầu vàng siêu vip(túi 36 gói),50.000 ₫,Đặc sản chất lượng - thẻ bài Pokemon phiên bản Xygo mầu vàng siêu vip(túi 36 gói),https://down-vn.img.susercontent.com/file/vn-11134207-820l4-mfdm63bsdlvv9e,https://shopee.vn/thẻ-bài-Pokemon-phiên-bản-Xygo-mầu-vàng-siêu-vip(túi-36-gói)-i.22890650.40922744023?extraParams=%7B%22display_model_id%22%3A276847805272%2C%22model_selection_logic%22%3A3%7D
662,Tạp Hoá Tuổi Thơ 6868,Thành phố Hà Nội,https://shopee.vn/search?shop=22890650,"Vỉ 40 quả bom nổ troll hình Capybara, pokemon siêu hot",35.000 ₫,"Đặc sản chất lượng - Vỉ 40 quả bom nổ troll hình Capybara, pokemon siêu hot",https://down-vn.img.susercontent.com/file/vn-11134207-820l4-mhw26a1irz0l89,https://shopee.vn/Vỉ-40-quả-bom-nổ-troll-hình-Capybara-pokemon-siêu-hot-i.22890650.47302677221?extraParams=%7B%22display_model_id%22%3A385255987547%2C%22model_selection_logic%22%3A3%7D
663,Tạp Hoá Tuổi Thơ 6868,Thành phố Hà Nội,https://shopee.vn/search?shop=22890650,Sỉ bộ bài uno nhiều mẫu(giao ngẫu nhiên),25.000 ₫,Đặc sản chất lượng - Sỉ bộ bài uno nhiều mẫu(giao ngẫu nhiên),https://down-vn.img.susercontent.com/file/vn-11134207-820l4-mewpj7b1o2kgca,https://shopee.vn/Sỉ-bộ-bài-uno-nhiều-mẫu(giao-ngẫu-nhiên)-i.22890650.28241903333?extraParams=%7B%22display_model_id%22%3A385930157676%2C%22model_selection_logic%22%3A3%7D
664,Tạp Hoá Tuổi Thơ 6868,Thành phố Hà Nội,https://shopee.vn/search?shop=22890650,Bịch 10 tờ dán 3D mô hình hoạt hình siêu xinh,100.000 ₫,Đặc sản chất lượng - Bịch 10 tờ dán 3D mô hình hoạt hình siêu xinh,https://down-vn.img.susercontent.com/file/vn-11134207-81ztc-mo3md5cuw54x1f,https://shopee.vn/Bịch-10-tờ-dán-3D-mô-hình-hoạt-hình-siêu-xinh-i.22890650.51610279863?extraParams=%7B%22display_model_id%22%3A340904413282%2C%22model_selection_logic%22%3A3%7D
665,thoikedi.kios,Thành phố Hồ Chí Minh,https://shopee.vn/search?shop=111003681,"Series Móc Khóa Thông Điệp '' TREO ZUI '' vui nhộn , đáng iuu tặng bạn bè , người thân, treo balo, túi xách......",30.000 ₫,"Đặc sản chất lượng - Series Móc Khóa Thông Điệp '' TREO ZUI '' vui nhộn , đáng iuu tặng bạn bè , người thân, treo balo, túi xách......",https://down-vn.img.susercontent.com/file/vn-11134207-820l4-mfnts7shw9ai80,https://shopee.vn/Series-Móc-Khóa-Thông-Điệp-''-TREO-ZUI-''-vui-nhộn-đáng-iuu-tặng-bạn-bè-người-thân-treo-balo-túi-xách......-i.111003681.40373536163?extraParams=%7B%22display_model_id%22%3A306912348499%2C%22model_selection_logic%22%3A3%7D
666,thoikedi.kios,Thành phố Hồ Chí Minh,https://shopee.vn/search?shop=111003681,"Series Móc Khóa Thông Điệp '' TREO ZUI 2 ''  vui nhộn , đáng iuu tặng bạn bè , người thân, treo balo, túi xách......",30.000 ₫,"Đặc sản chất lượng - Series Móc Khóa Thông Điệp '' TREO ZUI 2 ''  vui nhộn , đáng iuu tặng bạn bè , người thân, treo balo, túi xách......",https://down-vn.img.susercontent.com/file/vn-11134207-820l4-mipn183cnkld14,https://shopee.vn/Series-Móc-Khóa-Thông-Điệp-''-TREO-ZUI-2-''-vui-nhộn-đáng-iuu-tặng-bạn-bè-người-thân-treo-balo-túi-xách......-i.111003681.44753784249?extraParams=%7B%22display_model_id%22%3A330358841300%2C%22model_selection_logic%22%3A3%7D
667,thoikedi.kios,Thành phố Hồ Chí Minh,https://shopee.vn/search?shop=111003681,Bookmark/Kẹp sách '' BÁNH MÌ TRÍ NHỚ '' Việt Nam,18.000 ₫,Đặc sản chất lượng - Bookmark/Kẹp sách '' BÁNH MÌ TRÍ NHỚ '' Việt Nam,https://down-vn.img.susercontent.com/file/vn-11134207-820l4-migda8ver5s4e5,https://shopee.vn/Bookmark-Kẹp-sách-''-BÁNH-MÌ-TRÍ-NHỚ-''-Việt-Nam-i.111003681.52553342709?extraParams=%7B%22display_model_id%22%3A325322085585%2C%22model_selection_logic%22%3A3%7D
668,thoikedi.kios,Thành phố Hồ Chí Minh,https://shopee.vn/search?shop=111003681,Lót Ly/Móc Khóa ''VỈA HÈ'',77.000 ₫,Đặc sản chất lượng - Lót Ly/Móc Khóa ''VỈA HÈ'',https://down-vn.img.susercontent.com/file/vn-11134207-820l4-miboxb42a680d6,https://shopee.vn/Lót-Ly-Móc-Khóa-''VỈA-HÈ''-i.111003681.47703193606?extraParams=%7B%22display_model_id%22%3A310403164996%2C%22model_selection_logic%22%3A3%7D
669,thoikedi.kios,Thành phố Hồ Chí Minh,https://shopee.vn/search?shop=111003681,"(Tặng bao thư kraft) Postcard / thiệp A6 '' GIẤY CHỨNG NHẬN QUYỀN SỞ HỮU TUI '' đáng iu dùng  tặng bạn bè,..",26.000 ₫,"Đặc sản chất lượng - (Tặng bao thư kraft) Postcard / thiệp A6 '' GIẤY CHỨNG NHẬN QUYỀN SỞ HỮU TUI '' đáng iu dùng  tặng bạn bè,..",https://down-vn.img.susercontent.com/file/vn-11134207-820l4-mizmqbmrhw5c44,https://shopee.vn/(Tặng-bao-thư-kraft)-Postcard-thiệp-A6-''-GIẤY-CHỨNG-NHẬN-QUYỀN-SỞ-HỮU-TUI-''-đáng-iu-dùng-tặng-bạn-bè-..-i.111003681.54604028845?extraParams=%7B%22display_model_id%22%3A370383023220%2C%22model_selection_logic%22%3A3%7D
670,thoikedi.kios,Thành phố Hồ Chí Minh,https://shopee.vn/search?shop=111003681,"(Tặng bao thư kraft) Postcard / thiệp A6 '' TIÊU LỆNH CHỮA LÀNH '' vui nhộn dùng tặng bạn bè,..",26.000 ₫,"Đặc sản chất lượng - (Tặng bao thư kraft) Postcard / thiệp A6 '' TIÊU LỆNH CHỮA LÀNH '' vui nhộn dùng tặng bạn bè,..",https://down-vn.img.susercontent.com/file/vn-11134207-81ztc-mm63nex575du52,https://shopee.vn/(Tặng-bao-thư-kraft)-Postcard-thiệp-A6-''-TIÊU-LỆNH-CHỮA-LÀNH-''-vui-nhộn-dùng-tặng-bạn-bè-..-i.111003681.47457584124?extraParams=%7B%22display_model_id%22%3A267474201163%2C%22model_selection_logic%22%3A3%7D
671,thoikedi.kios,Thành phố Hồ Chí Minh,https://shopee.vn/search?shop=111003681,"Bookmark/ Kẹp sách hình chiếc dép vui nhộn ,cán kim tuyến lấp lánh , dành cho người mê đọc sách...",18.000 ₫,"Đặc sản chất lượng - Bookmark/ Kẹp sách hình chiếc dép vui nhộn ,cán kim tuyến lấp lánh , dành cho người mê đọc sách...",https://down-vn.img.susercontent.com/file/vn-11134207-820l4-mh2arztmosgf5b,https://shopee.vn/Bookmark-Kẹp-sách-hình-chiếc-dép-vui-nhộn-cán-kim-tuyến-lấp-lánh-dành-cho-người-mê-đọc-sách...-i.111003681.48151449011?extraParams=%7B%22display_model_id%22%3A400130695146%2C%22model_selection_logic%22%3A3%7D
672,thoikedi.kios,Thành phố Hồ Chí Minh,https://shopee.vn/search?shop=111003681,"(Tặng bao thư kraft) Postcard / thiệp A6 chúc mừng sinh nhật bạn bè , người thân..",26.000 ₫,"Đặc sản chất lượng - (Tặng bao thư kraft) Postcard / thiệp A6 chúc mừng sinh nhật bạn bè , người thân..",https://down-vn.img.susercontent.com/file/vn-11134207-7ras8-mb17izfktqe04d,https://shopee.vn/(Tặng-bao-thư-kraft)-Postcard-thiệp-A6-chúc-mừng-sinh-nhật-bạn-bè-người-thân..-i.111003681.42954598987?extraParams=%7B%22display_model_id%22%3A258522759134%2C%22model_selection_logic%22%3A3%7D
673,thoikedi.kios,Thành phố Hồ Chí Minh,https://shopee.vn/search?shop=111003681,Art Print A4 ''  TIÊU LỆNH CHỮA LÀNH '',85.000 ₫,Đặc sản chất lượng - Art Print A4 ''  TIÊU LỆNH CHỮA LÀNH '',https://down-vn.img.susercontent.com/file/vn-11134207-81ztc-mm31uhme7too23,https://shopee.vn/Art-Print-A4-''-TIÊU-LỆNH-CHỮA-LÀNH-''-i.111003681.53707484665?extraParams=%7B%22display_model_id%22%3A292469810429%2C%22model_selection_logic%22%3A3%7D
674,thoikedi.kios,Thành phố Hồ Chí Minh,https://shopee.vn/search?shop=111003681,"Bookmark/ Kẹp sách '' MÈO TIÊN CÁ '' vui nhộn ,cán kim tuyến lấp lánh , dành cho người mê đọc sách...",18.000 ₫,"Đặc sản chất lượng - Bookmark/ Kẹp sách '' MÈO TIÊN CÁ '' vui nhộn ,cán kim tuyến lấp lánh , dành cho người mê đọc sách...",https://down-vn.img.susercontent.com/file/vn-11134207-820l4-mi1wiqhk0m4kab,https://shopee.vn/Bookmark-Kẹp-sách-''-MÈO-TIÊN-CÁ-''-vui-nhộn-cán-kim-tuyến-lấp-lánh-dành-cho-người-mê-đọc-sách...-i.111003681.45902856983?extraParams=%7B%22display_model_id%22%3A262241446639%2C%22model_selection_logic%22%3A3%7D
675,HẢI ÂU - QUÀ TẶNG LƯU NIỆM,Thành phố Hồ Chí Minh,https://shopee.vn/search?shop=1360881374,"Magnet/ Hít Tủ Lạnh - Món Ăn Việt Nam, Quà Tặng Lưu Niệm Việt Nam",35.000 ₫,"Đặc sản chất lượng - Magnet/ Hít Tủ Lạnh - Món Ăn Việt Nam, Quà Tặng Lưu Niệm Việt Nam",https://down-vn.img.susercontent.com/file/vn-11134207-7ra0g-m95rcbtwaqtg1e,https://shopee.vn/Magnet-Hít-Tủ-Lạnh-Món-Ăn-Việt-Nam-Quà-Tặng-Lưu-Niệm-Việt-Nam-i.1360881374.44100393135?extraParams=%7B%22display_model_id%22%3A237858971434%2C%22model_selection_logic%22%3A3%7D
676,HẢI ÂU - QUÀ TẶNG LƯU NIỆM,Thành phố Hồ Chí Minh,https://shopee.vn/search?shop=1360881374,"Nam Châm Tủ Lạnh, Magnet Handmade, Quà Tặng Lưu Niệm Việt Nam, Hít Tủ Lạnh",23.500 ₫,"Đặc sản chất lượng - Nam Châm Tủ Lạnh, Magnet Handmade, Quà Tặng Lưu Niệm Việt Nam, Hít Tủ Lạnh",https://down-vn.img.susercontent.com/file/vn-11134207-7ras8-m0ffmggis06l85,https://shopee.vn/Nam-Châm-Tủ-Lạnh-Magnet-Handmade-Quà-Tặng-Lưu-Niệm-Việt-Nam-Hít-Tủ-Lạnh-i.1360881374.27661988757?extraParams=%7B%22display_model_id%22%3A118462319260%2C%22model_selection_logic%22%3A3%7D
677,HẢI ÂU - QUÀ TẶNG LƯU NIỆM,Thành phố Hồ Chí Minh,https://shopee.vn/search?shop=1360881374,Sổ Gỗ A6 Handmade - Quà Tặng Lưu Niệm Việt Nam,40.000 ₫,Đặc sản chất lượng - Sổ Gỗ A6 Handmade - Quà Tặng Lưu Niệm Việt Nam,https://down-vn.img.susercontent.com/file/vn-11134207-7ras8-m0l3lu5bf4i7c4,https://shopee.vn/Sổ-Gỗ-A6-Handmade-Quà-Tặng-Lưu-Niệm-Việt-Nam-i.1360881374.28812320338?extraParams=%7B%22display_model_id%22%3A350318064988%2C%22model_selection_logic%22%3A3%7D
678,HẢI ÂU - QUÀ TẶNG LƯU NIỆM,Thành phố Hồ Chí Minh,https://shopee.vn/search?shop=1360881374,Móc Khoá Lưu Niệm Việt Nam - Móc Khóa Gỗ Handmade - Quà Tặng Lưu Niệm Việt Nam,14.000 ₫,Đặc sản chất lượng - Móc Khoá Lưu Niệm Việt Nam - Móc Khóa Gỗ Handmade - Quà Tặng Lưu Niệm Việt Nam,https://down-vn.img.susercontent.com/file/vn-11134207-7ras8-m0h1lj0ou6bz03,https://shopee.vn/Móc-Khoá-Lưu-Niệm-Việt-Nam-Móc-Khóa-Gỗ-Handmade-Quà-Tặng-Lưu-Niệm-Việt-Nam-i.1360881374.29462069262?extraParams=%7B%22display_model_id%22%3A59466613671%2C%22model_selection_logic%22%3A3%7D
679,HẢI ÂU - QUÀ TẶNG LƯU NIỆM,Thành phố Hồ Chí Minh,https://shopee.vn/search?shop=1360881374,Magnet Gỗ 3D Việt Nam - Nam Châm Tủ Lạnh Lưu Niệm Việt Nam,52.000 ₫,Đặc sản chất lượng - Magnet Gỗ 3D Việt Nam - Nam Châm Tủ Lạnh Lưu Niệm Việt Nam,https://down-vn.img.susercontent.com/file/vn-11134207-81ztc-mlygx0vy6djj4a,https://shopee.vn/Magnet-Gỗ-3D-Việt-Nam-Nam-Châm-Tủ-Lạnh-Lưu-Niệm-Việt-Nam-i.1360881374.43307865205?extraParams=%7B%22display_model_id%22%3A287350756248%2C%22model_selection_logic%22%3A3%7D
680,HẢI ÂU - QUÀ TẶNG LƯU NIỆM,Thành phố Hồ Chí Minh,https://shopee.vn/search?shop=1360881374,Móc khóa kim loại lưu niệm Việt Nam,45.000 ₫,Đặc sản chất lượng - Móc khóa kim loại lưu niệm Việt Nam,https://down-vn.img.susercontent.com/file/vn-11134207-7ras8-mchleyojz7fg28,https://shopee.vn/Móc-khóa-kim-loại-lưu-niệm-Việt-Nam-i.1360881374.41409421157?extraParams=%7B%22display_model_id%22%3A295788120150%2C%22model_selection_logic%22%3A3%7D
681,HẢI ÂU - QUÀ TẶNG LƯU NIỆM,Thành phố Hồ Chí Minh,https://shopee.vn/search?shop=1360881374,Magnet/ Hít Tủ Lạnh Khung Tranh Vẽ Tay 3D 9x7cm - Hình Ảnh Việt Nam,28.000 ₫,Đặc sản chất lượng - Magnet/ Hít Tủ Lạnh Khung Tranh Vẽ Tay 3D 9x7cm - Hình Ảnh Việt Nam,https://down-vn.img.susercontent.com/file/vn-11134207-81ztc-mot9yf6yfyto88,https://shopee.vn/Magnet-Hít-Tủ-Lạnh-Khung-Tranh-Vẽ-Tay-3D-9x7cm-Hình-Ảnh-Việt-Nam-i.1360881374.57261329578?extraParams=%7B%22display_model_id%22%3A330986608149%2C%22model_selection_logic%22%3A3%7D
682,HẢI ÂU - QUÀ TẶNG LƯU NIỆM,Thành phố Hồ Chí Minh,https://shopee.vn/search?shop=1360881374,"01 Móc Khoá Nón Lá, Lưu Niệm Việt Nam - Size 5cm",15.000 ₫,"Đặc sản chất lượng - 01 Móc Khoá Nón Lá, Lưu Niệm Việt Nam - Size 5cm",https://down-vn.img.susercontent.com/file/vn-11134207-7ras8-m0l3ajf8nffx93,https://shopee.vn/01-Móc-Khoá-Nón-Lá-Lưu-Niệm-Việt-Nam-Size-5cm-i.1360881374.29812309063?extraParams=%7B%22display_model_id%22%3A217833778597%2C%22model_selection_logic%22%3A3%7D
683,HẢI ÂU - QUÀ TẶNG LƯU NIỆM,Thành phố Hồ Chí Minh,https://shopee.vn/search?shop=1360881374,"Magnet/ Hít Tủ Lạnh -  Địa danh Việt Nam, Quà Tặng Lưu Niệm Việt Nam",35.000 ₫,"Đặc sản chất lượng - Magnet/ Hít Tủ Lạnh -  Địa danh Việt Nam, Quà Tặng Lưu Niệm Việt Nam",https://down-vn.img.susercontent.com/file/vn-11134207-7ra0g-m7blwzacjiiea3,https://shopee.vn/Magnet-Hít-Tủ-Lạnh-Địa-danh-Việt-Nam-Quà-Tặng-Lưu-Niệm-Việt-Nam-i.1360881374.27229520602?extraParams=%7B%22display_model_id%22%3A223936213753%2C%22model_selection_logic%22%3A3%7D
684,HẢI ÂU - QUÀ TẶNG LƯU NIỆM,Thành phố Hồ Chí Minh,https://shopee.vn/search?shop=1360881374,"Nam châm tủ lạnh lưu niệm Việt Nam, Magnet Giấy Xoắn Handmade",29.000 ₫,"Đặc sản chất lượng - Nam châm tủ lạnh lưu niệm Việt Nam, Magnet Giấy Xoắn Handmade",https://down-vn.img.susercontent.com/file/vn-11134207-7ras8-m16r5fveqwsbc9,https://shopee.vn/Nam-châm-tủ-lạnh-lưu-niệm-Việt-Nam-Magnet-Giấy-Xoắn-Handmade-i.1360881374.28913691486?extraParams=%7B%22display_model_id%22%3A256751716683%2C%22model_selection_logic%22%3A3%7D
685,Giftory Gift for us,Thành phố Hồ Chí Minh,https://shopee.vn/search?shop=1298183594,"Thiệp chúc mừng Tốt Nghiệp mini, bỏ hộp quà",6.000 ₫,"Đặc sản chất lượng - Thiệp chúc mừng Tốt Nghiệp mini, bỏ hộp quà",https://down-vn.img.susercontent.com/file/sg-11134201-824j7-mf5m3eqoosuh67,https://shopee.vn/Thiệp-chúc-mừng-Tốt-Nghiệp-mini-bỏ-hộp-quà-i.1298183594.25044040064?extraParams=%7B%22display_model_id%22%3A258178808752%2C%22model_selection_logic%22%3A3%7D
686,Giftory Gift for us,Thành phố Hồ Chí Minh,https://shopee.vn/search?shop=1298183594,Giấy bao tập CINNAMOROLL - Giấy bóng dày --vpp,8.000 ₫,Đặc sản chất lượng - Giấy bao tập CINNAMOROLL - Giấy bóng dày --vpp,https://down-vn.img.susercontent.com/file/sg-11134201-7rdx5-m0lhsy1jegfk91,https://shopee.vn/Giấy-bao-tập-CINNAMOROLL-Giấy-bóng-dày-vpp-i.1298183594.27862353472?extraParams=%7B%22display_model_id%22%3A256667146335%2C%22model_selection_logic%22%3A3%7D
687,Giftory Gift for us,Thành phố Hồ Chí Minh,https://shopee.vn/search?shop=1298183594,Giấy Bao Tập COQUETTE PINK - Giấy bóng dày --vpp,8.000 ₫,Đặc sản chất lượng - Giấy Bao Tập COQUETTE PINK - Giấy bóng dày --vpp,https://down-vn.img.susercontent.com/file/sg-11134201-7rdvs-m0lhvlmxie2xc6,https://shopee.vn/Giấy-Bao-Tập-COQUETTE-PINK-Giấy-bóng-dày-vpp-i.1298183594.28262348801?extraParams=%7B%22display_model_id%22%3A226814618965%2C%22model_selection_logic%22%3A3%7D
688,Giftory Gift for us,Thành phố Hồ Chí Minh,https://shopee.vn/search?shop=1298183594,LOVE COUPON BOX - Thẻ Cào Tự Ghi Yêu Cầu,31.000 ₫,Đặc sản chất lượng - LOVE COUPON BOX - Thẻ Cào Tự Ghi Yêu Cầu,https://down-vn.img.susercontent.com/file/sg-11134201-824i0-mf6kr5l8oiko74,https://shopee.vn/LOVE-COUPON-BOX-Thẻ-Cào-Tự-Ghi-Yêu-Cầu-i.1298183594.26263470999?extraParams=%7B%22display_model_id%22%3A241737169868%2C%22model_selection_logic%22%3A3%7D
689,Giftory Gift for us,Thành phố Hồ Chí Minh,https://shopee.vn/search?shop=1298183594,"Sash đeo chéo đựng xiền dễ thương - quà tặng troll, hài hước dịp Tốt Nghiệp, Sinh Nhật, Đám Cưới",63.000 ₫,"Đặc sản chất lượng - Sash đeo chéo đựng xiền dễ thương - quà tặng troll, hài hước dịp Tốt Nghiệp, Sinh Nhật, Đám Cưới",https://down-vn.img.susercontent.com/file/sg-11134201-81zwq-mmy287uededi50,https://shopee.vn/Sash-đeo-chéo-đựng-xiền-dễ-thương-quà-tặng-troll-hài-hước-dịp-Tốt-Nghiệp-Sinh-Nhật-Đám-Cưới-i.1298183594.48408681953?extraParams=%7B%22display_model_id%22%3A310768591279%2C%22model_selection_logic%22%3A3%7D
690,Giftory Gift for us,Thành phố Hồ Chí Minh,https://shopee.vn/search?shop=1298183594,Giấy Bao Tập CARO HOA màu Pastel --vpp,7.000 ₫,Đặc sản chất lượng - Giấy Bao Tập CARO HOA màu Pastel --vpp,https://down-vn.img.susercontent.com/file/sg-11134201-7rdya-m0li78e4pnqdd8,https://shopee.vn/Giấy-Bao-Tập-CARO-HOA-màu-Pastel-vpp-i.1298183594.24136434826?extraParams=%7B%22display_model_id%22%3A138058505599%2C%22model_selection_logic%22%3A3%7D
691,Giftory Gift for us,Thành phố Hồ Chí Minh,https://shopee.vn/search?shop=1298183594,Giấy Bao Tập Doraemon - Giấy bóng dày --vpp,8.000 ₫,Đặc sản chất lượng - Giấy Bao Tập Doraemon - Giấy bóng dày --vpp,https://down-vn.img.susercontent.com/file/sg-11134201-7rdx0-m13pm1o38ook1a,https://shopee.vn/Giấy-Bao-Tập-Doraemon-Giấy-bóng-dày-vpp-i.1298183594.25886858599?extraParams=%7B%22display_model_id%22%3A99659692667%2C%22model_selection_logic%22%3A3%7D
692,Giftory Gift for us,Thành phố Hồ Chí Minh,https://shopee.vn/search?shop=1298183594,"Sash dây choàng cổ đựng T iền - quà tặng troll, hài hước các dịp Tốt nghiệp, Sinh Nhật, Đám Cưới",63.000 ₫,"Đặc sản chất lượng - Sash dây choàng cổ đựng T iền - quà tặng troll, hài hước các dịp Tốt nghiệp, Sinh Nhật, Đám Cưới",https://down-vn.img.susercontent.com/file/sg-11134201-81ztf-mmy2e9frhdz93e,https://shopee.vn/Sash-dây-choàng-cổ-đựng-T-iền-quà-tặng-troll-hài-hước-các-dịp-Tốt-nghiệp-Sinh-Nhật-Đám-Cưới-i.1298183594.42629968856?extraParams=%7B%22display_model_id%22%3A405768021937%2C%22model_selection_logic%22%3A3%7D
693,Giftory Gift for us,Thành phố Hồ Chí Minh,https://shopee.vn/search?shop=1298183594,[ HỎA TỐC ] - Huy chương Quà tặng TỐT NGHIỆP in theo yêu cầu với dây đeo ĐỘC QUYỀN,150.000 ₫,Đặc sản chất lượng - [ HỎA TỐC ] - Huy chương Quà tặng TỐT NGHIỆP in theo yêu cầu với dây đeo ĐỘC QUYỀN,https://down-vn.img.susercontent.com/file/sg-11134201-824ie-mf5k32zxnt3j12,https://shopee.vn/-HỎA-TỐC-Huy-chương-Quà-tặng-TỐT-NGHIỆP-in-theo-yêu-cầu-với-dây-đeo-ĐỘC-QUYỀN-i.1298183594.40603822717?extraParams=%7B%22display_model_id%22%3A275322496967%2C%22model_selection_logic%22%3A3%7D
694,Giftory Gift for us,Thành phố Hồ Chí Minh,https://shopee.vn/search?shop=1298183594,2026 - Lịch in ảnh theo yêu cầu - DT5N,74.000 ₫,Đặc sản chất lượng - 2026 - Lịch in ảnh theo yêu cầu - DT5N,https://down-vn.img.susercontent.com/file/sg-11134201-824g2-mf6kdnb0ef4ba2,https://shopee.vn/2026-Lịch-in-ảnh-theo-yêu-cầu-DT5N-i.1298183594.29619306373?extraParams=%7B%22display_model_id%22%3A205603632161%2C%22model_selection_logic%22%3A3%7D
695,Bảo Liên Souvenir,Tỉnh Ninh Bình,https://shopee.vn/search?shop=1391035198,[100+ mẫu] Móc Khóa Lưu Niệm Việt Nam chất liệu Gỗ - Vietnam Wooden Keychains,9.999 ₫,Đặc sản chất lượng - [100+ mẫu] Móc Khóa Lưu Niệm Việt Nam chất liệu Gỗ - Vietnam Wooden Keychains,https://down-vn.img.susercontent.com/file/vn-11134207-7ra0g-m6te10zestw832,https://shopee.vn/-100-mẫu-Móc-Khóa-Lưu-Niệm-Việt-Nam-chất-liệu-Gỗ-Vietnam-Wooden-Keychains-i.1391035198.24441590580?extraParams=%7B%22display_model_id%22%3A237389599908%2C%22model_selection_logic%22%3A3%7D
696,Bảo Liên Souvenir,Tỉnh Ninh Bình,https://shopee.vn/search?shop=1391035198,Nam châm tủ lạnh - Hít tủ lạnh Việt Nam chất liệu Gỗ - Vietnam Magnet,17.999 ₫,Đặc sản chất lượng - Nam châm tủ lạnh - Hít tủ lạnh Việt Nam chất liệu Gỗ - Vietnam Magnet,https://down-vn.img.susercontent.com/file/vn-11134207-7ra0g-m9grc5tbmrfy2d,https://shopee.vn/Nam-châm-tủ-lạnh-Hít-tủ-lạnh-Việt-Nam-chất-liệu-Gỗ-Vietnam-Magnet-i.1391035198.27817909001?extraParams=%7B%22display_model_id%22%3A89692309429%2C%22model_selection_logic%22%3A3%7D
697,Bảo Liên Souvenir,Tỉnh Ninh Bình,https://shopee.vn/search?shop=1391035198,"Móc khóa lưu niệm món ăn Việt Nam 3D đất sét nặn thủ công, sơn phủ bóng - 3D Handmade Keychains",35.000 ₫,"Đặc sản chất lượng - Móc khóa lưu niệm món ăn Việt Nam 3D đất sét nặn thủ công, sơn phủ bóng - 3D Handmade Keychains",https://down-vn.img.susercontent.com/file/vn-11134207-81ztc-mokvfafwnrpq65,https://shopee.vn/Móc-khóa-lưu-niệm-món-ăn-Việt-Nam-3D-đất-sét-nặn-thủ-công-sơn-phủ-bóng-3D-Handmade-Keychains-i.1391035198.42707256456?extraParams=%7B%22display_model_id%22%3A315946096196%2C%22model_selection_logic%22%3A3%7D
698,Bảo Liên Souvenir,Tỉnh Ninh Bình,https://shopee.vn/search?shop=1391035198,Sổ lưu niệm Việt Nam chất liệu Gỗ kích thước A6 - Vietnam Handmade Notebook,40.000 ₫,Đặc sản chất lượng - Sổ lưu niệm Việt Nam chất liệu Gỗ kích thước A6 - Vietnam Handmade Notebook,https://down-vn.img.susercontent.com/file/vn-11134207-7ra0g-m6z66pe3l6pk21,https://shopee.vn/Sổ-lưu-niệm-Việt-Nam-chất-liệu-Gỗ-kích-thước-A6-Vietnam-Handmade-Notebook-i.1391035198.27317802802?extraParams=%7B%22display_model_id%22%3A185561130143%2C%22model_selection_logic%22%3A3%7D
699,Bảo Liên Souvenir,Tỉnh Ninh Bình,https://shopee.vn/search?shop=1391035198,Móc khóa lưu niệm Địa Danh Việt Nam chất liệu Gỗ - Vietnamese Wooden Keychains,14.000 ₫,Đặc sản chất lượng - Móc khóa lưu niệm Địa Danh Việt Nam chất liệu Gỗ - Vietnamese Wooden Keychains,https://down-vn.img.susercontent.com/file/vn-11134207-81ztc-mpecp2s6ky6lb5,https://shopee.vn/Móc-khóa-lưu-niệm-Địa-Danh-Việt-Nam-chất-liệu-Gỗ-Vietnamese-Wooden-Keychains-i.1391035198.50909510351?extraParams=%7B%22display_model_id%22%3A370840535345%2C%22model_selection_logic%22%3A3%7D
700,Bảo Liên Souvenir,Tỉnh Ninh Bình,https://shopee.vn/search?shop=1391035198,"Nam châm tủ lạnh - Hít tủ lạnh 3D đất sét nặn thủ công, sơn phủ bóng - Vietnam 3D Handmade Magnets",35.000 ₫,"Đặc sản chất lượng - Nam châm tủ lạnh - Hít tủ lạnh 3D đất sét nặn thủ công, sơn phủ bóng - Vietnam 3D Handmade Magnets",https://down-vn.img.susercontent.com/file/vn-11134207-81ztc-mohw0esf2i9s67,https://shopee.vn/Nam-châm-tủ-lạnh-Hít-tủ-lạnh-3D-đất-sét-nặn-thủ-công-sơn-phủ-bóng-Vietnam-3D-Handmade-Magnets-i.1391035198.26388140438?extraParams=%7B%22display_model_id%22%3A385945503725%2C%22model_selection_logic%22%3A3%7D
701,Bảo Liên Souvenir,Tỉnh Ninh Bình,https://shopee.vn/search?shop=1391035198,Móc khóa lưu niệm Nón Lá Việt Nam loại 5cm Handmade,14.000 ₫,Đặc sản chất lượng - Móc khóa lưu niệm Nón Lá Việt Nam loại 5cm Handmade,https://down-vn.img.susercontent.com/file/vn-11134207-81ztc-mn5ih0xycykj03,https://shopee.vn/Móc-khóa-lưu-niệm-Nón-Lá-Việt-Nam-loại-5cm-Handmade-i.1391035198.29026309758?extraParams=%7B%22display_model_id%22%3A188217575904%2C%22model_selection_logic%22%3A3%7D
702,Bảo Liên Souvenir,Tỉnh Ninh Bình,https://shopee.vn/search?shop=1391035198,Magnet lưu niệm Việt Nam - Nam châm Hít tủ lạnh chất liệu nhựa cứng,20.000 ₫,Đặc sản chất lượng - Magnet lưu niệm Việt Nam - Nam châm Hít tủ lạnh chất liệu nhựa cứng,https://down-vn.img.susercontent.com/file/vn-11134207-820l4-mh4w5tpje1vze5,https://shopee.vn/Magnet-lưu-niệm-Việt-Nam-Nam-châm-Hít-tủ-lạnh-chất-liệu-nhựa-cứng-i.1391035198.56951507088?extraParams=%7B%22display_model_id%22%3A370137722854%2C%22model_selection_logic%22%3A3%7D
703,Bảo Liên Souvenir,Tỉnh Ninh Bình,https://shopee.vn/search?shop=1391035198,[TẶNG BOOKMARK] Nam châm hít tủ lạnh Tranh vẽ mini Việt Nam - Quà tặng lưu niệm Việt Nam độc đáo,22.800 ₫,Đặc sản chất lượng - [TẶNG BOOKMARK] Nam châm hít tủ lạnh Tranh vẽ mini Việt Nam - Quà tặng lưu niệm Việt Nam độc đáo,https://down-vn.img.susercontent.com/file/vn-11134207-820l4-mijwpc8j1atf88,https://shopee.vn/-TẶNG-BOOKMARK-Nam-châm-hít-tủ-lạnh-Tranh-vẽ-mini-Việt-Nam-Quà-tặng-lưu-niệm-Việt-Nam-độc-đáo-i.1391035198.41513737859?extraParams=%7B%22display_model_id%22%3A253760337723%2C%22model_selection_logic%22%3A3%7D
704,Bảo Liên Souvenir,Tỉnh Ninh Bình,https://shopee.vn/search?shop=1391035198,Nam châm tủ lạnh Nón Lá Việt Nam loại 5cm - Magnet Non La Vietnam,14.700 ₫,Đặc sản chất lượng - Nam châm tủ lạnh Nón Lá Việt Nam loại 5cm - Magnet Non La Vietnam,https://down-vn.img.susercontent.com/file/vn-11134207-81ztc-mn7b2awn435te9,https://shopee.vn/Nam-châm-tủ-lạnh-Nón-Lá-Việt-Nam-loại-5cm-Magnet-Non-La-Vietnam-i.1391035198.26829833013?extraParams=%7B%22display_model_id%22%3A49534732957%2C%22model_selection_logic%22%3A3%7D
705,Haste Store,Thành phố Hồ Chí Minh,https://shopee.vn/search?shop=41493123,Vớ Cotton Cổ Cao Haste Màu Trơn Hạt Tiêu Với Nhiều Màu Kiểu Ngân Hà Unisex,50.000 ₫,Đặc sản chất lượng - Vớ Cotton Cổ Cao Haste Màu Trơn Hạt Tiêu Với Nhiều Màu Kiểu Ngân Hà Unisex,https://down-vn.img.susercontent.com/file/sg-11134201-22100-e0zsg0e8dajvfb,https://shopee.vn/Vớ-Cotton-Cổ-Cao-Haste-Màu-Trơn-Hạt-Tiêu-Với-Nhiều-Màu-Kiểu-Ngân-Hà-Unisex-i.41493123.23903061031?extraParams=%7B%22display_model_id%22%3A156145338350%2C%22model_selection_logic%22%3A3%7D
706,Haste Store,Thành phố Hồ Chí Minh,https://shopee.vn/search?shop=41493123,Tất Vớ Nam Nữ Cổ Lửng Haste Hoạt Hình CuShin Shin Cậu Bé Bút Chì Cùng Đồng Bọn Chất Liệu Cotton Thoáng Mát,35.000 ₫,Đặc sản chất lượng - Tất Vớ Nam Nữ Cổ Lửng Haste Hoạt Hình CuShin Shin Cậu Bé Bút Chì Cùng Đồng Bọn Chất Liệu Cotton Thoáng Mát,https://down-vn.img.susercontent.com/file/vn-11134207-7ra0g-madu9fizfu6kd8,https://shopee.vn/Tất-Vớ-Nam-Nữ-Cổ-Lửng-Haste-Hoạt-Hình-CuShin-Shin-Cậu-Bé-Bút-Chì-Cùng-Đồng-Bọn-Chất-Liệu-Cotton-Thoáng-Mát-i.41493123.21746782503?extraParams=%7B%22display_model_id%22%3A212362680079%2C%22model_selection_logic%22%3A3%7D
707,Haste Store,Thành phố Hồ Chí Minh,https://shopee.vn/search?shop=41493123,[KÈM THIỆP] Set Quà Tặng Combo 2 Đôi Tất Vớ Cổ Cao Len Thổ Cầm Trầm Ấm Noel Giáng Sinh Quà Tặng Bạn Nam Unisex Co Giãn,120.000 ₫,Đặc sản chất lượng - [KÈM THIỆP] Set Quà Tặng Combo 2 Đôi Tất Vớ Cổ Cao Len Thổ Cầm Trầm Ấm Noel Giáng Sinh Quà Tặng Bạn Nam Unisex Co Giãn,https://down-vn.img.susercontent.com/file/vn-11134207-820l4-mhzwzwoax4p40f,https://shopee.vn/-KÈM-THIỆP-Set-Quà-Tặng-Combo-2-Đôi-Tất-Vớ-Cổ-Cao-Len-Thổ-Cầm-Trầm-Ấm-Noel-Giáng-Sinh-Quà-Tặng-Bạn-Nam-Unisex-Co-Giãn-i.41493123.20168120045?extraParams=%7B%22display_model_id%22%3A400266259876%2C%22model_selection_logic%22%3A3%7D
708,Haste Store,Thành phố Hồ Chí Minh,https://shopee.vn/search?shop=41493123,Tất Vớ Cổ Cao Trắng Đen Haste Họa Tiết Mặt Cười Smile Thời Trang Unisex Hàn Quốc,50.000 ₫,Đặc sản chất lượng - Tất Vớ Cổ Cao Trắng Đen Haste Họa Tiết Mặt Cười Smile Thời Trang Unisex Hàn Quốc,https://down-vn.img.susercontent.com/file/c994599aa505dfc960bb090dcdad8451,https://shopee.vn/Tất-Vớ-Cổ-Cao-Trắng-Đen-Haste-Họa-Tiết-Mặt-Cười-Smile-Thời-Trang-Unisex-Hàn-Quốc-i.41493123.12947180291?extraParams=%7B%22display_model_id%22%3A95781963755%2C%22model_selection_logic%22%3A3%7D
709,Haste Store,Thành phố Hồ Chí Minh,https://shopee.vn/search?shop=41493123,Tất Vớ Nữ Haste Cổ Cao Retro Họa Tiết Thổ Cẩm Phong Cách Vintage Thời Trang Thu Đông Chất Cotton Ấm Áp,60.000 ₫,Đặc sản chất lượng - Tất Vớ Nữ Haste Cổ Cao Retro Họa Tiết Thổ Cẩm Phong Cách Vintage Thời Trang Thu Đông Chất Cotton Ấm Áp,https://down-vn.img.susercontent.com/file/6c6fde381c4a87068b0503ce1f98c578,https://shopee.vn/Tất-Vớ-Nữ-Haste-Cổ-Cao-Retro-Họa-Tiết-Thổ-Cẩm-Phong-Cách-Vintage-Thời-Trang-Thu-Đông-Chất-Cotton-Ấm-Áp-i.41493123.12857510694?extraParams=%7B%22display_model_id%22%3A132752161009%2C%22model_selection_logic%22%3A3%7D
710,Haste Store,Thành phố Hồ Chí Minh,https://shopee.vn/search?shop=41493123,"[KÈM HỘP] Set 4 Đôi Tất Vớ Len Cổ Cao Ô Quả Trám Noel giáng sinh Quà Tặng chất dày dặn, ấm áp",110.000 ₫,"Đặc sản chất lượng - [KÈM HỘP] Set 4 Đôi Tất Vớ Len Cổ Cao Ô Quả Trám Noel giáng sinh Quà Tặng chất dày dặn, ấm áp",https://down-vn.img.susercontent.com/file/6651f7af248b1452ea91d1c14c63d7ee,https://shopee.vn/-KÈM-HỘP-Set-4-Đôi-Tất-Vớ-Len-Cổ-Cao-Ô-Quả-Trám-Noel-giáng-sinh-Quà-Tặng-chất-dày-dặn-ấm-áp-i.41493123.12758356851?extraParams=%7B%22display_model_id%22%3A395232652608%2C%22model_selection_logic%22%3A3%7D
711,Haste Store,Thành phố Hồ Chí Minh,https://shopee.vn/search?shop=41493123,Tất Vớ Nam Nữ Haste Cổ Cao Trơn Trắng Đen Đơn Giản Phong Cách Thể Thao Vải Cotton Khử Mùi Thoáng Khí,80.000 ₫,Đặc sản chất lượng - Tất Vớ Nam Nữ Haste Cổ Cao Trơn Trắng Đen Đơn Giản Phong Cách Thể Thao Vải Cotton Khử Mùi Thoáng Khí,https://down-vn.img.susercontent.com/file/sg-11134201-22090-8aoy407qvwhvea,https://shopee.vn/Tất-Vớ-Nam-Nữ-Haste-Cổ-Cao-Trơn-Trắng-Đen-Đơn-Giản-Phong-Cách-Thể-Thao-Vải-Cotton-Khử-Mùi-Thoáng-Khí-i.41493123.10868850755?extraParams=%7B%22display_model_id%22%3A210942424635%2C%22model_selection_logic%22%3A3%7D
712,Haste Store,Thành phố Hồ Chí Minh,https://shopee.vn/search?shop=41493123,[DỊCH VỤ GÓI QUÀ LẺ] Thùng Hộp Carton Trơn Nâu Nắp Đậy Đựng Gấu Bông Gói Quà Tặng Đủ Size Lớn Nhỏ Haste,13.000 ₫,Đặc sản chất lượng - [DỊCH VỤ GÓI QUÀ LẺ] Thùng Hộp Carton Trơn Nâu Nắp Đậy Đựng Gấu Bông Gói Quà Tặng Đủ Size Lớn Nhỏ Haste,https://down-vn.img.susercontent.com/file/vn-11134207-81ztc-mmljwo7j5r7q99,https://shopee.vn/-DỊCH-VỤ-GÓI-QUÀ-LẺ-Thùng-Hộp-Carton-Trơn-Nâu-Nắp-Đậy-Đựng-Gấu-Bông-Gói-Quà-Tặng-Đủ-Size-Lớn-Nhỏ-Haste-i.41493123.15306895694?extraParams=%7B%22display_model_id%22%3A440309499003%2C%22model_selection_logic%22%3A3%7D
713,Haste Store,Thành phố Hồ Chí Minh,https://shopee.vn/search?shop=41493123,Tất Vớ Cổ Ngắn Hoạ Tiết Mặt Cười Smile Made By Haste,40.000 ₫,Đặc sản chất lượng - Tất Vớ Cổ Ngắn Hoạ Tiết Mặt Cười Smile Made By Haste,https://down-vn.img.susercontent.com/file/5635a87f969c0c89558429e4809f75ed,https://shopee.vn/Tất-Vớ-Cổ-Ngắn-Hoạ-Tiết-Mặt-Cười-Smile-Made-By-Haste-i.41493123.11970123209?extraParams=%7B%22display_model_id%22%3A113788441575%2C%22model_selection_logic%22%3A3%7D
714,Haste Store,Thành phố Hồ Chí Minh,https://shopee.vn/search?shop=41493123,[Set 5 Đôi] Tất Vớ Nam Nữ Haste Cổ Cao Len Ấm Áp Hình Quả Trám Thời Trang Thu Đông Chất Ấm Áp Quà Tặng Noel Giáng Sinh,65.000 ₫,Đặc sản chất lượng - [Set 5 Đôi] Tất Vớ Nam Nữ Haste Cổ Cao Len Ấm Áp Hình Quả Trám Thời Trang Thu Đông Chất Ấm Áp Quà Tặng Noel Giáng Sinh,https://down-vn.img.susercontent.com/file/vn-11134207-7r98o-lp9s19s34q57fe,https://shopee.vn/-Set-5-Đôi-Tất-Vớ-Nam-Nữ-Haste-Cổ-Cao-Len-Ấm-Áp-Hình-Quả-Trám-Thời-Trang-Thu-Đông-Chất-Ấm-Áp-Quà-Tặng-Noel-Giáng-Sinh-i.41493123.19865368843?extraParams=%7B%22display_model_id%22%3A127185593860%2C%22model_selection_logic%22%3A3%7D
715,KIYOMI STORE,Thành phố Hồ Chí Minh,https://shopee.vn/search?shop=7864839,Vòng Tay Cuff Bản Đẹp Chất Không Rỉ Free size Full Box Bảo Hành 1 Năm KIYOMI STORE,35.000 ₫,Đặc sản chất lượng - Vòng Tay Cuff Bản Đẹp Chất Không Rỉ Free size Full Box Bảo Hành 1 Năm KIYOMI STORE,https://down-vn.img.susercontent.com/file/sg-11134201-22110-bfv3i8yqpfkvc5,https://shopee.vn/Vòng-Tay-Cuff-Bản-Đẹp-Chất-Không-Rỉ-Free-size-Full-Box-Bảo-Hành-1-Năm-KIYOMI-STORE-i.7864839.9996395040?extraParams=%7B%22display_model_id%22%3A67739144814%2C%22model_selection_logic%22%3A3%7D
716,KIYOMI STORE,Thành phố Hồ Chí Minh,https://shopee.vn/search?shop=7864839,Nhẫn Đôi Nam Nữ Unisex Bản Đẹp Thép Không Rỉ Bảo Hành 1 Năm Full Box KIYOMI STORE,50.000 ₫,Đặc sản chất lượng - Nhẫn Đôi Nam Nữ Unisex Bản Đẹp Thép Không Rỉ Bảo Hành 1 Năm Full Box KIYOMI STORE,https://down-vn.img.susercontent.com/file/vn-11134201-23020-4d3lbe0v4tnv32,https://shopee.vn/Nhẫn-Đôi-Nam-Nữ-Unisex-Bản-Đẹp-Thép-Không-Rỉ-Bảo-Hành-1-Năm-Full-Box-KIYOMI-STORE-i.7864839.14687807416?extraParams=%7B%22display_model_id%22%3A190752537669%2C%22model_selection_logic%22%3A3%7D
717,KIYOMI STORE,Thành phố Hồ Chí Minh,https://shopee.vn/search?shop=7864839,Vòng Tay Cặp Đôi Inox Khắc Tên Theo Yêu Cầu Cá Tính Hàn Quốc KIYOMI STORE,79.000 ₫,Đặc sản chất lượng - Vòng Tay Cặp Đôi Inox Khắc Tên Theo Yêu Cầu Cá Tính Hàn Quốc KIYOMI STORE,https://down-vn.img.susercontent.com/file/63810a07fb58e81c46dd2c129d2f06e1,https://shopee.vn/Vòng-Tay-Cặp-Đôi-Inox-Khắc-Tên-Theo-Yêu-Cầu-Cá-Tính-Hàn-Quốc-KIYOMI-STORE-i.7864839.8929416361?extraParams=%7B%22display_model_id%22%3A24872197719%2C%22model_selection_logic%22%3A3%7D
718,KIYOMI STORE,Thành phố Hồ Chí Minh,https://shopee.vn/search?shop=7864839,Vòng tay đôi bằng thép không gỉ từ tính trái tim cho cặp đôi KIYOMI STORE,21.000 ₫,Đặc sản chất lượng - Vòng tay đôi bằng thép không gỉ từ tính trái tim cho cặp đôi KIYOMI STORE,https://down-vn.img.susercontent.com/file/sg-11134201-7qve5-liv6rpgjre2o72,https://shopee.vn/Vòng-tay-đôi-bằng-thép-không-gỉ-từ-tính-trái-tim-cho-cặp-đôi-KIYOMI-STORE-i.7864839.22572835564?extraParams=%7B%22display_model_id%22%3A194409617766%2C%22model_selection_logic%22%3A3%7D
719,KIYOMI STORE,Thành phố Hồ Chí Minh,https://shopee.vn/search?shop=7864839,Ví nữ dài đẹp cầm tay cao cấp nhiều ngăn giá rẻ cao cấp thời trang cute dễ thương giá rẻ  KIYOMI STORE,60.000 ₫,Đặc sản chất lượng - Ví nữ dài đẹp cầm tay cao cấp nhiều ngăn giá rẻ cao cấp thời trang cute dễ thương giá rẻ  KIYOMI STORE,https://down-vn.img.susercontent.com/file/135110ced65ac53ddc4fbf2a849323ba,https://shopee.vn/Ví-nữ-dài-đẹp-cầm-tay-cao-cấp-nhiều-ngăn-giá-rẻ-cao-cấp-thời-trang-cute-dễ-thương-giá-rẻ-KIYOMI-STORE-i.7864839.18801684509?extraParams=%7B%22display_model_id%22%3A38764291551%2C%22model_selection_logic%22%3A3%7D
720,KIYOMI STORE,Thành phố Hồ Chí Minh,https://shopee.vn/search?shop=7864839,Vòng Tay Cuff Kiểu Chữ C Kim Loại Nam Nữ Đeo Tay Trơn Thép Không Gỉ Cho Cặp Đôi KIYOMI STORE,50.000 ₫,Đặc sản chất lượng - Vòng Tay Cuff Kiểu Chữ C Kim Loại Nam Nữ Đeo Tay Trơn Thép Không Gỉ Cho Cặp Đôi KIYOMI STORE,https://down-vn.img.susercontent.com/file/02ca28ed9ce61b7fca935eb1d4f5747d,https://shopee.vn/Vòng-Tay-Cuff-Kiểu-Chữ-C-Kim-Loại-Nam-Nữ-Đeo-Tay-Trơn-Thép-Không-Gỉ-Cho-Cặp-Đôi-KIYOMI-STORE-i.7864839.20629619353?extraParams=%7B%22display_model_id%22%3A163896090001%2C%22model_selection_logic%22%3A3%7D
721,KIYOMI STORE,Thành phố Hồ Chí Minh,https://shopee.vn/search?shop=7864839,Ví nữ khắc theo yêu cầu mini ngắn cầm tay nhỏ ngọn cao cấp ngắn đẹp sang trọng giá rẻ KIYOMI STORE,35.000 ₫,Đặc sản chất lượng - Ví nữ khắc theo yêu cầu mini ngắn cầm tay nhỏ ngọn cao cấp ngắn đẹp sang trọng giá rẻ KIYOMI STORE,https://down-vn.img.susercontent.com/file/4a40edd1768d2ffe8efa85b1fa03f0dd,https://shopee.vn/Ví-nữ-khắc-theo-yêu-cầu-mini-ngắn-cầm-tay-nhỏ-ngọn-cao-cấp-ngắn-đẹp-sang-trọng-giá-rẻ-KIYOMI-STORE-i.7864839.16833831500?extraParams=%7B%22display_model_id%22%3A125661204603%2C%22model_selection_logic%22%3A3%7D
722,KIYOMI STORE,Thành phố Hồ Chí Minh,https://shopee.vn/search?shop=7864839,Dây Chuyền Thẻ Bài Dogtag Khắc Theo Yêu Cầu Bằng Thép Không Gỉ Bảo Hành Trọn Đời KIYOMI STORE,20.000 ₫,Đặc sản chất lượng - Dây Chuyền Thẻ Bài Dogtag Khắc Theo Yêu Cầu Bằng Thép Không Gỉ Bảo Hành Trọn Đời KIYOMI STORE,https://down-vn.img.susercontent.com/file/5394ca99946293d6cce413132cd94c5b,https://shopee.vn/Dây-Chuyền-Thẻ-Bài-Dogtag-Khắc-Theo-Yêu-Cầu-Bằng-Thép-Không-Gỉ-Bảo-Hành-Trọn-Đời-KIYOMI-STORE-i.7864839.16927577769?extraParams=%7B%22display_model_id%22%3A38517431047%2C%22model_selection_logic%22%3A3%7D
723,KIYOMI STORE,Thành phố Hồ Chí Minh,https://shopee.vn/search?shop=7864839,Vòng đôi lắc đôi  nam châm trái tim khắc tên theo yêu cầu chống gỉ dành cho nam nữ  KIYOMI STORE,40.000 ₫,Đặc sản chất lượng - Vòng đôi lắc đôi  nam châm trái tim khắc tên theo yêu cầu chống gỉ dành cho nam nữ  KIYOMI STORE,https://down-vn.img.susercontent.com/file/57de01f0311e5914fd50847483d6e15b,https://shopee.vn/Vòng-đôi-lắc-đôi-nam-châm-trái-tim-khắc-tên-theo-yêu-cầu-chống-gỉ-dành-cho-nam-nữ-KIYOMI-STORE-i.7864839.21334195587?extraParams=%7B%22display_model_id%22%3A192306313353%2C%22model_selection_logic%22%3A3%7D
724,KIYOMI STORE,Thành phố Hồ Chí Minh,https://shopee.vn/search?shop=7864839,Ví nữ ngắn khắc chữ đẹp cầm tay mini cao cấp  nhiều ngăn bỏ túi giá rẻ nhỏ gọn thời trang  Hàn Quốc KIYOMI STORE,75.000 ₫,Đặc sản chất lượng - Ví nữ ngắn khắc chữ đẹp cầm tay mini cao cấp  nhiều ngăn bỏ túi giá rẻ nhỏ gọn thời trang  Hàn Quốc KIYOMI STORE,https://down-vn.img.susercontent.com/file/04373eb256d8807378bf08ccc762d178,https://shopee.vn/Ví-nữ-ngắn-khắc-chữ-đẹp-cầm-tay-mini-cao-cấp-nhiều-ngăn-bỏ-túi-giá-rẻ-nhỏ-gọn-thời-trang-Hàn-Quốc-KIYOMI-STORE-i.7864839.15567686241?extraParams=%7B%22display_model_id%22%3A172606129389%2C%22model_selection_logic%22%3A3%7D
725,Móc khoá yêu cầu,Thành phố Huế,https://shopee.vn/search?shop=1407346541,Động cơ gắn mô hình standee lắc đầu chạy pin giá siêu rẻ để thay thế chất liệu mica_ĐH,25.000 ₫,Đặc sản chất lượng - Động cơ gắn mô hình standee lắc đầu chạy pin giá siêu rẻ để thay thế chất liệu mica_ĐH,https://down-vn.img.susercontent.com/file/sg-11134201-8259w-mfuw58rp5xxr00,https://shopee.vn/Động-cơ-gắn-mô-hình-standee-lắc-đầu-chạy-pin-giá-siêu-rẻ-để-thay-thế-chất-liệu-mica_ĐH-i.1407346541.43924282890?extraParams=%7B%22display_model_id%22%3A286970666201%2C%22model_selection_logic%22%3A3%7D
726,Móc khoá yêu cầu,Thành phố Huế,https://shopee.vn/search?shop=1407346541,( UTOTY26 FCM ) Móc Khóa Cầu Thủ Thẻ Cầu Thủ FC Mobile Mùa Thẻ UTOTY26 - ADshop,21.000 ₫,Đặc sản chất lượng - ( UTOTY26 FCM ) Móc Khóa Cầu Thủ Thẻ Cầu Thủ FC Mobile Mùa Thẻ UTOTY26 - ADshop,https://down-vn.img.susercontent.com/file/sg-11134201-8261g-mlngyh39dvyd8d,https://shopee.vn/(-UTOTY26-FCM-)-Móc-Khóa-Cầu-Thủ-Thẻ-Cầu-Thủ-FC-Mobile-Mùa-Thẻ-UTOTY26-ADshop-i.1407346541.47757034787?extraParams=%7B%22display_model_id%22%3A385627123516%2C%22model_selection_logic%22%3A3%7D
727,Móc khoá yêu cầu,Thành phố Huế,https://shopee.vn/search?shop=1407346541,"Mô hình Standee In theo yêu cầu hình nhân vật Anime trang trí bàn học bàn làm việc, làm quà tặng",18.900 ₫,"Đặc sản chất lượng - Mô hình Standee In theo yêu cầu hình nhân vật Anime trang trí bàn học bàn làm việc, làm quà tặng",https://down-vn.img.susercontent.com/file/sg-11134201-7repd-m8kbcbj30dd309,https://shopee.vn/Mô-hình-Standee-In-theo-yêu-cầu-hình-nhân-vật-Anime-trang-trí-bàn-học-bàn-làm-việc-làm-quà-tặng-i.1407346541.28983382753?extraParams=%7B%22display_model_id%22%3A99160813775%2C%22model_selection_logic%22%3A3%7D
728,Móc khoá yêu cầu,Thành phố Huế,https://shopee.vn/search?shop=1407346541,Box 10 Thẻ Cầu Thủ FC Mobile Móc Khoá FCM Ngẫu Nhiên [2 Mặt] - Chú Tư Shop,69.000 ₫,Đặc sản chất lượng - Box 10 Thẻ Cầu Thủ FC Mobile Móc Khoá FCM Ngẫu Nhiên [2 Mặt] - Chú Tư Shop,https://down-vn.img.susercontent.com/file/sg-11134201-82633-mjp2pfu6ce105d,https://shopee.vn/Box-10-Thẻ-Cầu-Thủ-FC-Mobile-Móc-Khoá-FCM-Ngẫu-Nhiên-2-Mặt-Chú-Tư-Shop-i.1407346541.51104929965?extraParams=%7B%22display_model_id%22%3A410456175519%2C%22model_selection_logic%22%3A3%7D
729,Móc khoá yêu cầu,Thành phố Huế,https://shopee.vn/search?shop=1407346541,Móc khóa MICA IN 2 MẶT  Lưu niệm Việt Nam- Anime ADshop,25.999 ₫,Đặc sản chất lượng - Móc khóa MICA IN 2 MẶT  Lưu niệm Việt Nam- Anime ADshop,https://down-vn.img.susercontent.com/file/sg-11134201-82607-mjuq64hsxekj1a,https://shopee.vn/Móc-khóa-MICA-IN-2-MẶT-Lưu-niệm-Việt-Nam-Anime-ADshop-i.1407346541.43578302603?extraParams=%7B%22display_model_id%22%3A425478537114%2C%22model_selection_logic%22%3A3%7D
730,Móc khoá yêu cầu,Thành phố Huế,https://shopee.vn/search?shop=1407346541,[2 Mặt] Thẻ Cầu Thủ FCO Móc khóa Cầu Thủ FCO FC Online - Chú Tư Shop,15.000 ₫,Đặc sản chất lượng - [2 Mặt] Thẻ Cầu Thủ FCO Móc khóa Cầu Thủ FCO FC Online - Chú Tư Shop,https://down-vn.img.susercontent.com/file/sg-11134201-7rdvx-mcm86zamies470,https://shopee.vn/-2-Mặt-Thẻ-Cầu-Thủ-FCO-Móc-khóa-Cầu-Thủ-FCO-FC-Online-Chú-Tư-Shop-i.1407346541.43110365999?extraParams=%7B%22display_model_id%22%3A270871254515%2C%22model_selection_logic%22%3A3%7D
731,Móc khoá yêu cầu,Thành phố Huế,https://shopee.vn/search?shop=1407346541,Standee lắc đầu chạy bằng pin cử nhân tốt nghiệp ĐH,55.000 ₫,Đặc sản chất lượng - Standee lắc đầu chạy bằng pin cử nhân tốt nghiệp ĐH,https://down-vn.img.susercontent.com/file/sg-11134201-825al-mfuw9iidgqocb8,https://shopee.vn/Standee-lắc-đầu-chạy-bằng-pin-cử-nhân-tốt-nghiệp-ĐH-i.1407346541.43774292377?extraParams=%7B%22display_model_id%22%3A138436269615%2C%22model_selection_logic%22%3A3%7D
732,Móc khoá yêu cầu,Thành phố Huế,https://shopee.vn/search?shop=1407346541,[2 Mặt] Móc Khóa Cầu Thủ Thẻ Cầu Thủ FC Mobile - Chú Tư Shop,15.000 ₫,Đặc sản chất lượng - [2 Mặt] Móc Khóa Cầu Thủ Thẻ Cầu Thủ FC Mobile - Chú Tư Shop,https://down-vn.img.susercontent.com/file/sg-11134201-7rdxw-mcm87gqsz5901f,https://shopee.vn/-2-Mặt-Móc-Khóa-Cầu-Thủ-Thẻ-Cầu-Thủ-FC-Mobile-Chú-Tư-Shop-i.1407346541.43610365835?extraParams=%7B%22display_model_id%22%3A285871258234%2C%22model_selection_logic%22%3A3%7D
733,Móc khoá yêu cầu,Thành phố Huế,https://shopee.vn/search?shop=1407346541,"1 Kẹp Lò Xo, Kẹp Tóc Lò Xo In Ảnh Theo Yêu Cầu Tặng Bạn Bè, Người Thân, Idol, Quà Tặng Kỷ Niệm Handmade-ĐH",22.000 ₫,"Đặc sản chất lượng - 1 Kẹp Lò Xo, Kẹp Tóc Lò Xo In Ảnh Theo Yêu Cầu Tặng Bạn Bè, Người Thân, Idol, Quà Tặng Kỷ Niệm Handmade-ĐH",https://down-vn.img.susercontent.com/file/sg-11134201-824i8-mff5p3rv3w22e7,https://shopee.vn/1-Kẹp-Lò-Xo-Kẹp-Tóc-Lò-Xo-In-Ảnh-Theo-Yêu-Cầu-Tặng-Bạn-Bè-Người-Thân-Idol-Quà-Tặng-Kỷ-Niệm-Handmade-ĐH-i.1407346541.27592571187?extraParams=%7B%22display_model_id%22%3A261855060336%2C%22model_selection_logic%22%3A3%7D
734,Móc khoá yêu cầu,Thành phố Huế,https://shopee.vn/search?shop=1407346541,[Mùa 26TOTY FCM] Móc Khóa Cầu Thủ Thẻ Cầu Thủ FC Mobile Mùa Thẻ 26TOTY - Chú Tư Shop,27.000 ₫,Đặc sản chất lượng - [Mùa 26TOTY FCM] Móc Khóa Cầu Thủ Thẻ Cầu Thủ FC Mobile Mùa Thẻ 26TOTY - Chú Tư Shop,https://down-vn.img.susercontent.com/file/sg-11134201-8262v-mjp2oxsww6bmb1,https://shopee.vn/-Mùa-26TOTY-FCM-Móc-Khóa-Cầu-Thủ-Thẻ-Cầu-Thủ-FC-Mobile-Mùa-Thẻ-26TOTY-Chú-Tư-Shop-i.1407346541.52704945002?extraParams=%7B%22display_model_id%22%3A440456168417%2C%22model_selection_logic%22%3A3%7D
735,Behome Spa Store,Thành phố Hồ Chí Minh,https://shopee.vn/search?shop=318942143,"Kem giảm Hôi Nách -  Thâm Nách, Mông, Bẹn, Gối. GAMI WHITE 💕Freeship💕 giảm thâm nách, kiểm soát mồ hôi, ngăn mùi cơ thể",195.000 ₫,"Đặc sản chất lượng - Kem giảm Hôi Nách -  Thâm Nách, Mông, Bẹn, Gối. GAMI WHITE 💕Freeship💕 giảm thâm nách, kiểm soát mồ hôi, ngăn mùi cơ thể",https://down-vn.img.susercontent.com/file/vn-11134207-7r98o-lm46p37b5uxr2f,https://shopee.vn/Kem-giảm-Hôi-Nách-Thâm-Nách-Mông-Bẹn-Gối.-GAMI-WHITE-💕Freeship💕-giảm-thâm-nách-kiểm-soát-mồ-hôi-ngăn-mùi-cơ-thể-i.318942143.23052054448?extraParams=%7B%22display_model_id%22%3A235546407040%2C%22model_selection_logic%22%3A3%7D
736,Behome Spa Store,Thành phố Hồ Chí Minh,https://shopee.vn/search?shop=318942143,Serum tế bào gốc Saffon Behome Spa Cải thiện làn da xua tan vết nám phục hồi da giảm nám tàn nhang se khít lỗ chân lông.,329.000 ₫,Đặc sản chất lượng - Serum tế bào gốc Saffon Behome Spa Cải thiện làn da xua tan vết nám phục hồi da giảm nám tàn nhang se khít lỗ chân lông.,https://down-vn.img.susercontent.com/file/c391e2d3d71a91ac76f4f93cf344cc84,https://shopee.vn/Serum-tế-bào-gốc-Saffon-Behome-Spa-Cải-thiện-làn-da-xua-tan-vết-nám-phục-hồi-da-giảm-nám-tàn-nhang-se-khít-lỗ-chân-lông.-i.318942143.16811093694?extraParams=%7B%22display_model_id%22%3A28564866569%2C%22model_selection_logic%22%3A3%7D
737,Behome Spa Store,Thành phố Hồ Chí Minh,https://shopee.vn/search?shop=318942143,"KEM CHỐNG NẮNG HỮU CƠ BEHOME SPA THẾ HỆ MỚI-Bí Quyết bảo vệ tối đa làn da của bạn khỏi tia UVB và UVA, 100% thiên nhiên",298.000 ₫,"Đặc sản chất lượng - KEM CHỐNG NẮNG HỮU CƠ BEHOME SPA THẾ HỆ MỚI-Bí Quyết bảo vệ tối đa làn da của bạn khỏi tia UVB và UVA, 100% thiên nhiên",https://down-vn.img.susercontent.com/file/8d092e85ec3d754131988c59ed261273,https://shopee.vn/KEM-CHỐNG-NẮNG-HỮU-CƠ-BEHOME-SPA-THẾ-HỆ-MỚI-Bí-Quyết-bảo-vệ-tối-đa-làn-da-của-bạn-khỏi-tia-UVB-và-UVA-100-thiên-nhiên-i.318942143.12037897495?extraParams=%7B%22display_model_id%22%3A121709692181%2C%22model_selection_logic%22%3A3%7D
738,Behome Spa Store,Thành phố Hồ Chí Minh,https://shopee.vn/search?shop=318942143,Bông tẩy trang 3 lớp Cotton Pads 222 miếng,35.000 ₫,Đặc sản chất lượng - Bông tẩy trang 3 lớp Cotton Pads 222 miếng,https://down-vn.img.susercontent.com/file/36f3ae9402c071abcffd910cab47ab87,https://shopee.vn/Bông-tẩy-trang-3-lớp-Cotton-Pads-222-miếng-i.318942143.19645051509?extraParams=%7B%22display_model_id%22%3A182277770015%2C%22model_selection_logic%22%3A3%7D
739,Behome Spa Store,Thành phố Hồ Chí Minh,https://shopee.vn/search?shop=318942143,"CAO DẦU GỘI THẢO DƯỢC BEHOME SPA–Bí quyết để có mái tóc đẹp, Lưu thông khí huyết cải thiện đau đầu thư giãn như ở Spa",249.000 ₫,"Đặc sản chất lượng - CAO DẦU GỘI THẢO DƯỢC BEHOME SPA–Bí quyết để có mái tóc đẹp, Lưu thông khí huyết cải thiện đau đầu thư giãn như ở Spa",https://down-vn.img.susercontent.com/file/5eb5ff5cc8c5ebc293e03fd82bdcef92,https://shopee.vn/CAO-DẦU-GỘI-THẢO-DƯỢC-BEHOME-SPA–Bí-quyết-để-có-mái-tóc-đẹp-Lưu-thông-khí-huyết-cải-thiện-đau-đầu-thư-giãn-như-ở-Spa-i.318942143.18722121985?extraParams=%7B%22display_model_id%22%3A38933625295%2C%22model_selection_logic%22%3A3%7D
740,Behome Spa Store,Thành phố Hồ Chí Minh,https://shopee.vn/search?shop=318942143,"Kem FACE Bakuchiol BEHOME SPA dưỡng trắng da trắng sáng mịn màng❤️Freeship❤️ Giúp da mờ thâm sạm nám tàn nhang, dưỡng ẩm",60.000 ₫,"Đặc sản chất lượng - Kem FACE Bakuchiol BEHOME SPA dưỡng trắng da trắng sáng mịn màng❤️Freeship❤️ Giúp da mờ thâm sạm nám tàn nhang, dưỡng ẩm",https://down-vn.img.susercontent.com/file/vn-11134207-7r98o-llj2tvfsx5ti22,https://shopee.vn/Kem-FACE-Bakuchiol-BEHOME-SPA-dưỡng-trắng-da-trắng-sáng-mịn-màng❤️Freeship❤️-Giúp-da-mờ-thâm-sạm-nám-tàn-nhang-dưỡng-ẩm-i.318942143.18413526151?extraParams=%7B%22display_model_id%22%3A197023051541%2C%22model_selection_logic%22%3A3%7D
741,Behome Spa Store,Thành phố Hồ Chí Minh,https://shopee.vn/search?shop=318942143,"COMBO TÁI TẠO: PEEL DA SINH HOC, KEM FACE TÁI TẠO TRẮNG DA BEHOME SPA TỪ NHẬT BẢN BÍ QUYẾT TÁI TẠO CHO LÀN DA TRẮNG HỒNG",667.000 ₫,"Đặc sản chất lượng - COMBO TÁI TẠO: PEEL DA SINH HOC, KEM FACE TÁI TẠO TRẮNG DA BEHOME SPA TỪ NHẬT BẢN BÍ QUYẾT TÁI TẠO CHO LÀN DA TRẮNG HỒNG",https://down-vn.img.susercontent.com/file/d9877849807cdab7cd5b47584b9ef841,https://shopee.vn/COMBO-TÁI-TẠO-PEEL-DA-SINH-HOC-KEM-FACE-TÁI-TẠO-TRẮNG-DA-BEHOME-SPA-TỪ-NHẬT-BẢN-BÍ-QUYẾT-TÁI-TẠO-CHO-LÀN-DA-TRẮNG-HỒNG-i.318942143.15013461962?extraParams=%7B%22display_model_id%22%3A96138609360%2C%22model_selection_logic%22%3A3%7D
742,Behome Spa Store,Thành phố Hồ Chí Minh,https://shopee.vn/search?shop=318942143,"COMBO TỔNG HỢP: PEEL DA SINH HOC, KEM FACE TÁI TẠO TRẮNG DA, SERUM TẾ BÀO GỐC, KEM SỮA CHỐNG NẮNG BEHOME SPA TỪ NHẬT BẢN",1.314.000 ₫,"Đặc sản chất lượng - COMBO TỔNG HỢP: PEEL DA SINH HOC, KEM FACE TÁI TẠO TRẮNG DA, SERUM TẾ BÀO GỐC, KEM SỮA CHỐNG NẮNG BEHOME SPA TỪ NHẬT BẢN",https://down-vn.img.susercontent.com/file/c40aa7f44d09a5dc791ff959d802ac14,https://shopee.vn/COMBO-TỔNG-HỢP-PEEL-DA-SINH-HOC-KEM-FACE-TÁI-TẠO-TRẮNG-DA-SERUM-TẾ-BÀO-GỐC-KEM-SỮA-CHỐNG-NẮNG-BEHOME-SPA-TỪ-NHẬT-BẢN-i.318942143.14513461786?extraParams=%7B%22display_model_id%22%3A140620399378%2C%22model_selection_logic%22%3A3%7D
743,Behome Spa Store,Thành phố Hồ Chí Minh,https://shopee.vn/search?shop=318942143,"LY SỨ GIÁNG SINH, NOEL - IN HÌNH THEO YÊU CẦU - QUÀ TẶNG - QUÀ TẶNG NOEL - QUÀ TẶNG CUỐI NĂM",60.000 ₫,"Đặc sản chất lượng - LY SỨ GIÁNG SINH, NOEL - IN HÌNH THEO YÊU CẦU - QUÀ TẶNG - QUÀ TẶNG NOEL - QUÀ TẶNG CUỐI NĂM",https://down-vn.img.susercontent.com/file/5f1732a7325f8f25f5882589468ef43f,https://shopee.vn/LY-SỨ-GIÁNG-SINH-NOEL-IN-HÌNH-THEO-YÊU-CẦU-QUÀ-TẶNG-QUÀ-TẶNG-NOEL-QUÀ-TẶNG-CUỐI-NĂM-i.318942143.13238148099?extraParams=%7B%22display_model_id%22%3A113461927030%2C%22model_selection_logic%22%3A3%7D
744,Behome Spa Store,Thành phố Hồ Chí Minh,https://shopee.vn/search?shop=318942143,"Sữa Rửa Mặt Thảo Dược Thiên Nhiên BEHOME SPA - Sữa rửa mặt trắng da Tinh chất TRÀ XANH, BẠC HÀ, và HOA CÚC của NHẬT BẢN",218.000 ₫,"Đặc sản chất lượng - Sữa Rửa Mặt Thảo Dược Thiên Nhiên BEHOME SPA - Sữa rửa mặt trắng da Tinh chất TRÀ XANH, BẠC HÀ, và HOA CÚC của NHẬT BẢN",https://down-vn.img.susercontent.com/file/d3ade195d37615b250ef14ae5b1237df,https://shopee.vn/Sữa-Rửa-Mặt-Thảo-Dược-Thiên-Nhiên-BEHOME-SPA-Sữa-rửa-mặt-trắng-da-Tinh-chất-TRÀ-XANH-BẠC-HÀ-và-HOA-CÚC-của-NHẬT-BẢN-i.318942143.8497072800?extraParams=%7B%22display_model_id%22%3A67897479387%2C%22model_selection_logic%22%3A3%7D
745,ta concept,Thành phố Hồ Chí Minh,https://shopee.vn/search?shop=1387894354,"Bưu thiệp Postcard Việt Nam - Bưu thiếp viết thư, làm thiệp chúc mừng, quà tặng, decor trang trí",40.500 ₫,"Đặc sản chất lượng - Bưu thiệp Postcard Việt Nam - Bưu thiếp viết thư, làm thiệp chúc mừng, quà tặng, decor trang trí",https://down-vn.img.susercontent.com/file/vn-11134207-7ras8-mdla2gm2bgkx1b,https://shopee.vn/Bưu-thiệp-Postcard-Việt-Nam-Bưu-thiếp-viết-thư-làm-thiệp-chúc-mừng-quà-tặng-decor-trang-trí-i.1387894354.28134386936?extraParams=%7B%22display_model_id%22%3A178884923631%2C%22model_selection_logic%22%3A3%7D
746,ta concept,Thành phố Hồ Chí Minh,https://shopee.vn/search?shop=1387894354,"Ly sứ Việt Nam - Ly sứ trắng cao cấp nhiều họa tiết, cốc sứ có quai, quà tặng lưu niệm, ly cốc cafe",379.000 ₫,"Đặc sản chất lượng - Ly sứ Việt Nam - Ly sứ trắng cao cấp nhiều họa tiết, cốc sứ có quai, quà tặng lưu niệm, ly cốc cafe",https://down-vn.img.susercontent.com/file/vn-11134207-7ras8-md5jmiov950t4c,https://shopee.vn/Ly-sứ-Việt-Nam-Ly-sứ-trắng-cao-cấp-nhiều-họa-tiết-cốc-sứ-có-quai-quà-tặng-lưu-niệm-ly-cốc-cafe-i.1387894354.44000319195?extraParams=%7B%22display_model_id%22%3A275026233013%2C%22model_selection_logic%22%3A3%7D
747,ta concept,Thành phố Hồ Chí Minh,https://shopee.vn/search?shop=1387894354,"Quạt vải cầm tay nan tre - 12 Con Giáp - Quạt vải quà tặng Việt Nam, quạt xếp, quạt gấp",121.500 ₫,"Đặc sản chất lượng - Quạt vải cầm tay nan tre - 12 Con Giáp - Quạt vải quà tặng Việt Nam, quạt xếp, quạt gấp",https://down-vn.img.susercontent.com/file/vn-11134207-81ztc-ml76jr101am864,https://shopee.vn/Quạt-vải-cầm-tay-nan-tre-12-Con-Giáp-Quạt-vải-quà-tặng-Việt-Nam-quạt-xếp-quạt-gấp-i.1387894354.46256535145?extraParams=%7B%22display_model_id%22%3A249174318873%2C%22model_selection_logic%22%3A3%7D
748,ta concept,Thành phố Hồ Chí Minh,https://shopee.vn/search?shop=1387894354,"Quạt vải cầm tay nan tre - Nhiều hoạ tiết - Quạt vải quà tặng Việt Nam, quạt xếp, quạt gấp",121.500 ₫,"Đặc sản chất lượng - Quạt vải cầm tay nan tre - Nhiều hoạ tiết - Quạt vải quà tặng Việt Nam, quạt xếp, quạt gấp",https://down-vn.img.susercontent.com/file/vn-11134207-81ztc-mmu6s9v8yiv477,https://shopee.vn/Quạt-vải-cầm-tay-nan-tre-Nhiều-hoạ-tiết-Quạt-vải-quà-tặng-Việt-Nam-quạt-xếp-quạt-gấp-i.1387894354.43451085134?extraParams=%7B%22display_model_id%22%3A260086293607%2C%22model_selection_logic%22%3A3%7D
749,ta concept,Thành phố Hồ Chí Minh,https://shopee.vn/search?shop=1387894354,"Ly nhựa đựng nước kèm ống hút 700ml - Cốc nhựa, bình đựng nước, ly cốc trà, ly cốc cà phê",89.550 ₫,"Đặc sản chất lượng - Ly nhựa đựng nước kèm ống hút 700ml - Cốc nhựa, bình đựng nước, ly cốc trà, ly cốc cà phê",https://down-vn.img.susercontent.com/file/vn-11134207-820l4-mgne98wumb607d,https://shopee.vn/Ly-nhựa-đựng-nước-kèm-ống-hút-700ml-Cốc-nhựa-bình-đựng-nước-ly-cốc-trà-ly-cốc-cà-phê-i.1387894354.43751125024?extraParams=%7B%22display_model_id%22%3A306176728437%2C%22model_selection_logic%22%3A3%7D
750,ta concept,Thành phố Hồ Chí Minh,https://shopee.vn/search?shop=1387894354,"Quạt vải cầm tay nan tre - BST Dấu ấn đô thị - Quạt vải quà tặng Việt Nam, quạt xếp, quạt gấp",121.500 ₫,"Đặc sản chất lượng - Quạt vải cầm tay nan tre - BST Dấu ấn đô thị - Quạt vải quà tặng Việt Nam, quạt xếp, quạt gấp",https://down-vn.img.susercontent.com/file/vn-11134207-81ztc-mlilia172m80fd,https://shopee.vn/Quạt-vải-cầm-tay-nan-tre-BST-Dấu-ấn-đô-thị-Quạt-vải-quà-tặng-Việt-Nam-quạt-xếp-quạt-gấp-i.1387894354.42806664962?extraParams=%7B%22display_model_id%22%3A237910151414%2C%22model_selection_logic%22%3A3%7D
751,ta concept,Thành phố Hồ Chí Minh,https://shopee.vn/search?shop=1387894354,"Nam châm Việt Nam - Magnet tủ lạnh, magnet Việt Nam quà tặng lưu niệm, hít tủ lạnh, dán tủ lạnh",83.700 ₫,"Đặc sản chất lượng - Nam châm Việt Nam - Magnet tủ lạnh, magnet Việt Nam quà tặng lưu niệm, hít tủ lạnh, dán tủ lạnh",https://down-vn.img.susercontent.com/file/vn-11134207-7ras8-mcpt7pjqjwwsea,https://shopee.vn/Nam-châm-Việt-Nam-Magnet-tủ-lạnh-magnet-Việt-Nam-quà-tặng-lưu-niệm-hít-tủ-lạnh-dán-tủ-lạnh-i.1387894354.29338458460?extraParams=%7B%22display_model_id%22%3A440397399162%2C%22model_selection_logic%22%3A3%7D
752,ta concept,Thành phố Hồ Chí Minh,https://shopee.vn/search?shop=1387894354,"Quạt vải cầm tay nan tre - 12 Con Giáp - Trắng - Quạt vải quà tặng Việt Nam, quạt xếp, quạt gấp",121.500 ₫,"Đặc sản chất lượng - Quạt vải cầm tay nan tre - 12 Con Giáp - Trắng - Quạt vải quà tặng Việt Nam, quạt xếp, quạt gấp",https://down-vn.img.susercontent.com/file/vn-11134207-81ztc-mo9ignajzg9795,https://shopee.vn/Quạt-vải-cầm-tay-nan-tre-12-Con-Giáp-Trắng-Quạt-vải-quà-tặng-Việt-Nam-quạt-xếp-quạt-gấp-i.1387894354.53610555455?extraParams=%7B%22display_model_id%22%3A360924766735%2C%22model_selection_logic%22%3A3%7D
753,ta concept,Thành phố Hồ Chí Minh,https://shopee.vn/search?shop=1387894354,"Quạt vải cầm tay nan tre - 12 Con Giáp - Xanh Dương - Quạt vải quà tặng Việt Nam, quạt xếp, quạt gấp",121.500 ₫,"Đặc sản chất lượng - Quạt vải cầm tay nan tre - 12 Con Giáp - Xanh Dương - Quạt vải quà tặng Việt Nam, quạt xếp, quạt gấp",https://down-vn.img.susercontent.com/file/vn-11134207-81ztc-mo9j6t77ku1999,https://shopee.vn/Quạt-vải-cầm-tay-nan-tre-12-Con-Giáp-Xanh-Dương-Quạt-vải-quà-tặng-Việt-Nam-quạt-xếp-quạt-gấp-i.1387894354.41630906408?extraParams=%7B%22display_model_id%22%3A370924827319%2C%22model_selection_logic%22%3A3%7D
754,ta concept,Thành phố Hồ Chí Minh,https://shopee.vn/search?shop=1387894354,Túi tote HCM TA CONCEPT kích cỡ 40x36 BST Dấu Ấn Đô Thị,210.000 ₫,Đặc sản chất lượng - Túi tote HCM TA CONCEPT kích cỡ 40x36 BST Dấu Ấn Đô Thị,https://down-vn.img.susercontent.com/file/vn-11134207-820l4-mgne521s3dopad,https://shopee.vn/Túi-tote-HCM-TA-CONCEPT-kích-cỡ-40x36-BST-Dấu-Ấn-Đô-Thị-i.1387894354.41554614135?extraParams=%7B%22display_model_id%22%3A253523304093%2C%22model_selection_logic%22%3A3%7D
755,AnAn.1314,Tỉnh Bắc Ninh,https://shopee.vn/search?shop=322234774,Túi đựng son - túi đựng son bằng len,28.000 ₫,Đặc sản chất lượng - Túi đựng son - túi đựng son bằng len,https://down-vn.img.susercontent.com/file/4e8bb91c0cb11882d9060d8528025f4c,https://shopee.vn/Túi-đựng-son-túi-đựng-son-bằng-len-i.322234774.10178738483?extraParams=%7B%22display_model_id%22%3A151050077342%2C%22model_selection_logic%22%3A3%7D
756,AnAn.1314,Tỉnh Bắc Ninh,https://shopee.vn/search?shop=322234774,Hoa thỏ len/ Hoa len,15.000 ₫,Đặc sản chất lượng - Hoa thỏ len/ Hoa len,https://down-vn.img.susercontent.com/file/8432a3da7e7b8b4c9e2eab883f0028b1,https://shopee.vn/Hoa-thỏ-len-Hoa-len-i.322234774.16379682198?extraParams=%7B%22display_model_id%22%3A181877148904%2C%22model_selection_logic%22%3A3%7D
757,AnAn.1314,Tỉnh Bắc Ninh,https://shopee.vn/search?shop=322234774,Bó hoa len,93.000 ₫,Đặc sản chất lượng - Bó hoa len,https://down-vn.img.susercontent.com/file/cfceb8d00bb4c631def6f98c74fad7b5,https://shopee.vn/Bó-hoa-len-i.322234774.21553427181?extraParams=%7B%22display_model_id%22%3A174731424459%2C%22model_selection_logic%22%3A3%7D
758,AnAn.1314,Tỉnh Bắc Ninh,https://shopee.vn/search?shop=322234774,Túi đựng son - túi đựng son handmade,30.000 ₫,Đặc sản chất lượng - Túi đựng son - túi đựng son handmade,https://down-vn.img.susercontent.com/file/vn-11134207-7qukw-lgvotyy2j31u39,https://shopee.vn/Túi-đựng-son-túi-đựng-son-handmade-i.322234774.15823192959?extraParams=%7B%22display_model_id%22%3A151081582039%2C%22model_selection_logic%22%3A3%7D
759,AnAn.1314,Tỉnh Bắc Ninh,https://shopee.vn/search?shop=322234774,móc khoá ong/ móc khoá len,18.000 ₫,Đặc sản chất lượng - móc khoá ong/ móc khoá len,https://down-vn.img.susercontent.com/file/796a6bcd93eba6908af0cf7cf02f7bb8,https://shopee.vn/móc-khoá-ong-móc-khoá-len-i.322234774.19005764252?extraParams=%7B%22display_model_id%22%3A200326665855%2C%22model_selection_logic%22%3A3%7D
760,AnAn.1314,Tỉnh Bắc Ninh,https://shopee.vn/search?shop=322234774,Hoa lưu ly len/ Hoa len,10.000 ₫,Đặc sản chất lượng - Hoa lưu ly len/ Hoa len,https://down-vn.img.susercontent.com/file/vn-11134207-7ras8-m0vljdazpbwv38,https://shopee.vn/Hoa-lưu-ly-len-Hoa-len-i.322234774.21438112631?extraParams=%7B%22display_model_id%22%3A181944675494%2C%22model_selection_logic%22%3A3%7D
761,AnAn.1314,Tỉnh Bắc Ninh,https://shopee.vn/search?shop=322234774,Hoa mặt trời thỏ/ Hoa len,30.000 ₫,Đặc sản chất lượng - Hoa mặt trời thỏ/ Hoa len,https://down-vn.img.susercontent.com/file/013515105e3be2458b754d2d9aad927b,https://shopee.vn/Hoa-mặt-trời-thỏ-Hoa-len-i.322234774.21429436611?extraParams=%7B%22display_model_id%22%3A69097911876%2C%22model_selection_logic%22%3A3%7D
762,AnAn.1314,Tỉnh Bắc Ninh,https://shopee.vn/search?shop=322234774,Cúc họa mi len/ Hoa len,15.000 ₫,Đặc sản chất lượng - Cúc họa mi len/ Hoa len,https://down-vn.img.susercontent.com/file/932a32c355c4e0b9215ee38d81d14214,https://shopee.vn/Cúc-họa-mi-len-Hoa-len-i.322234774.19549685147?extraParams=%7B%22display_model_id%22%3A165501108442%2C%22model_selection_logic%22%3A3%7D
763,AnAn.1314,Tỉnh Bắc Ninh,https://shopee.vn/search?shop=322234774,"Hoa len gà, vịt",30.000 ₫,"Đặc sản chất lượng - Hoa len gà, vịt",https://down-vn.img.susercontent.com/file/vn-11134207-7r98o-lonxokd07mts22,https://shopee.vn/Hoa-len-gà-vịt-i.322234774.18031763516?extraParams=%7B%22display_model_id%22%3A217179121698%2C%22model_selection_logic%22%3A3%7D
764,AnAn.1314,Tỉnh Bắc Ninh,https://shopee.vn/search?shop=322234774,Gấu tốt nghiệp/ Hoa len tốt nghiệp,35.000 ₫,Đặc sản chất lượng - Gấu tốt nghiệp/ Hoa len tốt nghiệp,https://down-vn.img.susercontent.com/file/vn-11134207-7r98o-lvog2gemdn1689,https://shopee.vn/Gấu-tốt-nghiệp-Hoa-len-tốt-nghiệp-i.322234774.20888294154?extraParams=%7B%22display_model_id%22%3A165869075457%2C%22model_selection_logic%22%3A3%7D
765,mockhoagau hottrend,Thành phố Hồ Chí Minh,https://shopee.vn/search?shop=1107906013,"Thú Bông Mini Dễ Thương Nhiều Hình Thú nhồi bông– GThỏ, Heo, Voi, Cáo, Chim – Gấu Bông Nhồi Bông Size Nhỏ Mềm Mịn",20.000 ₫,"Đặc sản chất lượng - Thú Bông Mini Dễ Thương Nhiều Hình Thú nhồi bông– GThỏ, Heo, Voi, Cáo, Chim – Gấu Bông Nhồi Bông Size Nhỏ Mềm Mịn",https://down-vn.img.susercontent.com/file/vn-11134207-7ras8-mbmmeybtju9g70,https://shopee.vn/Thú-Bông-Mini-Dễ-Thương-Nhiều-Hình-Thú-nhồi-bông–-GThỏ-Heo-Voi-Cáo-Chim-–-Gấu-Bông-Nhồi-Bông-Size-Nhỏ-Mềm-Mịn-i.1107906013.44006732423?extraParams=%7B%22display_model_id%22%3A157964755428%2C%22model_selection_logic%22%3A3%7D
766,mockhoagau hottrend,Thành phố Hồ Chí Minh,https://shopee.vn/search?shop=1107906013,"Móc khoá nhồi bông búp bê rau cải,quà tặng dễ thương cho các bé",29.000 ₫,"Đặc sản chất lượng - Móc khoá nhồi bông búp bê rau cải,quà tặng dễ thương cho các bé",https://down-vn.img.susercontent.com/file/vn-11134207-7ra0g-mafdinpznxkxcf,https://shopee.vn/Móc-khoá-nhồi-bông-búp-bê-rau-cải-quà-tặng-dễ-thương-cho-các-bé-i.1107906013.42602799353?extraParams=%7B%22display_model_id%22%3A315904439406%2C%22model_selection_logic%22%3A3%7D
767,mockhoagau hottrend,Thành phố Hồ Chí Minh,https://shopee.vn/search?shop=1107906013,Móc Khóa Thú Bông Hải Sản Mini Cute – Tôm Cua Cá Nhiều Màu Dễ Thương,38.000 ₫,Đặc sản chất lượng - Móc Khóa Thú Bông Hải Sản Mini Cute – Tôm Cua Cá Nhiều Màu Dễ Thương,https://down-vn.img.susercontent.com/file/vn-11134207-7ras8-mbf88z0gccio58,https://shopee.vn/Móc-Khóa-Thú-Bông-Hải-Sản-Mini-Cute-–-Tôm-Cua-Cá-Nhiều-Màu-Dễ-Thương-i.1107906013.40556042072?extraParams=%7B%22display_model_id%22%3A258605407690%2C%22model_selection_logic%22%3A3%7D
768,mockhoagau hottrend,Thành phố Hồ Chí Minh,https://shopee.vn/search?shop=1107906013,Móc Khoá nhồi bông Từ Tính hít dính Dành Cho Cặp Đôi,25.000 ₫,Đặc sản chất lượng - Móc Khoá nhồi bông Từ Tính hít dính Dành Cho Cặp Đôi,https://down-vn.img.susercontent.com/file/vn-11134207-7ras8-mbkwh1l6vk90fe,https://shopee.vn/Móc-Khoá-nhồi-bông-Từ-Tính-hít-dính-Dành-Cho-Cặp-Đôi-i.1107906013.40556615600?extraParams=%7B%22display_model_id%22%3A290557111985%2C%22model_selection_logic%22%3A3%7D
769,mockhoagau hottrend,Thành phố Hồ Chí Minh,https://shopee.vn/search?shop=1107906013,Bịt mắt ngủ có gel làm mát cho mắt che ánh sáng giúp dễ ngủ,48.000 ₫,Đặc sản chất lượng - Bịt mắt ngủ có gel làm mát cho mắt che ánh sáng giúp dễ ngủ,https://down-vn.img.susercontent.com/file/vn-11134207-7ra0g-macpcpxs9ebl33,https://shopee.vn/Bịt-mắt-ngủ-có-gel-làm-mát-cho-mắt-che-ánh-sáng-giúp-dễ-ngủ-i.1107906013.43852585251?extraParams=%7B%22display_model_id%22%3A305212030344%2C%22model_selection_logic%22%3A3%7D
770,mockhoagau hottrend,Thành phố Hồ Chí Minh,https://shopee.vn/search?shop=1107906013,Móc Khóa Trái Cây Bông Cute Nhiều Mẫu – Móc Khóa Hoa Quả Dễ Thương Trang Trí Balo Túi Xách,28.000 ₫,Đặc sản chất lượng - Móc Khóa Trái Cây Bông Cute Nhiều Mẫu – Móc Khóa Hoa Quả Dễ Thương Trang Trí Balo Túi Xách,https://down-vn.img.susercontent.com/file/vn-11134207-7ras8-mb86sps2tuib3a,https://shopee.vn/Móc-Khóa-Trái-Cây-Bông-Cute-Nhiều-Mẫu-–-Móc-Khóa-Hoa-Quả-Dễ-Thương-Trang-Trí-Balo-Túi-Xách-i.1107906013.43355328246?extraParams=%7B%22display_model_id%22%3A237889334419%2C%22model_selection_logic%22%3A3%7D
771,mockhoagau hottrend,Thành phố Hồ Chí Minh,https://shopee.vn/search?shop=1107906013,"Móc Khóa Gấu Bông Vẫy Đuôi Siêu Dễ Thương] - Móc Khóa Thú Nhồi Bông Mini, Trang Trí Túi Xách, Balo | Quà Tặng Cute",54.000 ₫,"Đặc sản chất lượng - Móc Khóa Gấu Bông Vẫy Đuôi Siêu Dễ Thương] - Móc Khóa Thú Nhồi Bông Mini, Trang Trí Túi Xách, Balo | Quà Tặng Cute",https://down-vn.img.susercontent.com/file/vn-11134207-7ras8-mawu6v8ftk9kda,https://shopee.vn/Móc-Khóa-Gấu-Bông-Vẫy-Đuôi-Siêu-Dễ-Thương-Móc-Khóa-Thú-Nhồi-Bông-Mini-Trang-Trí-Túi-Xách-Balo-Quà-Tặng-Cute-i.1107906013.40054333330?extraParams=%7B%22display_model_id%22%3A305365180744%2C%22model_selection_logic%22%3A3%7D
772,mockhoagau hottrend,Thành phố Hồ Chí Minh,https://shopee.vn/search?shop=1107906013,"Móc chìa khoá nhồi bông hình trái sâu riêng ,múi bên trong có thể tháo dời",46.500 ₫,"Đặc sản chất lượng - Móc chìa khoá nhồi bông hình trái sâu riêng ,múi bên trong có thể tháo dời",https://down-vn.img.susercontent.com/file/vn-11134207-7ra0g-macw17p8o9e48c,https://shopee.vn/Móc-chìa-khoá-nhồi-bông-hình-trái-sâu-riêng-múi-bên-trong-có-thể-tháo-dời-i.1107906013.40002604746?extraParams=%7B%22display_model_id%22%3A270213478989%2C%22model_selection_logic%22%3A3%7D
773,mockhoagau hottrend,Thành phố Hồ Chí Minh,https://shopee.vn/search?shop=1107906013,“Móc Khóa Trái Dừa Bông Dễ Thương Có Ống Hút – Quà Tặng Sinh Nhật Đáng Yêu”,54.000 ₫,Đặc sản chất lượng - “Móc Khóa Trái Dừa Bông Dễ Thương Có Ống Hút – Quà Tặng Sinh Nhật Đáng Yêu”,https://down-vn.img.susercontent.com/file/vn-11134207-7ras8-md4gmpb6qvdo84,https://shopee.vn/“Móc-Khóa-Trái-Dừa-Bông-Dễ-Thương-Có-Ống-Hút-–-Quà-Tặng-Sinh-Nhật-Đáng-Yêu”-i.1107906013.42461862950?extraParams=%7B%22display_model_id%22%3A280994132085%2C%22model_selection_logic%22%3A3%7D
774,mockhoagau hottrend,Thành phố Hồ Chí Minh,https://shopee.vn/search?shop=1107906013,Móc khoá nhồi bông hình kỳ lân mini dễ thương-Móc treo Balô túi xách cute có cánh,55.000 ₫,Đặc sản chất lượng - Móc khoá nhồi bông hình kỳ lân mini dễ thương-Móc treo Balô túi xách cute có cánh,https://down-vn.img.susercontent.com/file/vn-11134207-7ras8-mansilklh5g8d0,https://shopee.vn/Móc-khoá-nhồi-bông-hình-kỳ-lân-mini-dễ-thương-Móc-treo-Balô-túi-xách-cute-có-cánh-i.1107906013.24595461051?extraParams=%7B%22display_model_id%22%3A415464826053%2C%22model_selection_logic%22%3A3%7D
775,huongsontj89,Thành phố Hà Nội,https://shopee.vn/search?shop=1710374080,Kim châm cứu hộp 10 vỉ 100 kim,17.000 ₫,Đặc sản chất lượng - Kim châm cứu hộp 10 vỉ 100 kim,https://down-vn.img.susercontent.com/file/vn-11134207-820l4-mitn3gwfprt354,https://shopee.vn/Kim-châm-cứu-hộp-10-vỉ-100-kim-i.1710374080.55703872433?extraParams=%7B%22display_model_id%22%3A395839634702%2C%22model_selection_logic%22%3A3%7D
776,huongsontj89,Thành phố Hà Nội,https://shopee.vn/search?shop=1710374080,Combo 10/20/30 quốc gia/lưu niệm/ quà tặng/ sưu tập,42.000 ₫,Đặc sản chất lượng - Combo 10/20/30 quốc gia/lưu niệm/ quà tặng/ sưu tập,https://down-vn.img.susercontent.com/file/vn-11134207-820l4-mirdqf2m0miw1e,https://shopee.vn/Combo-10-20-30-quốc-gia-lưu-niệm-quà-tặng-sưu-tập-i.1710374080.55053821523?extraParams=%7B%22display_model_id%22%3A380972883140%2C%22model_selection_logic%22%3A3%7D
777,huongsontj89,Thành phố Hà Nội,https://shopee.vn/search?shop=1710374080,Belarus/sưu tập/lưu niệm,12.000 ₫,Đặc sản chất lượng - Belarus/sưu tập/lưu niệm,https://down-vn.img.susercontent.com/file/vn-11134207-820l4-miwqgmb4mk8w54,https://shopee.vn/Belarus-sưu-tập-lưu-niệm-i.1710374080.41427831493?extraParams=%7B%22display_model_id%22%3A320401701408%2C%22model_selection_logic%22%3A3%7D
778,huongsontj89,Thành phố Hà Nội,https://shopee.vn/search?shop=1710374080,Quà tặng/lưu niệm/sưu tập các nước,18.000 ₫,Đặc sản chất lượng - Quà tặng/lưu niệm/sưu tập các nước,https://down-vn.img.susercontent.com/file/vn-11134207-81ztc-mmzufebzehoo25,https://shopee.vn/Quà-tặng-lưu-niệm-sưu-tập-các-nước-i.1710374080.52108719530?extraParams=%7B%22display_model_id%22%3A158009145294%2C%22model_selection_logic%22%3A3%7D
779,huongsontj89,Thành phố Hà Nội,https://shopee.vn/search?shop=1710374080,Các quốc gia/sưu tập/lưu niệm,10.000 ₫,Đặc sản chất lượng - Các quốc gia/sưu tập/lưu niệm,https://down-vn.img.susercontent.com/file/vn-11134207-820l4-miwqgmzvhukm02,https://shopee.vn/Các-quốc-gia-sưu-tập-lưu-niệm-i.1710374080.41927677628?extraParams=%7B%22display_model_id%22%3A310381518768%2C%22model_selection_logic%22%3A3%7D
780,huongsontj89,Thành phố Hà Nội,https://shopee.vn/search?shop=1710374080,"1kg giấy A4 cũ đã in 1 mặt, 2 mặt làm nháp, chèn hàng",10.000 ₫,"Đặc sản chất lượng - 1kg giấy A4 cũ đã in 1 mặt, 2 mặt làm nháp, chèn hàng",https://down-vn.img.susercontent.com/file/vn-11134207-820l4-miwjkwrolxc6a3,https://shopee.vn/1kg-giấy-A4-cũ-đã-in-1-mặt-2-mặt-làm-nháp-chèn-hàng-i.1710374080.51353972537?extraParams=%7B%22display_model_id%22%3A272301429308%2C%22model_selection_logic%22%3A3%7D
781,huongsontj89,Thành phố Hà Nội,https://shopee.vn/search?shop=1710374080,kem bôi voltarel Emugel giảm đau,85.000 ₫,Đặc sản chất lượng - kem bôi voltarel Emugel giảm đau,https://down-vn.img.susercontent.com/file/vn-11134207-81ztc-mlfr98pbr6dc04,https://shopee.vn/kem-bôi-voltarel-Emugel-giảm-đau-i.1710374080.50256765634?extraParams=%7B%22display_model_id%22%3A410606988296%2C%22model_selection_logic%22%3A3%7D
782,huongsontj89,Thành phố Hà Nội,https://shopee.vn/search?shop=1710374080,Dây cáp kết nối iphone ipad với piano điện,140.000 ₫,Đặc sản chất lượng - Dây cáp kết nối iphone ipad với piano điện,https://down-vn.img.susercontent.com/file/vn-11134207-820l4-mirxusip258j38,https://shopee.vn/Dây-cáp-kết-nối-iphone-ipad-với-piano-điện-i.1710374080.46053844159?extraParams=%7B%22display_model_id%22%3A400364408120%2C%22model_selection_logic%22%3A3%7D
783,huongsontj89,Thành phố Hà Nội,https://shopee.vn/search?shop=1710374080,Bahamas/sưu tập/lưu niệm,15.000 ₫,Đặc sản chất lượng - Bahamas/sưu tập/lưu niệm,https://down-vn.img.susercontent.com/file/vn-11134207-820l4-miy7xzd6n4e8ab,https://shopee.vn/Bahamas-sưu-tập-lưu-niệm-i.1710374080.55804356285?extraParams=%7B%22display_model_id%22%3A405408053353%2C%22model_selection_logic%22%3A3%7D
784,huongsontj89,Thành phố Hà Nội,https://shopee.vn/search?shop=1710374080,liên minh châu âu/sưu tập/lưu niệm,12.500 ₫,Đặc sản chất lượng - liên minh châu âu/sưu tập/lưu niệm,https://down-vn.img.susercontent.com/file/vn-11134207-820l4-mj6qu0gb64na27,https://shopee.vn/liên-minh-châu-âu-sưu-tập-lưu-niệm-i.1710374080.46004308990?extraParams=%7B%22display_model_id%22%3A425402152282%2C%22model_selection_logic%22%3A3%7D
785,Strange Point Store,Tỉnh Lâm Đồng,https://shopee.vn/search?shop=105461824,"Lót ly, lót cốc chủ đề gợn sóng, không thấm nước. Sản xuất thủ công chất liệu Epoxy Resin",40.000 ₫,"Đặc sản chất lượng - Lót ly, lót cốc chủ đề gợn sóng, không thấm nước. Sản xuất thủ công chất liệu Epoxy Resin",https://down-vn.img.susercontent.com/file/vn-11134207-7ra0g-m9eesowim1l38d,https://shopee.vn/Lót-ly-lót-cốc-chủ-đề-gợn-sóng-không-thấm-nước.-Sản-xuất-thủ-công-chất-liệu-Epoxy-Resin-i.105461824.27086105108?extraParams=%7B%22display_model_id%22%3A305115372811%2C%22model_selection_logic%22%3A3%7D
786,Strange Point Store,Tỉnh Lâm Đồng,https://shopee.vn/search?shop=105461824,"Đèn mô hình dạng trứng. Trưng bày bàn làm việc, bàn gaming. Pokemon Mew. chất liệu Epoxy Resin",500.000 ₫,"Đặc sản chất lượng - Đèn mô hình dạng trứng. Trưng bày bàn làm việc, bàn gaming. Pokemon Mew. chất liệu Epoxy Resin",https://down-vn.img.susercontent.com/file/vn-11134207-7ra0g-m722ez1dx06wfa,https://shopee.vn/Đèn-mô-hình-dạng-trứng.-Trưng-bày-bàn-làm-việc-bàn-gaming.-Pokemon-Mew.-chất-liệu-Epoxy-Resin-i.105461824.29928775012?extraParams=%7B%22display_model_id%22%3A242820093959%2C%22model_selection_logic%22%3A3%7D
787,Strange Point Store,Tỉnh Lâm Đồng,https://shopee.vn/search?shop=105461824,Đèn Ngủ Resin Totoro Thủ Công - Strange Point - Đèn Gỗ Epoxy Decor  - Đèn Trụ Bán Cầu Thiết Kế Riêng,850.000 ₫,Đặc sản chất lượng - Đèn Ngủ Resin Totoro Thủ Công - Strange Point - Đèn Gỗ Epoxy Decor  - Đèn Trụ Bán Cầu Thiết Kế Riêng,https://down-vn.img.susercontent.com/file/vn-11134207-81ztc-mne3b2scm0hw80,https://shopee.vn/Đèn-Ngủ-Resin-Totoro-Thủ-Công-Strange-Point-Đèn-Gỗ-Epoxy-Decor-Đèn-Trụ-Bán-Cầu-Thiết-Kế-Riêng-i.105461824.54759362359?extraParams=%7B%22display_model_id%22%3A445827824722%2C%22model_selection_logic%22%3A3%7D
788,Strange Point Store,Tỉnh Lâm Đồng,https://shopee.vn/search?shop=105461824,"Đèn trụ bán cầu Axolot, Strange Point, Chất liệu Epoxy Resin, Trang trí bàn làm việc. Điện usb 5V.",750.000 ₫,"Đặc sản chất lượng - Đèn trụ bán cầu Axolot, Strange Point, Chất liệu Epoxy Resin, Trang trí bàn làm việc. Điện usb 5V.",https://down-vn.img.susercontent.com/file/vn-11134207-81ztc-mnb8ndcexog331,https://shopee.vn/Đèn-trụ-bán-cầu-Axolot-Strange-Point-Chất-liệu-Epoxy-Resin-Trang-trí-bàn-làm-việc.-Điện-usb-5V.-i.105461824.43580256566?extraParams=%7B%22display_model_id%22%3A282557087817%2C%22model_selection_logic%22%3A3%7D
789,Strange Point Store,Tỉnh Lâm Đồng,https://shopee.vn/search?shop=105461824,"Đế lót ly, lót cốc, chủ đề mê cung, không thấm nước, chịu nhiệt,chiếu liệu Epoxy Resin, tròn 10cm",50.000 ₫,"Đặc sản chất lượng - Đế lót ly, lót cốc, chủ đề mê cung, không thấm nước, chịu nhiệt,chiếu liệu Epoxy Resin, tròn 10cm",https://down-vn.img.susercontent.com/file/vn-11134207-7ra0g-m9ef3q15gne669,https://shopee.vn/Đế-lót-ly-lót-cốc-chủ-đề-mê-cung-không-thấm-nước-chịu-nhiệt-chiếu-liệu-Epoxy-Resin-tròn-10cm-i.105461824.29913868289?extraParams=%7B%22display_model_id%22%3A139363696248%2C%22model_selection_logic%22%3A3%7D
790,Strange Point Store,Tỉnh Lâm Đồng,https://shopee.vn/search?shop=105461824,"Móc khoá tròn dạng Núi sương mù, Chất Liệu Epoxy Resin, Sản xuất thủ công, thích hợp làm quà tặng.",60.000 ₫,"Đặc sản chất lượng - Móc khoá tròn dạng Núi sương mù, Chất Liệu Epoxy Resin, Sản xuất thủ công, thích hợp làm quà tặng.",https://down-vn.img.susercontent.com/file/vn-11134207-7ra0g-m9d57y5nn68490,https://shopee.vn/Móc-khoá-tròn-dạng-Núi-sương-mù-Chất-Liệu-Epoxy-Resin-Sản-xuất-thủ-công-thích-hợp-làm-quà-tặng.-i.105461824.29885983933?extraParams=%7B%22display_model_id%22%3A196065644379%2C%22model_selection_logic%22%3A3%7D
791,Strange Point Store,Tỉnh Lâm Đồng,https://shopee.vn/search?shop=105461824,"Đèn mô hình dạng trứng. Trưng bày bàn làm việc, bàn gaming. Pokemon Snorlax. chất liệu Epoxy Resin",500.000 ₫,"Đặc sản chất lượng - Đèn mô hình dạng trứng. Trưng bày bàn làm việc, bàn gaming. Pokemon Snorlax. chất liệu Epoxy Resin",https://down-vn.img.susercontent.com/file/vn-11134207-7ra0g-m723gqug04s84d,https://shopee.vn/Đèn-mô-hình-dạng-trứng.-Trưng-bày-bàn-làm-việc-bàn-gaming.-Pokemon-Snorlax.-chất-liệu-Epoxy-Resin-i.105461824.29878766397?extraParams=%7B%22display_model_id%22%3A178761803248%2C%22model_selection_logic%22%3A3%7D
792,Strange Point Store,Tỉnh Lâm Đồng,https://shopee.vn/search?shop=105461824,"Đế lót ly, lót cốc, chủ đề hạt nhân, không thấm nước, chịu nhiệt,chiếu liệu Epoxy Resin, tròn 10cm",50.000 ₫,"Đặc sản chất lượng - Đế lót ly, lót cốc, chủ đề hạt nhân, không thấm nước, chịu nhiệt,chiếu liệu Epoxy Resin, tròn 10cm",https://down-vn.img.susercontent.com/file/vn-11134207-7ra0g-m9ef3qegx5ri65,https://shopee.vn/Đế-lót-ly-lót-cốc-chủ-đề-hạt-nhân-không-thấm-nước-chịu-nhiệt-chiếu-liệu-Epoxy-Resin-tròn-10cm-i.105461824.29863862984?extraParams=%7B%22display_model_id%22%3A258383515229%2C%22model_selection_logic%22%3A3%7D
793,Strange Point Store,Tỉnh Lâm Đồng,https://shopee.vn/search?shop=105461824,"Đế lót ly, lót cốc, chủ đề lát chanh, không thấm nước, chịu nhiệt,chiếu liệu Epoxy Resin, tròn 10cm",50.000 ₫,"Đặc sản chất lượng - Đế lót ly, lót cốc, chủ đề lát chanh, không thấm nước, chịu nhiệt,chiếu liệu Epoxy Resin, tròn 10cm",https://down-vn.img.susercontent.com/file/vn-11134207-7ra0g-m9ef3pu7qstq62,https://shopee.vn/Đế-lót-ly-lót-cốc-chủ-đề-lát-chanh-không-thấm-nước-chịu-nhiệt-chiếu-liệu-Epoxy-Resin-tròn-10cm-i.105461824.29836090385?extraParams=%7B%22display_model_id%22%3A270115280433%2C%22model_selection_logic%22%3A3%7D
794,Strange Point Store,Tỉnh Lâm Đồng,https://shopee.vn/search?shop=105461824,"Đế lót ly, lót cốc. Chủ đề bông hoa. Chất liệu Epoxy Resin, Sản xuất thủ công Strange Point.",50.000 ₫,"Đặc sản chất lượng - Đế lót ly, lót cốc. Chủ đề bông hoa. Chất liệu Epoxy Resin, Sản xuất thủ công Strange Point.",https://down-vn.img.susercontent.com/file/vn-11134207-7ra0g-m9ef36becozrb2,https://shopee.vn/Đế-lót-ly-lót-cốc.-Chủ-đề-bông-hoa.-Chất-liệu-Epoxy-Resin-Sản-xuất-thủ-công-Strange-Point.-i.105461824.29736100605?extraParams=%7B%22display_model_id%22%3A234216665104%2C%22model_selection_logic%22%3A3%7D
795,Văn Phòng Phẩm Ngọc Nhung,Thành phố Hồ Chí Minh,https://shopee.vn/search?shop=960446619,Giấy gói hoa ❤️2 mặt 2 màu trơn❤️ phong cách Hàn Quốc 58*58 cm,28.000 ₫,Đặc sản chất lượng - Giấy gói hoa ❤️2 mặt 2 màu trơn❤️ phong cách Hàn Quốc 58*58 cm,https://down-vn.img.susercontent.com/file/vn-11134207-7qukw-lf5kkc1bgfbe1c,https://shopee.vn/Giấy-gói-hoa-❤️2-mặt-2-màu-trơn❤️-phong-cách-Hàn-Quốc-58*58-cm-i.960446619.22527880541?extraParams=%7B%22display_model_id%22%3A29606837866%2C%22model_selection_logic%22%3A3%7D
796,Văn Phòng Phẩm Ngọc Nhung,Thành phố Hồ Chí Minh,https://shopee.vn/search?shop=960446619,"Giấy gói hoa, gói quà, gói kẹo❤️ kraft trắng thông điệp ngọt ngào❤️",23.000 ₫,"Đặc sản chất lượng - Giấy gói hoa, gói quà, gói kẹo❤️ kraft trắng thông điệp ngọt ngào❤️",https://down-vn.img.susercontent.com/file/vn-11134207-7qukw-lf5k9j6o3ouiea,https://shopee.vn/Giấy-gói-hoa-gói-quà-gói-kẹo❤️-kraft-trắng-thông-điệp-ngọt-ngào❤️-i.960446619.23727861057?extraParams=%7B%22display_model_id%22%3A248573477226%2C%22model_selection_logic%22%3A3%7D
797,Văn Phòng Phẩm Ngọc Nhung,Thành phố Hồ Chí Minh,https://shopee.vn/search?shop=960446619,Ruy băng lụa voan kim tuyến viền sóng 4 cm,19.000 ₫,Đặc sản chất lượng - Ruy băng lụa voan kim tuyến viền sóng 4 cm,https://down-vn.img.susercontent.com/file/vn-11134207-7qukw-lf5g4yuuqe8a09,https://shopee.vn/Ruy-băng-lụa-voan-kim-tuyến-viền-sóng-4-cm-i.960446619.22627992385?extraParams=%7B%22display_model_id%22%3A270559188856%2C%22model_selection_logic%22%3A3%7D
798,Văn Phòng Phẩm Ngọc Nhung,Thành phố Hồ Chí Minh,https://shopee.vn/search?shop=960446619,"Vải lưới sóng nhăn 28x70 cm (kéo căng) ❤️ gói hoa phong cách Hàn Quốc, bó hoa nghệ thuật",14.000 ₫,"Đặc sản chất lượng - Vải lưới sóng nhăn 28x70 cm (kéo căng) ❤️ gói hoa phong cách Hàn Quốc, bó hoa nghệ thuật",https://down-vn.img.susercontent.com/file/vn-11134207-7qukw-lf5k30kxf0if0f,https://shopee.vn/Vải-lưới-sóng-nhăn-28x70-cm-(kéo-căng)-❤️-gói-hoa-phong-cách-Hàn-Quốc-bó-hoa-nghệ-thuật-i.960446619.23327810173?extraParams=%7B%22display_model_id%22%3A49920690495%2C%22model_selection_logic%22%3A3%7D
799,Văn Phòng Phẩm Ngọc Nhung,Thành phố Hồ Chí Minh,https://shopee.vn/search?shop=960446619,Giấy gói hoa ❤️ bóng mờ trơn một màu❤️ 58*58 cm không thấm nước,28.500 ₫,Đặc sản chất lượng - Giấy gói hoa ❤️ bóng mờ trơn một màu❤️ 58*58 cm không thấm nước,https://down-vn.img.susercontent.com/file/vn-11134207-7qukw-lf5ks0w3zzh3d6,https://shopee.vn/Giấy-gói-hoa-❤️-bóng-mờ-trơn-một-màu❤️-58*58-cm-không-thấm-nước-i.960446619.19374616531?extraParams=%7B%22display_model_id%22%3A295555449344%2C%22model_selection_logic%22%3A3%7D
800,Văn Phòng Phẩm Ngọc Nhung,Thành phố Hồ Chí Minh,https://shopee.vn/search?shop=960446619,Giấy gấm lì ❤️ trơn một màu ❤️ phong cách Hàn Quốc 58*58 cm,21.500 ₫,Đặc sản chất lượng - Giấy gấm lì ❤️ trơn một màu ❤️ phong cách Hàn Quốc 58*58 cm,https://down-vn.img.susercontent.com/file/vn-11134207-7qukw-lh8khfrwit6a80,https://shopee.vn/Giấy-gấm-lì-❤️-trơn-một-màu-❤️-phong-cách-Hàn-Quốc-58*58-cm-i.960446619.23169094082?extraParams=%7B%22display_model_id%22%3A89850476198%2C%22model_selection_logic%22%3A3%7D
801,Văn Phòng Phẩm Ngọc Nhung,Thành phố Hồ Chí Minh,https://shopee.vn/search?shop=960446619,Túi bóng kính bó hoa ❤️in chữ❤️ phong  cách Hàn Quốc 5-7 bông 45*27 cm,15.500 ₫,Đặc sản chất lượng - Túi bóng kính bó hoa ❤️in chữ❤️ phong  cách Hàn Quốc 5-7 bông 45*27 cm,https://down-vn.img.susercontent.com/file/vn-11134207-7qukw-lf5kkc1b2dmy9d,https://shopee.vn/Túi-bóng-kính-bó-hoa-❤️in-chữ❤️-phong-cách-Hàn-Quốc-5-7-bông-45*27-cm-i.960446619.22227899596?extraParams=%7B%22display_model_id%22%3A300555585359%2C%22model_selection_logic%22%3A3%7D
802,Văn Phòng Phẩm Ngọc Nhung,Thành phố Hồ Chí Minh,https://shopee.vn/search?shop=960446619,Giấy gói hoa ❤️ họa tiết caro ❤️ phong cách Hàn Quốc màu siêu xinh,27.500 ₫,Đặc sản chất lượng - Giấy gói hoa ❤️ họa tiết caro ❤️ phong cách Hàn Quốc màu siêu xinh,https://down-vn.img.susercontent.com/file/vn-11134207-7qukw-lf87uk4z6kpjd5,https://shopee.vn/Giấy-gói-hoa-❤️-họa-tiết-caro-❤️-phong-cách-Hàn-Quốc-màu-siêu-xinh-i.960446619.15697112415?extraParams=%7B%22display_model_id%22%3A290555602642%2C%22model_selection_logic%22%3A3%7D
803,Văn Phòng Phẩm Ngọc Nhung,Thành phố Hồ Chí Minh,https://shopee.vn/search?shop=960446619,Giấy lụa mỏng gói hoa khổ 50x50 cm,28.000 ₫,Đặc sản chất lượng - Giấy lụa mỏng gói hoa khổ 50x50 cm,https://down-vn.img.susercontent.com/file/vn-11134207-7qukw-lf5k0tgh7djr4d,https://shopee.vn/Giấy-lụa-mỏng-gói-hoa-khổ-50x50-cm-i.960446619.17893115250?extraParams=%7B%22display_model_id%22%3A167221085520%2C%22model_selection_logic%22%3A3%7D
804,Văn Phòng Phẩm Ngọc Nhung,Thành phố Hồ Chí Minh,https://shopee.vn/search?shop=960446619,"Dây ruy băng lụa chữ ❤️ Always by my side❤️ 2,5 cm trang trí bó hoa, quà tặng",17.500 ₫,"Đặc sản chất lượng - Dây ruy băng lụa chữ ❤️ Always by my side❤️ 2,5 cm trang trí bó hoa, quà tặng",https://down-vn.img.susercontent.com/file/vn-11134207-7r98o-lsw4u6ch3v0k91,https://shopee.vn/Dây-ruy-băng-lụa-chữ-❤️-Always-by-my-side❤️-2-5-cm-trang-trí-bó-hoa-quà-tặng-i.960446619.20774656072?extraParams=%7B%22display_model_id%22%3A300559495736%2C%22model_selection_logic%22%3A3%7D
805,Catholic in Art,Thành phố Hồ Chí Minh,https://shopee.vn/search?shop=951801281,Móc khóa quà tặng Công Giáo - Giêsu bên con dễ thương,10.000 ₫,Đặc sản chất lượng - Móc khóa quà tặng Công Giáo - Giêsu bên con dễ thương,https://down-vn.img.susercontent.com/file/sg-11134201-820ns-mn9tnci3pfy96b,https://shopee.vn/Móc-khóa-quà-tặng-Công-Giáo-Giêsu-bên-con-dễ-thương-i.951801281.57009161046?extraParams=%7B%22display_model_id%22%3A267553602122%2C%22model_selection_logic%22%3A3%7D
806,Catholic in Art,Thành phố Hồ Chí Minh,https://shopee.vn/search?shop=951801281,"Sổ tay Công Giáo A5 - Các ngành trong phong trào TNTT - Đẹp mắt, xinh xắn + QUÀ TẶNG",46.500 ₫,"Đặc sản chất lượng - Sổ tay Công Giáo A5 - Các ngành trong phong trào TNTT - Đẹp mắt, xinh xắn + QUÀ TẶNG",https://down-vn.img.susercontent.com/file/sg-11134201-820o3-mn9tw9s19ngoe6,https://shopee.vn/Sổ-tay-Công-Giáo-A5-Các-ngành-trong-phong-trào-TNTT-Đẹp-mắt-xinh-xắn-QUÀ-TẶNG-i.951801281.55909152265?extraParams=%7B%22display_model_id%22%3A325811253932%2C%22model_selection_logic%22%3A3%7D
807,Catholic in Art,Thành phố Hồ Chí Minh,https://shopee.vn/search?shop=951801281,Sổ tay Công Giáo size A5 - Giêsu bên con + QUÀ TẶNG,46.500 ₫,Đặc sản chất lượng - Sổ tay Công Giáo size A5 - Giêsu bên con + QUÀ TẶNG,https://down-vn.img.susercontent.com/file/sg-11134201-820mt-mn9szpqavy1278,https://shopee.vn/Sổ-tay-Công-Giáo-size-A5-Giêsu-bên-con-QUÀ-TẶNG-i.951801281.52159155744?extraParams=%7B%22display_model_id%22%3A249214424674%2C%22model_selection_logic%22%3A3%7D
808,Catholic in Art,Thành phố Hồ Chí Minh,https://shopee.vn/search?shop=951801281,[QUÀ TẶNG KHI MUA TỪ 2 SỔ] Combo Bút bi + Móc khóa ngẫu nhiên,15.000 ₫,Đặc sản chất lượng - [QUÀ TẶNG KHI MUA TỪ 2 SỔ] Combo Bút bi + Móc khóa ngẫu nhiên,https://down-vn.img.susercontent.com/file/sg-11134201-820lr-mn9tu9wbx2wx0a,https://shopee.vn/-QUÀ-TẶNG-KHI-MUA-TỪ-2-SỔ-Combo-Bút-bi-Móc-khóa-ngẫu-nhiên-i.951801281.57359152206?extraParams=%7B%22display_model_id%22%3A445811249690%2C%22model_selection_logic%22%3A3%7D
809,Catholic in Art,Thành phố Hồ Chí Minh,https://shopee.vn/search?shop=951801281,"Sổ tay Công Giáo A5 - sổ tay Thêm Sức 7 ơn Chúa Thánh Thần - Đẹp mắt, xinh xắn",46.500 ₫,"Đặc sản chất lượng - Sổ tay Công Giáo A5 - sổ tay Thêm Sức 7 ơn Chúa Thánh Thần - Đẹp mắt, xinh xắn",https://down-vn.img.susercontent.com/file/sg-11134201-824gf-mpelbtaf99n3d1,https://shopee.vn/Sổ-tay-Công-Giáo-A5-sổ-tay-Thêm-Sức-7-ơn-Chúa-Thánh-Thần-Đẹp-mắt-xinh-xắn-i.951801281.49712152177?extraParams=%7B%22display_model_id%22%3A416053639380%2C%22model_selection_logic%22%3A3%7D
810,Catholic in Art,Thành phố Hồ Chí Minh,https://shopee.vn/search?shop=951801281,[QUÀ TẶNG] Bút Bi Gel Mực Nước 0.5mm Đen,5.000 ₫,Đặc sản chất lượng - [QUÀ TẶNG] Bút Bi Gel Mực Nước 0.5mm Đen,https://down-vn.img.susercontent.com/file/sg-11134201-820mc-mn9ttul8znyed8,https://shopee.vn/-QUÀ-TẶNG-Bút-Bi-Gel-Mực-Nước-0.5mm-Đen-i.951801281.49709172244?extraParams=%7B%22display_model_id%22%3A395811248909%2C%22model_selection_logic%22%3A3%7D
811,Catholic in Art,Thành phố Hồ Chí Minh,https://shopee.vn/search?shop=951801281,Móc khóa Phanxicô Xaviê Trương Bửu Diệp - Quà tặng Công Giáo,11.000 ₫,Đặc sản chất lượng - Móc khóa Phanxicô Xaviê Trương Bửu Diệp - Quà tặng Công Giáo,https://down-vn.img.susercontent.com/file/sg-11134201-824gb-mpdvp3us9gjx6e,https://shopee.vn/Móc-khóa-Phanxicô-Xaviê-Trương-Bửu-Diệp-Quà-tặng-Công-Giáo-i.951801281.46962129437?extraParams=%7B%22display_model_id%22%3A228300375178%2C%22model_selection_logic%22%3A3%7D
812,Catholic in Art,Thành phố Hồ Chí Minh,https://shopee.vn/search?shop=951801281,Móc khóa Logo TNTT - Quà tặng Công Giáo,11.000 ₫,Đặc sản chất lượng - Móc khóa Logo TNTT - Quà tặng Công Giáo,https://down-vn.img.susercontent.com/file/sg-11134201-824h9-mpdvo6vs32maf0,https://shopee.vn/Móc-khóa-Logo-TNTT-Quà-tặng-Công-Giáo-i.951801281.45512132932?extraParams=%7B%22display_model_id%22%3A441052362895%2C%22model_selection_logic%22%3A3%7D
813,Quà Tặng eotico,Thành phố Hồ Chí Minh,https://shopee.vn/search?shop=1317821627,"Đèn ngủ 3D - Đèn trang trí bàn làm việc, không gian phòng khách, làm quà tặng có sẵn hộp quà",55.000 ₫,"Đặc sản chất lượng - Đèn ngủ 3D - Đèn trang trí bàn làm việc, không gian phòng khách, làm quà tặng có sẵn hộp quà",https://down-vn.img.susercontent.com/file/vn-11134207-81ztc-mm7b1owrumf923,https://shopee.vn/Đèn-ngủ-3D-Đèn-trang-trí-bàn-làm-việc-không-gian-phòng-khách-làm-quà-tặng-có-sẵn-hộp-quà-i.1317821627.29032483447?extraParams=%7B%22display_model_id%22%3A297005618732%2C%22model_selection_logic%22%3A3%7D
814,Quà Tặng eotico,Thành phố Hồ Chí Minh,https://shopee.vn/search?shop=1317821627,"Đèn ngủ 3D quả cầu pha lê phát sáng nhiều màu, trang trí phòng ngủ, bàn làm việc - Quà Tặng eotico",50.000 ₫,"Đặc sản chất lượng - Đèn ngủ 3D quả cầu pha lê phát sáng nhiều màu, trang trí phòng ngủ, bàn làm việc - Quà Tặng eotico",https://down-vn.img.susercontent.com/file/vn-11134207-820l4-mjb7fhuqq5fr62,https://shopee.vn/Đèn-ngủ-3D-quả-cầu-pha-lê-phát-sáng-nhiều-màu-trang-trí-phòng-ngủ-bàn-làm-việc-Quà-Tặng-eotico-i.1317821627.26458548129?extraParams=%7B%22display_model_id%22%3A109474951264%2C%22model_selection_logic%22%3A3%7D
815,Quà Tặng eotico,Thành phố Hồ Chí Minh,https://shopee.vn/search?shop=1317821627,"Đèn Led Mini Siêu Sáng Cầm Tay 6500K hỗ trợ Ánh Sáng cho Quay Video, Chụp Ảnh, Livestream, Quay Vlog",50.000 ₫,"Đặc sản chất lượng - Đèn Led Mini Siêu Sáng Cầm Tay 6500K hỗ trợ Ánh Sáng cho Quay Video, Chụp Ảnh, Livestream, Quay Vlog",https://down-vn.img.susercontent.com/file/vn-11134207-820l4-mjoazts12mmde2,https://shopee.vn/Đèn-Led-Mini-Siêu-Sáng-Cầm-Tay-6500K-hỗ-trợ-Ánh-Sáng-cho-Quay-Video-Chụp-Ảnh-Livestream-Quay-Vlog-i.1317821627.26413514679?extraParams=%7B%22display_model_id%22%3A302016833902%2C%22model_selection_logic%22%3A3%7D
816,Quà Tặng eotico,Thành phố Hồ Chí Minh,https://shopee.vn/search?shop=1317821627,"Đế Gỗ Đèn Led Phát Sáng Ban Đêm, Phụ Kiện Trang Trí Đồ Dùng Thêm Lung Linh, Decor Trang Trí",19.000 ₫,"Đặc sản chất lượng - Đế Gỗ Đèn Led Phát Sáng Ban Đêm, Phụ Kiện Trang Trí Đồ Dùng Thêm Lung Linh, Decor Trang Trí",https://down-vn.img.susercontent.com/file/vn-11134207-81ztc-mo0wcwdbjd365d,https://shopee.vn/Đế-Gỗ-Đèn-Led-Phát-Sáng-Ban-Đêm-Phụ-Kiện-Trang-Trí-Đồ-Dùng-Thêm-Lung-Linh-Decor-Trang-Trí-i.1317821627.54560207698?extraParams=%7B%22display_model_id%22%3A307603309996%2C%22model_selection_logic%22%3A3%7D
817,Quà Tặng eotico,Thành phố Hồ Chí Minh,https://shopee.vn/search?shop=1317821627,Đèn ngủ hình hoa hướng dương khô kết hợp đen led - Quà tặng tốt nghiệp ý nghĩa,85.000 ₫,Đặc sản chất lượng - Đèn ngủ hình hoa hướng dương khô kết hợp đen led - Quà tặng tốt nghiệp ý nghĩa,https://down-vn.img.susercontent.com/file/vn-11134207-81ztc-mnyguejhoy6e2b,https://shopee.vn/Đèn-ngủ-hình-hoa-hướng-dương-khô-kết-hợp-đen-led-Quà-tặng-tốt-nghiệp-ý-nghĩa-i.1317821627.45410062898?extraParams=%7B%22display_model_id%22%3A340884855475%2C%22model_selection_logic%22%3A3%7D
818,Quà Tặng eotico,Thành phố Hồ Chí Minh,https://shopee.vn/search?shop=1317821627,"Quà tặng hoa hồng khô kết hợp đèn led mhiều màu đế nhựa - Quà tặng bạn bè, người thân",75.000 ₫,"Đặc sản chất lượng - Quà tặng hoa hồng khô kết hợp đèn led mhiều màu đế nhựa - Quà tặng bạn bè, người thân",https://down-vn.img.susercontent.com/file/vn-11134207-81ztc-mlrlafcxmosged,https://shopee.vn/Quà-tặng-hoa-hồng-khô-kết-hợp-đèn-led-mhiều-màu-đế-nhựa-Quà-tặng-bạn-bè-người-thân-i.1317821627.50756578824?extraParams=%7B%22display_model_id%22%3A380737458876%2C%22model_selection_logic%22%3A3%7D
819,Quà Tặng eotico,Thành phố Hồ Chí Minh,https://shopee.vn/search?shop=1317821627,Đèn LED Cầm Tay RGB Nhiều Màu Sắc Dùng Làm Đạo Cụ Chụp Ảnh Trong Nhà / Ngoài Trời -  Đèn livestream,89.000 ₫,Đặc sản chất lượng - Đèn LED Cầm Tay RGB Nhiều Màu Sắc Dùng Làm Đạo Cụ Chụp Ảnh Trong Nhà / Ngoài Trời -  Đèn livestream,https://down-vn.img.susercontent.com/file/vn-11134207-820l4-meffsth9rmkg41,https://shopee.vn/Đèn-LED-Cầm-Tay-RGB-Nhiều-Màu-Sắc-Dùng-Làm-Đạo-Cụ-Chụp-Ảnh-Trong-Nhà-Ngoài-Trời-Đèn-livestream-i.1317821627.29363608269?extraParams=%7B%22display_model_id%22%3A233658111422%2C%22model_selection_logic%22%3A3%7D
820,Quà Tặng eotico,Thành phố Hồ Chí Minh,https://shopee.vn/search?shop=1317821627,Đèn Ngủ 3D Pha Lê Hình Trăng - Đèn trang trí decor bàn làm việc ánh sáng vàng đế gỗ nguyên khối,55.000 ₫,Đặc sản chất lượng - Đèn Ngủ 3D Pha Lê Hình Trăng - Đèn trang trí decor bàn làm việc ánh sáng vàng đế gỗ nguyên khối,https://down-vn.img.susercontent.com/file/vn-11134207-820l4-mjw1oojpucjqa1,https://shopee.vn/Đèn-Ngủ-3D-Pha-Lê-Hình-Trăng-Đèn-trang-trí-decor-bàn-làm-việc-ánh-sáng-vàng-đế-gỗ-nguyên-khối-i.1317821627.26328763609?extraParams=%7B%22display_model_id%22%3A320469854358%2C%22model_selection_logic%22%3A3%7D
821,Quà Tặng eotico,Thành phố Hồ Chí Minh,https://shopee.vn/search?shop=1317821627,Gậy chụp ảnh 3 chân L16 cao 1m55 - Gậy selfie 3 chân cao cấp điều khiến bluetooth có đèn trợ sáng,69.000 ₫,Đặc sản chất lượng - Gậy chụp ảnh 3 chân L16 cao 1m55 - Gậy selfie 3 chân cao cấp điều khiến bluetooth có đèn trợ sáng,https://down-vn.img.susercontent.com/file/vn-11134207-7r98o-lzomjwv4yye9ab,https://shopee.vn/Gậy-chụp-ảnh-3-chân-L16-cao-1m55-Gậy-selfie-3-chân-cao-cấp-điều-khiến-bluetooth-có-đèn-trợ-sáng-i.1317821627.27256434063?extraParams=%7B%22display_model_id%22%3A260368793162%2C%22model_selection_logic%22%3A3%7D
822,Quà Tặng eotico,Thành phố Hồ Chí Minh,https://shopee.vn/search?shop=1317821627,Quà Tặng Hoa Hồng Đế Gỗ Cao Cấp Có Đèn Bên Trong Vòm Thủy Tinh Sắc Nét - Quà Tặng eotico,125.000 ₫,Đặc sản chất lượng - Quà Tặng Hoa Hồng Đế Gỗ Cao Cấp Có Đèn Bên Trong Vòm Thủy Tinh Sắc Nét - Quà Tặng eotico,https://down-vn.img.susercontent.com/file/vn-11134207-81ztc-ml9f83lj7n607b,https://shopee.vn/Quà-Tặng-Hoa-Hồng-Đế-Gỗ-Cao-Cấp-Có-Đèn-Bên-Trong-Vòm-Thủy-Tinh-Sắc-Nét-Quà-Tặng-eotico-i.1317821627.56206543938?extraParams=%7B%22display_model_id%22%3A310592291066%2C%22model_selection_logic%22%3A3%7D
823,SÀI GÒN GIFTS,Thành phố Hồ Chí Minh,https://shopee.vn/search?shop=1234534567,"GIFT BOX SET QUÀ TẶNG LEN 4 MÓN CHẬU 1 BÔNG - 6 BÔNG TULIP ,HOA CÚC, HƯỚNG DƯƠNG LEN QUÀ TẶNG 8/3 SINH NHẬT TỐT NGHIỆP..",55.000 ₫,"Đặc sản chất lượng - GIFT BOX SET QUÀ TẶNG LEN 4 MÓN CHẬU 1 BÔNG - 6 BÔNG TULIP ,HOA CÚC, HƯỚNG DƯƠNG LEN QUÀ TẶNG 8/3 SINH NHẬT TỐT NGHIỆP..",https://down-vn.img.susercontent.com/file/vn-11134207-7ra0g-m9dy7vb66buv42,https://shopee.vn/GIFT-BOX-SET-QUÀ-TẶNG-LEN-4-MÓN-CHẬU-1-BÔNG-6-BÔNG-TULIP-HOA-CÚC-HƯỚNG-DƯƠNG-LEN-QUÀ-TẶNG-8-3-SINH-NHẬT-TỐT-NGHIỆP..-i.1234534567.26431886802?extraParams=%7B%22display_model_id%22%3A128322702223%2C%22model_selection_logic%22%3A3%7D
824,SÀI GÒN GIFTS,Thành phố Hồ Chí Minh,https://shopee.vn/search?shop=1234534567,"GIFT BOX HỘP QUÀ TẶNG 5 MÓN GẤU BÔNG BÚP BÊ BẠN NAM BẠN NỮ BẰNG LEN, SET QUÀ TỐT NGHIỆP KỶ YẾU SINH NHẬT TẶNG KÈM TÚI",79.999 ₫,"Đặc sản chất lượng - GIFT BOX HỘP QUÀ TẶNG 5 MÓN GẤU BÔNG BÚP BÊ BẠN NAM BẠN NỮ BẰNG LEN, SET QUÀ TỐT NGHIỆP KỶ YẾU SINH NHẬT TẶNG KÈM TÚI",https://down-vn.img.susercontent.com/file/vn-11134207-7ra0g-m9305zcs0fpec3,https://shopee.vn/GIFT-BOX-HỘP-QUÀ-TẶNG-5-MÓN-GẤU-BÔNG-BÚP-BÊ-BẠN-NAM-BẠN-NỮ-BẰNG-LEN-SET-QUÀ-TỐT-NGHIỆP-KỶ-YẾU-SINH-NHẬT-TẶNG-KÈM-TÚI-i.1234534567.28234124719?extraParams=%7B%22display_model_id%22%3A305269167963%2C%22model_selection_logic%22%3A3%7D
825,SÀI GÒN GIFTS,Thành phố Hồ Chí Minh,https://shopee.vn/search?shop=1234534567,"BÓ HOA LEN BẠN NAM, BẠN NỮ HƯỚNG DƯƠNG TẶNG LỄ KỈ YẾU TỐT NGHIỆP XINH XẮN",189.000 ₫,"Đặc sản chất lượng - BÓ HOA LEN BẠN NAM, BẠN NỮ HƯỚNG DƯƠNG TẶNG LỄ KỈ YẾU TỐT NGHIỆP XINH XẮN",https://down-vn.img.susercontent.com/file/vn-11134207-7ra0g-m6hq08uud8480f,https://shopee.vn/BÓ-HOA-LEN-BẠN-NAM-BẠN-NỮ-HƯỚNG-DƯƠNG-TẶNG-LỄ-KỈ-YẾU-TỐT-NGHIỆP-XINH-XẮN-i.1234534567.27676842655?extraParams=%7B%22display_model_id%22%3A198231570786%2C%22model_selection_logic%22%3A3%7D
826,SÀI GÒN GIFTS,Thành phố Hồ Chí Minh,https://shopee.vn/search?shop=1234534567,BÓ HOA LEN MIX GẤU BÔNG CAPYBARA KÈM BANER GRADUATION QUÀ TẶNG TỐT NGHIỆP KỈ YẾU ĐÁNG YÊU,119.000 ₫,Đặc sản chất lượng - BÓ HOA LEN MIX GẤU BÔNG CAPYBARA KÈM BANER GRADUATION QUÀ TẶNG TỐT NGHIỆP KỈ YẾU ĐÁNG YÊU,https://down-vn.img.susercontent.com/file/vn-11134207-7ra0g-m8rxvbni24xa67,https://shopee.vn/BÓ-HOA-LEN-MIX-GẤU-BÔNG-CAPYBARA-KÈM-BANER-GRADUATION-QUÀ-TẶNG-TỐT-NGHIỆP-KỈ-YẾU-ĐÁNG-YÊU-i.1234534567.27782571888?extraParams=%7B%22display_model_id%22%3A248115303148%2C%22model_selection_logic%22%3A3%7D
827,SÀI GÒN GIFTS,Thành phố Hồ Chí Minh,https://shopee.vn/search?shop=1234534567,BÓ HOA LEN BẠN NAM BẠN NỮ TULIP TẶNG LỄ KỈ YẾU TỐT NGHIỆP ĐÁNG YÊU,219.000 ₫,Đặc sản chất lượng - BÓ HOA LEN BẠN NAM BẠN NỮ TULIP TẶNG LỄ KỈ YẾU TỐT NGHIỆP ĐÁNG YÊU,https://down-vn.img.susercontent.com/file/vn-11134207-7ra0g-m9iung0is0ha80,https://shopee.vn/BÓ-HOA-LEN-BẠN-NAM-BẠN-NỮ-TULIP-TẶNG-LỄ-KỈ-YẾU-TỐT-NGHIỆP-ĐÁNG-YÊU-i.1234534567.29227094594?extraParams=%7B%22display_model_id%22%3A159161034963%2C%22model_selection_logic%22%3A3%7D
828,SÀI GÒN GIFTS,Thành phố Hồ Chí Minh,https://shopee.vn/search?shop=1234534567,"BÓ HOA LEN TULIP HƯỚNG DƯƠNG GẮN BÌA CỨNG QUÀ TẶNG LỄ KỈ YẾU KỶ YẾU TỐT NGHIỆP, 8/3, 20/10, 20/11, VALENTINE,...",35.000 ₫,"Đặc sản chất lượng - BÓ HOA LEN TULIP HƯỚNG DƯƠNG GẮN BÌA CỨNG QUÀ TẶNG LỄ KỈ YẾU KỶ YẾU TỐT NGHIỆP, 8/3, 20/10, 20/11, VALENTINE,...",https://down-vn.img.susercontent.com/file/vn-11134207-7ra0g-m87skbwu1chz8e,https://shopee.vn/BÓ-HOA-LEN-TULIP-HƯỚNG-DƯƠNG-GẮN-BÌA-CỨNG-QUÀ-TẶNG-LỄ-KỈ-YẾU-KỶ-YẾU-TỐT-NGHIỆP-8-3-20-10-20-11-VALENTINE-...-i.1234534567.26281879424?extraParams=%7B%22display_model_id%22%3A79550221408%2C%22model_selection_logic%22%3A3%7D
829,SÀI GÒN GIFTS,Thành phố Hồ Chí Minh,https://shopee.vn/search?shop=1234534567,"GIFT BOX SET QUÀ TẶNG 6 MÓN NẾN THƠM GẤU BÔNG LY SỨ DÀNH CHO NAM NỮ Ý NGHĨA, QUÀ SINH NHẬT, TỐT NGHIỆP, NGÀY KỈ NIỆM",89.000 ₫,"Đặc sản chất lượng - GIFT BOX SET QUÀ TẶNG 6 MÓN NẾN THƠM GẤU BÔNG LY SỨ DÀNH CHO NAM NỮ Ý NGHĨA, QUÀ SINH NHẬT, TỐT NGHIỆP, NGÀY KỈ NIỆM",https://down-vn.img.susercontent.com/file/vn-11134207-7ra0g-m95z59hu68oecb,https://shopee.vn/GIFT-BOX-SET-QUÀ-TẶNG-6-MÓN-NẾN-THƠM-GẤU-BÔNG-LY-SỨ-DÀNH-CHO-NAM-NỮ-Ý-NGHĨA-QUÀ-SINH-NHẬT-TỐT-NGHIỆP-NGÀY-KỈ-NIỆM-i.1234534567.26185169245?extraParams=%7B%22display_model_id%22%3A89175876604%2C%22model_selection_logic%22%3A3%7D
830,SÀI GÒN GIFTS,Thành phố Hồ Chí Minh,https://shopee.vn/search?shop=1234534567,"CHẬU HOA LEN, BÓ HOA LEN, BÚP BÊ LEN HOẢ TỐC",409.000 ₫,"Đặc sản chất lượng - CHẬU HOA LEN, BÓ HOA LEN, BÚP BÊ LEN HOẢ TỐC",https://down-vn.img.susercontent.com/file/vn-11134207-7ras8-mdd5c26ujycc69,https://shopee.vn/CHẬU-HOA-LEN-BÓ-HOA-LEN-BÚP-BÊ-LEN-HOẢ-TỐC-i.1234534567.40662604426?extraParams=%7B%22display_model_id%22%3A249244641804%2C%22model_selection_logic%22%3A3%7D
831,SÀI GÒN GIFTS,Thành phố Hồ Chí Minh,https://shopee.vn/search?shop=1234534567,HỘP QUÀ GẤU KÈM BÓ HOA ĐÁNG YÊU,139.999 ₫,Đặc sản chất lượng - HỘP QUÀ GẤU KÈM BÓ HOA ĐÁNG YÊU,https://down-vn.img.susercontent.com/file/vn-11134207-7ra0g-m6ni48p7s7js37,https://shopee.vn/HỘP-QUÀ-GẤU-KÈM-BÓ-HOA-ĐÁNG-YÊU-i.1234534567.29027376931?extraParams=%7B%22display_model_id%22%3A242724715706%2C%22model_selection_logic%22%3A3%7D
832,Minkyu Gift Thế Giới Quà Tặng,Thành phố Hà Nội,https://shopee.vn/search?shop=1346263889,[SALE 15.6]  Sổ Tô Màu Học Tiếng Anh 50 Tranh Đa Dạng Chủ Đề Giấy Dày Tô Thoả Thích Lò Xo Cao Cấp,34.000 ₫,Đặc sản chất lượng - [SALE 15.6]  Sổ Tô Màu Học Tiếng Anh 50 Tranh Đa Dạng Chủ Đề Giấy Dày Tô Thoả Thích Lò Xo Cao Cấp,https://down-vn.img.susercontent.com/file/vn-11134207-820l4-mg8y4vmbpedp9c,https://shopee.vn/-SALE-15.6-Sổ-Tô-Màu-Học-Tiếng-Anh-50-Tranh-Đa-Dạng-Chủ-Đề-Giấy-Dày-Tô-Thoả-Thích-Lò-Xo-Cao-Cấp-i.1346263889.44475374423?extraParams=%7B%22display_model_id%22%3A157977850843%2C%22model_selection_logic%22%3A3%7D
833,Minkyu Gift Thế Giới Quà Tặng,Thành phố Hà Nội,https://shopee.vn/search?shop=1346263889,"[SALE 15.6] Huy Hiệu 4.4cm In Theo Yêu Cầu, Huy Hiệu In Hình Ghép Mặt, Logo, Pin Cài Áo, Balo",18.000 ₫,"Đặc sản chất lượng - [SALE 15.6] Huy Hiệu 4.4cm In Theo Yêu Cầu, Huy Hiệu In Hình Ghép Mặt, Logo, Pin Cài Áo, Balo",https://down-vn.img.susercontent.com/file/vn-11134207-7ras8-mby7ct6fnte648,https://shopee.vn/-SALE-15.6-Huy-Hiệu-4.4cm-In-Theo-Yêu-Cầu-Huy-Hiệu-In-Hình-Ghép-Mặt-Logo-Pin-Cài-Áo-Balo-i.1346263889.26886435193?extraParams=%7B%22display_model_id%22%3A206076987358%2C%22model_selection_logic%22%3A3%7D
834,Minkyu Gift Thế Giới Quà Tặng,Thành phố Hà Nội,https://shopee.vn/search?shop=1346263889,"[20 CHỦ ĐỀ] Tập Tranh Trí Tuệ Tô Màu Rời Đa Dạng Chủ Đề, Giúp Bé Vừa Sáng Tạo Vừa Học Tiếng Anh",24.000 ₫,"Đặc sản chất lượng - [20 CHỦ ĐỀ] Tập Tranh Trí Tuệ Tô Màu Rời Đa Dạng Chủ Đề, Giúp Bé Vừa Sáng Tạo Vừa Học Tiếng Anh",https://down-vn.img.susercontent.com/file/vn-11134207-820l4-mjozbo45jq4l3e,https://shopee.vn/-20-CHỦ-ĐỀ-Tập-Tranh-Trí-Tuệ-Tô-Màu-Rời-Đa-Dạng-Chủ-Đề-Giúp-Bé-Vừa-Sáng-Tạo-Vừa-Học-Tiếng-Anh-i.1346263889.42177363075?extraParams=%7B%22display_model_id%22%3A196355983969%2C%22model_selection_logic%22%3A3%7D
835,Minkyu Gift Thế Giới Quà Tặng,Thành phố Hà Nội,https://shopee.vn/search?shop=1346263889,"[SALE 15.6] Bộ Bài Tarot Smith-Waite Centennial 78 Lá Đầy Đủ, Có Hướng Dẫn, Hộp Nhỏ Gọn, Cao Cấp",39.000 ₫,"Đặc sản chất lượng - [SALE 15.6] Bộ Bài Tarot Smith-Waite Centennial 78 Lá Đầy Đủ, Có Hướng Dẫn, Hộp Nhỏ Gọn, Cao Cấp",https://down-vn.img.susercontent.com/file/vn-11134207-81ztc-mpdht4dh24ge74,https://shopee.vn/-SALE-15.6-Bộ-Bài-Tarot-Smith-Waite-Centennial-78-Lá-Đầy-Đủ-Có-Hướng-Dẫn-Hộp-Nhỏ-Gọn-Cao-Cấp-i.1346263889.28419427995?extraParams=%7B%22display_model_id%22%3A405276834129%2C%22model_selection_logic%22%3A3%7D
836,Minkyu Gift Thế Giới Quà Tặng,Thành phố Hà Nội,https://shopee.vn/search?shop=1346263889,"MÔ HÌNH ACRYLIC Kamen Rider 15cm, Mô Hình Cao Cấp RyuKi, Kuga, Decade, Decor, Trang Trí Sưu Tầm",39.000 ₫,"Đặc sản chất lượng - MÔ HÌNH ACRYLIC Kamen Rider 15cm, Mô Hình Cao Cấp RyuKi, Kuga, Decade, Decor, Trang Trí Sưu Tầm",https://down-vn.img.susercontent.com/file/sg-11134201-7rd74-m7t6q0zrflc714,https://shopee.vn/MÔ-HÌNH-ACRYLIC-Kamen-Rider-15cm-Mô-Hình-Cao-Cấp-RyuKi-Kuga-Decade-Decor-Trang-Trí-Sưu-Tầm-i.1346263889.26680908233?extraParams=%7B%22display_model_id%22%3A177063536016%2C%22model_selection_logic%22%3A3%7D
837,Minkyu Gift Thế Giới Quà Tặng,Thành phố Hà Nội,https://shopee.vn/search?shop=1346263889,Lót Chuột In Theo Yêu Cầu Dày 3mm Bo Viền Cao Cấp Phụ Kiện Máy Tính Pad Chuột In Hình Cá Nhân,44.000 ₫,Đặc sản chất lượng - Lót Chuột In Theo Yêu Cầu Dày 3mm Bo Viền Cao Cấp Phụ Kiện Máy Tính Pad Chuột In Hình Cá Nhân,https://down-vn.img.susercontent.com/file/vn-11134207-81ztc-mlzsiweb3o5h19,https://shopee.vn/Lót-Chuột-In-Theo-Yêu-Cầu-Dày-3mm-Bo-Viền-Cao-Cấp-Phụ-Kiện-Máy-Tính-Pad-Chuột-In-Hình-Cá-Nhân-i.1346263889.56807397173?extraParams=%7B%22display_model_id%22%3A350657625377%2C%22model_selection_logic%22%3A3%7D
838,Minkyu Gift Thế Giới Quà Tặng,Thành phố Hà Nội,https://shopee.vn/search?shop=1346263889,[Hỏa Tốc] Túi Tote Canvas Vải Bố In Hình Theo Yêu Cầu 2 Nhiều Kích Thước Quà Tặng Độc Đáo,59.000 ₫,Đặc sản chất lượng - [Hỏa Tốc] Túi Tote Canvas Vải Bố In Hình Theo Yêu Cầu 2 Nhiều Kích Thước Quà Tặng Độc Đáo,https://down-vn.img.susercontent.com/file/vn-11134207-81ztc-mmk8bpb8lxc23a,https://shopee.vn/-Hỏa-Tốc-Túi-Tote-Canvas-Vải-Bố-In-Hình-Theo-Yêu-Cầu-2-Nhiều-Kích-Thước-Quà-Tặng-Độc-Đáo-i.1346263889.53258114150?extraParams=%7B%22display_model_id%22%3A310722321489%2C%22model_selection_logic%22%3A3%7D
839,Minkyu Gift Thế Giới Quà Tặng,Thành phố Hà Nội,https://shopee.vn/search?shop=1346263889,"50 Huy Hiệu Lớp Câu Lạc Bộ In Theo Yêu Cầu, Ảnh Đẹp, Bóng Nét, Pin Cài Áo, Balo, Túi Xách, Decor",57.039 ₫,"Đặc sản chất lượng - 50 Huy Hiệu Lớp Câu Lạc Bộ In Theo Yêu Cầu, Ảnh Đẹp, Bóng Nét, Pin Cài Áo, Balo, Túi Xách, Decor",https://down-vn.img.susercontent.com/file/vn-11134207-7ra0g-ma2jknxx101ud3,https://shopee.vn/50-Huy-Hiệu-Lớp-Câu-Lạc-Bộ-In-Theo-Yêu-Cầu-Ảnh-Đẹp-Bóng-Nét-Pin-Cài-Áo-Balo-Túi-Xách-Decor-i.1346263889.42900308976?extraParams=%7B%22display_model_id%22%3A305089059769%2C%22model_selection_logic%22%3A3%7D
840,Minkyu Gift Thế Giới Quà Tặng,Thành phố Hà Nội,https://shopee.vn/search?shop=1346263889,[Tặng Huy Hiệu] Bộ Thẻ Bóng Đá Việt Nam Asia Cup 2025 Thẻ Cán Nhựa Nhám Chống Xước Cao Cấp,39.000 ₫,Đặc sản chất lượng - [Tặng Huy Hiệu] Bộ Thẻ Bóng Đá Việt Nam Asia Cup 2025 Thẻ Cán Nhựa Nhám Chống Xước Cao Cấp,https://down-vn.img.susercontent.com/file/vn-11134207-81ztc-mm1ovcs6ozk10a,https://shopee.vn/-Tặng-Huy-Hiệu-Bộ-Thẻ-Bóng-Đá-Việt-Nam-Asia-Cup-2025-Thẻ-Cán-Nhựa-Nhám-Chống-Xước-Cao-Cấp-i.1346263889.28622860572?extraParams=%7B%22display_model_id%22%3A410663934703%2C%22model_selection_logic%22%3A3%7D
841,Minkyu Gift Thế Giới Quà Tặng,Thành phố Hà Nội,https://shopee.vn/search?shop=1346263889,"Hộp Bút Sáp 36 Màu Dầu Cho Bé Tập Tô Nhập Khẩu Cao Cấp, Màu Sắc Tươi Sáng, An Toàn Có Hộp Đựng",52.920 ₫,"Đặc sản chất lượng - Hộp Bút Sáp 36 Màu Dầu Cho Bé Tập Tô Nhập Khẩu Cao Cấp, Màu Sắc Tươi Sáng, An Toàn Có Hộp Đựng",https://down-vn.img.susercontent.com/file/sg-11134201-825al-mgg1sxnxbv9rbc,https://shopee.vn/Hộp-Bút-Sáp-36-Màu-Dầu-Cho-Bé-Tập-Tô-Nhập-Khẩu-Cao-Cấp-Màu-Sắc-Tươi-Sáng-An-Toàn-Có-Hộp-Đựng-i.1346263889.43775961604?extraParams=%7B%22display_model_id%22%3A405465319259%2C%22model_selection_logic%22%3A3%7D
842,Tạp Hoá GiGiShop,Thành phố Hồ Chí Minh,https://shopee.vn/search?shop=427079515,bình giữ nhiệt Chuk tea and coffee,99.000 ₫,Đặc sản chất lượng - bình giữ nhiệt Chuk tea and coffee,https://down-vn.img.susercontent.com/file/sg-11134201-22120-83hkmbnlk7kv01,https://shopee.vn/bình-giữ-nhiệt-Chuk-tea-and-coffee-i.427079515.19268996473?extraParams=%7B%22display_model_id%22%3A137277755780%2C%22model_selection_logic%22%3A3%7D
843,Tạp Hoá GiGiShop,Thành phố Hồ Chí Minh,https://shopee.vn/search?shop=427079515,Ấn Phẩm Quà Tặng Doraemon x CGV LotteCinema 2026,30.000 ₫,Đặc sản chất lượng - Ấn Phẩm Quà Tặng Doraemon x CGV LotteCinema 2026,https://down-vn.img.susercontent.com/file/vn-11134207-81ztc-mo6o1bcjbu2we4,https://shopee.vn/Ấn-Phẩm-Quà-Tặng-Doraemon-x-CGV-LotteCinema-2026-i.427079515.40080848673?extraParams=%7B%22display_model_id%22%3A360915258457%2C%22model_selection_logic%22%3A3%7D
844,Tạp Hoá GiGiShop,Thành phố Hồ Chí Minh,https://shopee.vn/search?shop=427079515,Móc Khoá Doraemon - Keychain Doraemon CGV 2026,290.000 ₫,Đặc sản chất lượng - Móc Khoá Doraemon - Keychain Doraemon CGV 2026,https://down-vn.img.susercontent.com/file/vn-11134207-81ztc-mo7xe33441dvc3,https://shopee.vn/Móc-Khoá-Doraemon-Keychain-Doraemon-CGV-2026-i.427079515.52910476857?extraParams=%7B%22display_model_id%22%3A340919226480%2C%22model_selection_logic%22%3A3%7D
845,Tạp Hoá GiGiShop,Thành phố Hồ Chí Minh,https://shopee.vn/search?shop=427079515,Móc Khoá Doraemon - Keychain Doraemon x quà tặng Lotte  Cinema 2026,175.000 ₫,Đặc sản chất lượng - Móc Khoá Doraemon - Keychain Doraemon x quà tặng Lotte  Cinema 2026,https://down-vn.img.susercontent.com/file/vn-11134207-81ztc-mo53ypevdb0le1,https://shopee.vn/Móc-Khoá-Doraemon-Keychain-Doraemon-x-quà-tặng-Lotte-Cinema-2026-i.427079515.45260326845?extraParams=%7B%22display_model_id%22%3A325905399881%2C%22model_selection_logic%22%3A3%7D
846,Tạp Hoá GiGiShop,Thành phố Hồ Chí Minh,https://shopee.vn/search?shop=427079515,Gấu Bông Doraemon Ngồi Xe - quà tặng CGV 2026,490.000 ₫,Đặc sản chất lượng - Gấu Bông Doraemon Ngồi Xe - quà tặng CGV 2026,https://down-vn.img.susercontent.com/file/vn-11134207-81ztc-mo7vyry67fgl6a,https://shopee.vn/Gấu-Bông-Doraemon-Ngồi-Xe-quà-tặng-CGV-2026-i.427079515.52060485008?extraParams=%7B%22display_model_id%22%3A335919050256%2C%22model_selection_logic%22%3A3%7D
847,Tạp Hoá GiGiShop,Thành phố Hồ Chí Minh,https://shopee.vn/search?shop=427079515,[HỘP 24 GÓI] Kẹo Socola Sữa M&M Gói 37g - Kẹo Socola Nhân Đậu Phộng,240.000 ₫,Đặc sản chất lượng - [HỘP 24 GÓI] Kẹo Socola Sữa M&M Gói 37g - Kẹo Socola Nhân Đậu Phộng,https://down-vn.img.susercontent.com/file/vn-11134207-81ztc-mn8q9u20vs3m69,https://shopee.vn/-HỘP-24-GÓI-Kẹo-Socola-Sữa-M-M-Gói-37g-Kẹo-Socola-Nhân-Đậu-Phộng-i.427079515.47459135595?extraParams=%7B%22display_model_id%22%3A196383249139%2C%22model_selection_logic%22%3A3%7D
848,Tạp Hoá GiGiShop,Thành phố Hồ Chí Minh,https://shopee.vn/search?shop=427079515,Ly Hoppers Combo CGV x LotteCinema,242.000 ₫,Đặc sản chất lượng - Ly Hoppers Combo CGV x LotteCinema,https://down-vn.img.susercontent.com/file/vn-11134207-81ztc-mlefystc9clh68,https://shopee.vn/Ly-Hoppers-Combo-CGV-x-LotteCinema-i.427079515.47306732803?extraParams=%7B%22display_model_id%22%3A330719760215%2C%22model_selection_logic%22%3A3%7D
849,Tạp Hoá GiGiShop,Thành phố Hồ Chí Minh,https://shopee.vn/search?shop=427079515,"[HOT] Nón ""FEDORA POPCORN"" Michael Jackson - Hộp bắp rang X CGV",375.000 ₫,"Đặc sản chất lượng - [HOT] Nón ""FEDORA POPCORN"" Michael Jackson - Hộp bắp rang X CGV",https://down-vn.img.susercontent.com/file/vn-11134207-81ztc-mn8dlu6n3nd00f,https://shopee.vn/-HOT-Nón-FEDORA-POPCORN-Michael-Jackson-Hộp-bắp-rang-X-CGV-i.427079515.40430195493?extraParams=%7B%22display_model_id%22%3A330806601053%2C%22model_selection_logic%22%3A3%7D
850,Tạp Hoá GiGiShop,Thành phố Hồ Chí Minh,https://shopee.vn/search?shop=427079515,Chăn và bình Mario Galaxy x CGV 2026,220.000 ₫,Đặc sản chất lượng - Chăn và bình Mario Galaxy x CGV 2026,https://down-vn.img.susercontent.com/file/vn-11134207-81ztc-mmit1ga4f954fa,https://shopee.vn/Chăn-và-bình-Mario-Galaxy-x-CGV-2026-i.427079515.42229682705?extraParams=%7B%22display_model_id%22%3A355716552817%2C%22model_selection_logic%22%3A3%7D
851,Tạp Hoá GiGiShop,Thành phố Hồ Chí Minh,https://shopee.vn/search?shop=427079515,Blindbox Đồ Chơi Ngựa Chiêu Tài Pepsi 2026,55.000 ₫,Đặc sản chất lượng - Blindbox Đồ Chơi Ngựa Chiêu Tài Pepsi 2026,https://down-vn.img.susercontent.com/file/vn-11134207-820l4-mj77j10qjh8h92,https://shopee.vn/Blindbox-Đồ-Chơi-Ngựa-Chiêu-Tài-Pepsi-2026-i.427079515.50354294571?extraParams=%7B%22display_model_id%22%3A254138504171%2C%22model_selection_logic%22%3A3%7D
852,Chai lọ Thủy tinh TRACY SHOP,Thành phố Hồ Chí Minh,https://shopee.vn/search?shop=20814989,"Bình Trái Tim Thuỷ Tinh Nắp Gỗ 500ML Dùng Trang Trí, Decor, Quà Tặng  - Tặng kèm dây gai trang trí",29.900 ₫,"Đặc sản chất lượng - Bình Trái Tim Thuỷ Tinh Nắp Gỗ 500ML Dùng Trang Trí, Decor, Quà Tặng  - Tặng kèm dây gai trang trí",https://down-vn.img.susercontent.com/file/vn-11134207-81ztc-mo86m5auutqg8a,https://shopee.vn/Bình-Trái-Tim-Thuỷ-Tinh-Nắp-Gỗ-500ML-Dùng-Trang-Trí-Decor-Quà-Tặng-Tặng-kèm-dây-gai-trang-trí-i.20814989.15465183345?extraParams=%7B%22display_model_id%22%3A325920433614%2C%22model_selection_logic%22%3A3%7D
853,Chai lọ Thủy tinh TRACY SHOP,Thành phố Hồ Chí Minh,https://shopee.vn/search?shop=20814989,"Chai Lọ Thủy Tinh Đựng Dầu Ăn, Nước Mắm, Nước Tương và Gia Vị Khác",34.900 ₫,"Đặc sản chất lượng - Chai Lọ Thủy Tinh Đựng Dầu Ăn, Nước Mắm, Nước Tương và Gia Vị Khác",https://down-vn.img.susercontent.com/file/33402e021fdf0958fa48c2bf312b7e8b,https://shopee.vn/Chai-Lọ-Thủy-Tinh-Đựng-Dầu-Ăn-Nước-Mắm-Nước-Tương-và-Gia-Vị-Khác-i.20814989.9944692742?extraParams=%7B%22display_model_id%22%3A93025239494%2C%22model_selection_logic%22%3A3%7D
854,Chai lọ Thủy tinh TRACY SHOP,Thành phố Hồ Chí Minh,https://shopee.vn/search?shop=20814989,"Chai Thuỷ Tinh Vuông Đựng Dầu ăn, Nước tương, Nước Mắm 250 - 500ml",12.900 ₫,"Đặc sản chất lượng - Chai Thuỷ Tinh Vuông Đựng Dầu ăn, Nước tương, Nước Mắm 250 - 500ml",https://down-vn.img.susercontent.com/file/31b25303e7a3ad692db2d3670d5db344,https://shopee.vn/Chai-Thuỷ-Tinh-Vuông-Đựng-Dầu-ăn-Nước-tương-Nước-Mắm-250-500ml-i.20814989.14918123779?extraParams=%7B%22display_model_id%22%3A150846182257%2C%22model_selection_logic%22%3A3%7D
855,Chai lọ Thủy tinh TRACY SHOP,Thành phố Hồ Chí Minh,https://shopee.vn/search?shop=20814989,Bình nước thuỷ tinh SportLife 1 lít và 750ml kèm túi chống sốc,42.900 ₫,Đặc sản chất lượng - Bình nước thuỷ tinh SportLife 1 lít và 750ml kèm túi chống sốc,https://down-vn.img.susercontent.com/file/sg-11134201-22110-yxd1ru2jw9jv3e,https://shopee.vn/Bình-nước-thuỷ-tinh-SportLife-1-lít-và-750ml-kèm-túi-chống-sốc-i.20814989.2322578238?extraParams=%7B%22display_model_id%22%3A4625999125%2C%22model_selection_logic%22%3A3%7D
856,Chai lọ Thủy tinh TRACY SHOP,Thành phố Hồ Chí Minh,https://shopee.vn/search?shop=20814989,BÌNH THỦY TINH ĐẦU LÂU NÚT GỖ 400ml,33.900 ₫,Đặc sản chất lượng - BÌNH THỦY TINH ĐẦU LÂU NÚT GỖ 400ml,https://down-vn.img.susercontent.com/file/vn-11134207-7r98o-lz15kc0saqw19d,https://shopee.vn/BÌNH-THỦY-TINH-ĐẦU-LÂU-NÚT-GỖ-400ml-i.20814989.714492792?extraParams=%7B%22display_model_id%22%3A22916104930%2C%22model_selection_logic%22%3A3%7D
857,Chai lọ Thủy tinh TRACY SHOP,Thành phố Hồ Chí Minh,https://shopee.vn/search?shop=20814989,"Bình Thủy Tinh PONGDANG Detox 1000ml, 600ml",37.900 ₫,"Đặc sản chất lượng - Bình Thủy Tinh PONGDANG Detox 1000ml, 600ml",https://down-vn.img.susercontent.com/file/vn-11134207-7r98o-lz14fl2f0bil91,https://shopee.vn/Bình-Thủy-Tinh-PONGDANG-Detox-1000ml-600ml-i.20814989.2322559470?extraParams=%7B%22display_model_id%22%3A123724985136%2C%22model_selection_logic%22%3A3%7D
858,Chai lọ Thủy tinh TRACY SHOP,Thành phố Hồ Chí Minh,https://shopee.vn/search?shop=20814989,LY QUAI CẦM THỦY TINH LOẠI DÀY 400ML,27.900 ₫,Đặc sản chất lượng - LY QUAI CẦM THỦY TINH LOẠI DÀY 400ML,https://down-vn.img.susercontent.com/file/11670e36140a5f12b0e01e35f03d8e20,https://shopee.vn/LY-QUAI-CẦM-THỦY-TINH-LOẠI-DÀY-400ML-i.20814989.710609556?extraParams=%7B%22display_model_id%22%3A52127019801%2C%22model_selection_logic%22%3A3%7D
859,Chai lọ Thủy tinh TRACY SHOP,Thành phố Hồ Chí Minh,https://shopee.vn/search?shop=20814989,CHAI THỦY TINH HÌNH CÂY THÔNG 400ML,24.900 ₫,Đặc sản chất lượng - CHAI THỦY TINH HÌNH CÂY THÔNG 400ML,https://down-vn.img.susercontent.com/file/vn-11134207-7r98o-lz22jc7kwxpd7f,https://shopee.vn/CHAI-THỦY-TINH-HÌNH-CÂY-THÔNG-400ML-i.20814989.720464476?extraParams=%7B%22display_model_id%22%3A22916105557%2C%22model_selection_logic%22%3A3%7D
860,Chai lọ Thủy tinh TRACY SHOP,Thành phố Hồ Chí Minh,https://shopee.vn/search?shop=20814989,Bình thuỷ tinh Tháp EIFFEL nút gỗ,20.900 ₫,Đặc sản chất lượng - Bình thuỷ tinh Tháp EIFFEL nút gỗ,https://down-vn.img.susercontent.com/file/vn-11134207-7r98o-lyu6ub5g26h9eb,https://shopee.vn/Bình-thuỷ-tinh-Tháp-EIFFEL-nút-gỗ-i.20814989.17440433369?extraParams=%7B%22display_model_id%22%3A225623398629%2C%22model_selection_logic%22%3A3%7D
861,Chai lọ Thủy tinh TRACY SHOP,Thành phố Hồ Chí Minh,https://shopee.vn/search?shop=20814989,CHAI HỒ LÔ XOẮN 400ML NÚT GỖ,24.900 ₫,Đặc sản chất lượng - CHAI HỒ LÔ XOẮN 400ML NÚT GỖ,https://down-vn.img.susercontent.com/file/31e84cc63d61ba702efe7850c20f7815,https://shopee.vn/CHAI-HỒ-LÔ-XOẮN-400ML-NÚT-GỖ-i.20814989.4018098198?extraParams=%7B%22display_model_id%22%3A32127031205%2C%22model_selection_logic%22%3A3%7D
862,hoànggg linh,Thành phố Hà Nội,https://shopee.vn/search?shop=1772469350,LƯỠI CẮT KIM CƯƠNG SIÊU MỎNG CHO ĐA NĂNG GẠCH ĐÁ HOA CƯƠNG MARBLE GRANITE BÓNG KIẾNG XỊN RẺ SẮC,28.611 ₫,Đặc sản chất lượng - LƯỠI CẮT KIM CƯƠNG SIÊU MỎNG CHO ĐA NĂNG GẠCH ĐÁ HOA CƯƠNG MARBLE GRANITE BÓNG KIẾNG XỊN RẺ SẮC,https://down-vn.img.susercontent.com/file/vn-11134207-81ztc-morrfd4bjlsdd7,https://shopee.vn/LƯỠI-CẮT-KIM-CƯƠNG-SIÊU-MỎNG-CHO-ĐA-NĂNG-GẠCH-ĐÁ-HOA-CƯƠNG-MARBLE-GRANITE-BÓNG-KIẾNG-XỊN-RẺ-SẮC-i.1772469350.28194930473?extraParams=%7B%22display_model_id%22%3A302650453666%2C%22model_selection_logic%22%3A3%7D
863,hoànggg linh,Thành phố Hà Nội,https://shopee.vn/search?shop=1772469350,"Khóa An Toàn Tủ Lạnh Đa Năng Cho Trẻ Em - Chống Mở Ngẫu Nhiên,Ngăn Trẻ Mở Tủ,Chốt khóa tủ lạnh",11.088 ₫,"Đặc sản chất lượng - Khóa An Toàn Tủ Lạnh Đa Năng Cho Trẻ Em - Chống Mở Ngẫu Nhiên,Ngăn Trẻ Mở Tủ,Chốt khóa tủ lạnh",https://down-vn.img.susercontent.com/file/vn-11134207-81ztc-morpffc3ukuj5a,https://shopee.vn/Khóa-An-Toàn-Tủ-Lạnh-Đa-Năng-Cho-Trẻ-Em-Chống-Mở-Ngẫu-Nhiên-Ngăn-Trẻ-Mở-Tủ-Chốt-khóa-tủ-lạnh-i.1772469350.46411251797?extraParams=%7B%22display_model_id%22%3A345978351666%2C%22model_selection_logic%22%3A3%7D
864,hoànggg linh,Thành phố Hà Nội,https://shopee.vn/search?shop=1772469350,"Ròng rọc nhỏ bằng hợp kim kẽm cho nhà kính gia dụng Ròng rọc lỗ thông hơi,INOX 304 hàng chất lượng",15.285 ₫,"Đặc sản chất lượng - Ròng rọc nhỏ bằng hợp kim kẽm cho nhà kính gia dụng Ròng rọc lỗ thông hơi,INOX 304 hàng chất lượng",https://down-vn.img.susercontent.com/file/vn-11134207-81ztc-motjq4jtjhfy73,https://shopee.vn/Ròng-rọc-nhỏ-bằng-hợp-kim-kẽm-cho-nhà-kính-gia-dụng-Ròng-rọc-lỗ-thông-hơi-INOX-304-hàng-chất-lượng-i.1772469350.44131231817?extraParams=%7B%22display_model_id%22%3A282650434130%2C%22model_selection_logic%22%3A3%7D
865,hoànggg linh,Thành phố Hà Nội,https://shopee.vn/search?shop=1772469350,"Tấm lót cốc PVC màu trơn, phụ kiện ô tô, tấm lót cốc nước hình tròn chống trượt cho ô tô.",11.484 ₫,"Đặc sản chất lượng - Tấm lót cốc PVC màu trơn, phụ kiện ô tô, tấm lót cốc nước hình tròn chống trượt cho ô tô.",https://down-vn.img.susercontent.com/file/sg-11134201-822y0-mo542o7z94w640,https://shopee.vn/Tấm-lót-cốc-PVC-màu-trơn-phụ-kiện-ô-tô-tấm-lót-cốc-nước-hình-tròn-chống-trượt-cho-ô-tô.-i.1772469350.58111222633?extraParams=%7B%22display_model_id%22%3A370978196985%2C%22model_selection_logic%22%3A3%7D
866,hoànggg linh,Thành phố Hà Nội,https://shopee.vn/search?shop=1772469350,"Bộ tháo van tam giác Bộ tháo van 4/6 điểm Bộ tháo van ống nước bị vỡ,Vặn tháo ren vòi nước gãy kiểu",17.572 ₫,"Đặc sản chất lượng - Bộ tháo van tam giác Bộ tháo van 4/6 điểm Bộ tháo van ống nước bị vỡ,Vặn tháo ren vòi nước gãy kiểu",https://down-vn.img.susercontent.com/file/vn-11134207-81ztc-mof88rraja4pc4,https://shopee.vn/Bộ-tháo-van-tam-giác-Bộ-tháo-van-4-6-điểm-Bộ-tháo-van-ống-nước-bị-vỡ-Vặn-tháo-ren-vòi-nước-gãy-kiểu-i.1772469350.51860778903?extraParams=%7B%22display_model_id%22%3A425943046731%2C%22model_selection_logic%22%3A3%7D
867,hoànggg linh,Thành phố Hà Nội,https://shopee.vn/search?shop=1772469350,"Hộp đựng thuốc mini di động, hộp đựng thuốc 3 ngăn, hộp đựng thuốc nhỏ gọn",17.424 ₫,"Đặc sản chất lượng - Hộp đựng thuốc mini di động, hộp đựng thuốc 3 ngăn, hộp đựng thuốc nhỏ gọn",https://down-vn.img.susercontent.com/file/sg-11134201-823r1-moqkqgmh2gb1f2,https://shopee.vn/Hộp-đựng-thuốc-mini-di-động-hộp-đựng-thuốc-3-ngăn-hộp-đựng-thuốc-nhỏ-gọn-i.1772469350.57811222663?extraParams=%7B%22display_model_id%22%3A421027104868%2C%22model_selection_logic%22%3A3%7D
868,hoànggg linh,Thành phố Hà Nội,https://shopee.vn/search?shop=1772469350,"Dụng cụ luồn dây mềm dẻo, thiết bị luồn dây, thiết bị hỗ trợ lò xo quần áo, dây chun",8.662 ₫,"Đặc sản chất lượng - Dụng cụ luồn dây mềm dẻo, thiết bị luồn dây, thiết bị hỗ trợ lò xo quần áo, dây chun",https://down-vn.img.susercontent.com/file/sg-11134201-823rj-moqlsatpl6a590,https://shopee.vn/Dụng-cụ-luồn-dây-mềm-dẻo-thiết-bị-luồn-dây-thiết-bị-hỗ-trợ-lò-xo-quần-áo-dây-chun-i.1772469350.29694930474?extraParams=%7B%22display_model_id%22%3A325978426710%2C%22model_selection_logic%22%3A3%7D
869,hoànggg linh,Thành phố Hà Nội,https://shopee.vn/search?shop=1772469350,SET 100 TÚI BÓNG KÍNH STICKER NIÊM PHONG GẤU THỎ SIZE 7x7cm Túi Nhựa Bóng Kính Đựng Bánh Kẹo In Họa,22.512 ₫,Đặc sản chất lượng - SET 100 TÚI BÓNG KÍNH STICKER NIÊM PHONG GẤU THỎ SIZE 7x7cm Túi Nhựa Bóng Kính Đựng Bánh Kẹo In Họa,https://down-vn.img.susercontent.com/file/vn-11134207-81ztc-mof983fvc8ao7d,https://shopee.vn/SET-100-TÚI-BÓNG-KÍNH-STICKER-NIÊM-PHONG-GẤU-THỎ-SIZE-7x7cm-Túi-Nhựa-Bóng-Kính-Đựng-Bánh-Kẹo-In-Họa-i.1772469350.50910791844?extraParams=%7B%22display_model_id%22%3A179158512866%2C%22model_selection_logic%22%3A3%7D
870,hoànggg linh,Thành phố Hà Nội,https://shopee.vn/search?shop=1772469350,"Nút đậy bằng silicon an toàn thực phẩm cho bình giữ nhiệt, nút bịt kín bình nước nóng.Cái Nút Phích",12.177 ₫,"Đặc sản chất lượng - Nút đậy bằng silicon an toàn thực phẩm cho bình giữ nhiệt, nút bịt kín bình nước nóng.Cái Nút Phích",https://down-vn.img.susercontent.com/file/vn-11134207-81ztc-mof77tobo4jy75,https://shopee.vn/Nút-đậy-bằng-silicon-an-toàn-thực-phẩm-cho-bình-giữ-nhiệt-nút-bịt-kín-bình-nước-nóng.Cái-Nút-Phích-i.1772469350.56760791052?extraParams=%7B%22display_model_id%22%3A340942896059%2C%22model_selection_logic%22%3A3%7D
871,hoànggg linh,Thành phố Hà Nội,https://shopee.vn/search?shop=1772469350,"Mũi khoan rãnh gỗ cán thẳng, mũi khoan răng cưa xoắn, thép tốc độ cao, mũi khoan răng cưa.",18.216 ₫,"Đặc sản chất lượng - Mũi khoan rãnh gỗ cán thẳng, mũi khoan răng cưa xoắn, thép tốc độ cao, mũi khoan răng cưa.",https://down-vn.img.susercontent.com/file/sg-11134201-823qu-moql9bqxj7yabc,https://shopee.vn/Mũi-khoan-rãnh-gỗ-cán-thẳng-mũi-khoan-răng-cưa-xoắn-thép-tốc-độ-cao-mũi-khoan-răng-cưa.-i.1772469350.55011219250?extraParams=%7B%22display_model_id%22%3A395978308992%2C%22model_selection_logic%22%3A3%7D
872,Chuồn Chuồn Tre Xinh Shop,Thành phố Hồ Chí Minh,https://shopee.vn/search?shop=27280683,Bộ 10 Chuồn Chuồn Tre Màu Size Nhỏ 7cm – Quà Lưu Niệm Thủ Công Tặng Bạn Nước Ngoài,121.288 ₫,Đặc sản chất lượng - Bộ 10 Chuồn Chuồn Tre Màu Size Nhỏ 7cm – Quà Lưu Niệm Thủ Công Tặng Bạn Nước Ngoài,https://down-vn.img.susercontent.com/file/vn-11134207-820l4-mgashb0j2yvg6b,https://shopee.vn/Bộ-10-Chuồn-Chuồn-Tre-Màu-Size-Nhỏ-7cm-–-Quà-Lưu-Niệm-Thủ-Công-Tặng-Bạn-Nước-Ngoài-i.27280683.1861432788?extraParams=%7B%22display_model_id%22%3A225363245409%2C%22model_selection_logic%22%3A3%7D
873,Chuồn Chuồn Tre Xinh Shop,Thành phố Hồ Chí Minh,https://shopee.vn/search?shop=27280683,"Bộ 10 Chuồn Chuồn Tre 10 Màu Size 12cm – Quà Lưu Niệm Thủ Công, Shop TPHCM",137.128 ₫,"Đặc sản chất lượng - Bộ 10 Chuồn Chuồn Tre 10 Màu Size 12cm – Quà Lưu Niệm Thủ Công, Shop TPHCM",https://down-vn.img.susercontent.com/file/vn-11134207-820l4-mgao0c3gwoi670,https://shopee.vn/Bộ-10-Chuồn-Chuồn-Tre-10-Màu-Size-12cm-–-Quà-Lưu-Niệm-Thủ-Công-Shop-TPHCM-i.27280683.1899809551?extraParams=%7B%22display_model_id%22%3A225363326958%2C%22model_selection_logic%22%3A3%7D
874,Chuồn Chuồn Tre Xinh Shop,Thành phố Hồ Chí Minh,https://shopee.vn/search?shop=27280683,[Chọn Màu] Hộp Quà Chuồn Chuồn Tre Thủ Công Kèm Chân Đế – Quà Tặng Nhỏ Xinh Ý Nghĩa Decor Bàn Làm Việc (HCT2),45.000 ₫,Đặc sản chất lượng - [Chọn Màu] Hộp Quà Chuồn Chuồn Tre Thủ Công Kèm Chân Đế – Quà Tặng Nhỏ Xinh Ý Nghĩa Decor Bàn Làm Việc (HCT2),https://down-vn.img.susercontent.com/file/vn-11134207-820l4-mg914394akum0e,https://shopee.vn/-Chọn-Màu-Hộp-Quà-Chuồn-Chuồn-Tre-Thủ-Công-Kèm-Chân-Đế-–-Quà-Tặng-Nhỏ-Xinh-Ý-Nghĩa-Decor-Bàn-Làm-Việc-(HCT2)-i.27280683.21355941479?extraParams=%7B%22display_model_id%22%3A146044803183%2C%22model_selection_logic%22%3A3%7D
875,Chuồn Chuồn Tre Xinh Shop,Thành phố Hồ Chí Minh,https://shopee.vn/search?shop=27280683,"[Chọn Màu] Chuồn Chuồn Tre, Chim Bướm Râu, Chân Đế – Đồ Thủ Công Trang Trí Bàn Làm Việc",14.500 ₫,"Đặc sản chất lượng - [Chọn Màu] Chuồn Chuồn Tre, Chim Bướm Râu, Chân Đế – Đồ Thủ Công Trang Trí Bàn Làm Việc",https://down-vn.img.susercontent.com/file/vn-11134207-820l4-mgao2kzyn56w12,https://shopee.vn/-Chọn-Màu-Chuồn-Chuồn-Tre-Chim-Bướm-Râu-Chân-Đế-–-Đồ-Thủ-Công-Trang-Trí-Bàn-Làm-Việc-i.27280683.23849741898?extraParams=%7B%22display_model_id%22%3A297348768683%2C%22model_selection_logic%22%3A3%7D
876,Chuồn Chuồn Tre Xinh Shop,Thành phố Hồ Chí Minh,https://shopee.vn/search?shop=27280683,Hộp Giấy Đựng Chuồn Chuồn Tre Bán Lẻ – Hộp Quà 1–2 Con (Chưa Gấp) Chuồn Tre Xinh Shop HCT,13.900 ₫,Đặc sản chất lượng - Hộp Giấy Đựng Chuồn Chuồn Tre Bán Lẻ – Hộp Quà 1–2 Con (Chưa Gấp) Chuồn Tre Xinh Shop HCT,https://down-vn.img.susercontent.com/file/vn-11134207-820l4-mgc77kjo2fpn19,https://shopee.vn/Hộp-Giấy-Đựng-Chuồn-Chuồn-Tre-Bán-Lẻ-–-Hộp-Quà-1–2-Con-(Chưa-Gấp)-Chuồn-Tre-Xinh-Shop-HCT-i.27280683.14896342584?extraParams=%7B%22display_model_id%22%3A165542165643%2C%22model_selection_logic%22%3A3%7D
877,Chuồn Chuồn Tre Xinh Shop,Thành phố Hồ Chí Minh,https://shopee.vn/search?shop=27280683,"Hộp Quà Chuồn Tre HCT5 – Set 2 Chuồn Chuồn Có Đế, Màu Ngẫu Nhiên, Quà Tặng Decor Bàn Làm Việc",55.000 ₫,"Đặc sản chất lượng - Hộp Quà Chuồn Tre HCT5 – Set 2 Chuồn Chuồn Có Đế, Màu Ngẫu Nhiên, Quà Tặng Decor Bàn Làm Việc",https://down-vn.img.susercontent.com/file/vn-11134207-820l4-mg918gx1h8222b,https://shopee.vn/Hộp-Quà-Chuồn-Tre-HCT5-–-Set-2-Chuồn-Chuồn-Có-Đế-Màu-Ngẫu-Nhiên-Quà-Tặng-Decor-Bàn-Làm-Việc-i.27280683.5309149749?extraParams=%7B%22display_model_id%22%3A52117309234%2C%22model_selection_logic%22%3A3%7D
878,Chuồn Chuồn Tre Xinh Shop,Thành phố Hồ Chí Minh,https://shopee.vn/search?shop=27280683,"Hộp Quà Chuồn Chuồn Tre Cao Cấp HCT6 – Quà Tặng Thủ Công Trang Trí, Shop TPHCM Giao Hỏa Tốc",82.000 ₫,"Đặc sản chất lượng - Hộp Quà Chuồn Chuồn Tre Cao Cấp HCT6 – Quà Tặng Thủ Công Trang Trí, Shop TPHCM Giao Hỏa Tốc",https://down-vn.img.susercontent.com/file/vn-11134207-820l4-mg917ofg5rt52d,https://shopee.vn/Hộp-Quà-Chuồn-Chuồn-Tre-Cao-Cấp-HCT6-–-Quà-Tặng-Thủ-Công-Trang-Trí-Shop-TPHCM-Giao-Hỏa-Tốc-i.27280683.16055661934?extraParams=%7B%22display_model_id%22%3A172157297562%2C%22model_selection_logic%22%3A3%7D
879,Chuồn Chuồn Tre Xinh Shop,Thành phố Hồ Chí Minh,https://shopee.vn/search?shop=27280683,Chuồn Chuồn Tre Mộc 12cm Chưa Sơn – DIY Tự Trang Trí Bán Lẻ | Đồ Thủ Công Chuồn Tre Xinh Shop,21.500 ₫,Đặc sản chất lượng - Chuồn Chuồn Tre Mộc 12cm Chưa Sơn – DIY Tự Trang Trí Bán Lẻ | Đồ Thủ Công Chuồn Tre Xinh Shop,https://down-vn.img.susercontent.com/file/vn-11134207-820l4-mgdpw6dxyh3de3,https://shopee.vn/Chuồn-Chuồn-Tre-Mộc-12cm-Chưa-Sơn-–-DIY-Tự-Trang-Trí-Bán-Lẻ-Đồ-Thủ-Công-Chuồn-Tre-Xinh-Shop-i.27280683.2130488672?extraParams=%7B%22display_model_id%22%3A62117318098%2C%22model_selection_logic%22%3A3%7D
880,Chuồn Chuồn Tre Xinh Shop,Thành phố Hồ Chí Minh,https://shopee.vn/search?shop=27280683,"Combo 50 cái Bọc chống xước chip CCCD, ATM 1k Vỏ bọc căn cước công dân trong suốt có nắp bảo vệ thẻ VIP",50.000 ₫,"Đặc sản chất lượng - Combo 50 cái Bọc chống xước chip CCCD, ATM 1k Vỏ bọc căn cước công dân trong suốt có nắp bảo vệ thẻ VIP",https://down-vn.img.susercontent.com/file/vn-11134207-820l4-mhjtd6is4l51c1,https://shopee.vn/Combo-50-cái-Bọc-chống-xước-chip-CCCD-ATM-1k-Vỏ-bọc-căn-cước-công-dân-trong-suốt-có-nắp-bảo-vệ-thẻ-VIP-i.27280683.21139492775?extraParams=%7B%22display_model_id%22%3A243513780846%2C%22model_selection_logic%22%3A3%7D
881,Chuồn Chuồn Tre Xinh Shop,Thành phố Hồ Chí Minh,https://shopee.vn/search?shop=27280683,"Hộp Quà Chuồn Tre Thủ Công HCT7 – Set Bướm Râu & Chuồn Chuồn Kèm Đế, Quà Tặng Decor Bàn Làm Việc",85.000 ₫,"Đặc sản chất lượng - Hộp Quà Chuồn Tre Thủ Công HCT7 – Set Bướm Râu & Chuồn Chuồn Kèm Đế, Quà Tặng Decor Bàn Làm Việc",https://down-vn.img.susercontent.com/file/vn-11134207-820l4-mg91bqhtj0246b,https://shopee.vn/Hộp-Quà-Chuồn-Tre-Thủ-Công-HCT7-–-Set-Bướm-Râu-Chuồn-Chuồn-Kèm-Đế-Quà-Tặng-Decor-Bàn-Làm-Việc-i.27280683.4009474693?extraParams=%7B%22display_model_id%22%3A72117326901%2C%22model_selection_logic%22%3A3%7D
882,Nắng Chiều Gift,Thành phố Huế,https://shopee.vn/search?shop=638561489,Móc khóa cắt viền theo ảnh_ móc khóa mika in hình theo yêu cầu,35.000 ₫,Đặc sản chất lượng - Móc khóa cắt viền theo ảnh_ móc khóa mika in hình theo yêu cầu,https://down-vn.img.susercontent.com/file/vn-11134207-7ra0g-m9l3cpc8ys8yac,https://shopee.vn/Móc-khóa-cắt-viền-theo-ảnh_-móc-khóa-mika-in-hình-theo-yêu-cầu-i.638561489.17646223619?extraParams=%7B%22display_model_id%22%3A153743283585%2C%22model_selection_logic%22%3A3%7D
883,Nắng Chiều Gift,Thành phố Huế,https://shopee.vn/search?shop=638561489,Móc khóa in hình cầu thủ theo yêu cầu - Các cầu thủ huyền thoại - In hình cá nhân lên móc khóa,60.000 ₫,Đặc sản chất lượng - Móc khóa in hình cầu thủ theo yêu cầu - Các cầu thủ huyền thoại - In hình cá nhân lên móc khóa,https://down-vn.img.susercontent.com/file/sg-11134201-23010-8felrdmdjtlva4,https://shopee.vn/Móc-khóa-in-hình-cầu-thủ-theo-yêu-cầu-Các-cầu-thủ-huyền-thoại-In-hình-cá-nhân-lên-móc-khóa-i.638561489.22514971405?extraParams=%7B%22display_model_id%22%3A203843827010%2C%22model_selection_logic%22%3A3%7D
884,Nắng Chiều Gift,Thành phố Huế,https://shopee.vn/search?shop=638561489,"Móc khóa C.Ronaldo, thẻ cầu thủ bóng đá ☘️Quà Tặng Nắng Chiều☘️",25.000 ₫,"Đặc sản chất lượng - Móc khóa C.Ronaldo, thẻ cầu thủ bóng đá ☘️Quà Tặng Nắng Chiều☘️",https://down-vn.img.susercontent.com/file/vn-11134207-7ra0g-m95c4jaowt4yfe,https://shopee.vn/Móc-khóa-C.Ronaldo-thẻ-cầu-thủ-bóng-đá-☘️Quà-Tặng-Nắng-Chiều☘️-i.638561489.20440406009?extraParams=%7B%22display_model_id%22%3A59065913440%2C%22model_selection_logic%22%3A3%7D
885,Nắng Chiều Gift,Thành phố Huế,https://shopee.vn/search?shop=638561489,"Móc khóa Kevin De Bruyne, thẻ cầu thủ bóng đá ☘️Quà Tặng Nắng Chiều☘️",25.000 ₫,"Đặc sản chất lượng - Móc khóa Kevin De Bruyne, thẻ cầu thủ bóng đá ☘️Quà Tặng Nắng Chiều☘️",https://down-vn.img.susercontent.com/file/vn-11134207-7ra0g-m9592ujdfuyvf9,https://shopee.vn/Móc-khóa-Kevin-De-Bruyne-thẻ-cầu-thủ-bóng-đá-☘️Quà-Tặng-Nắng-Chiều☘️-i.638561489.21241790161?extraParams=%7B%22display_model_id%22%3A212549292837%2C%22model_selection_logic%22%3A3%7D
886,Nắng Chiều Gift,Thành phố Huế,https://shopee.vn/search?shop=638561489,Sổ bìa giấy in logo- thiết kế theo yêu cầu,50.000 ₫,Đặc sản chất lượng - Sổ bìa giấy in logo- thiết kế theo yêu cầu,https://down-vn.img.susercontent.com/file/vn-11134207-7ra0g-m9l2442i4hhecd,https://shopee.vn/Sổ-bìa-giấy-in-logo-thiết-kế-theo-yêu-cầu-i.638561489.16459578134?extraParams=%7B%22display_model_id%22%3A144146844198%2C%22model_selection_logic%22%3A3%7D
887,Nắng Chiều Gift,Thành phố Huế,https://shopee.vn/search?shop=638561489,Tấm nhựa mica trong- Mẫu Mica dày 2mm-  công nghệ cắt laser hiện đại,15.000 ₫,Đặc sản chất lượng - Tấm nhựa mica trong- Mẫu Mica dày 2mm-  công nghệ cắt laser hiện đại,https://down-vn.img.susercontent.com/file/b355765a33dccbcf1d0fdc9c49fb551e,https://shopee.vn/Tấm-nhựa-mica-trong-Mẫu-Mica-dày-2mm-công-nghệ-cắt-laser-hiện-đại-i.638561489.16048822534?extraParams=%7B%22display_model_id%22%3A161895067486%2C%22model_selection_logic%22%3A3%7D
888,Nắng Chiều Gift,Thành phố Huế,https://shopee.vn/search?shop=638561489,Móc khóa thẻ cầu thủ bóng đá mùa 2022-2023 - Thiết Kế với mọi cầu thủ,32.900 ₫,Đặc sản chất lượng - Móc khóa thẻ cầu thủ bóng đá mùa 2022-2023 - Thiết Kế với mọi cầu thủ,https://down-vn.img.susercontent.com/file/vn-11134207-7ra0g-m9591rxtxab28d,https://shopee.vn/Móc-khóa-thẻ-cầu-thủ-bóng-đá-mùa-2022-2023-Thiết-Kế-với-mọi-cầu-thủ-i.638561489.23400217378?extraParams=%7B%22display_model_id%22%3A174769863383%2C%22model_selection_logic%22%3A3%7D
889,Nắng Chiều Gift,Thành phố Huế,https://shopee.vn/search?shop=638561489,Bảng hiệu decor- mèo tài lộc có in mã QR- Mã QR để bàn- Thiết kế theo yêu cầu,150.000 ₫,Đặc sản chất lượng - Bảng hiệu decor- mèo tài lộc có in mã QR- Mã QR để bàn- Thiết kế theo yêu cầu,https://down-vn.img.susercontent.com/file/vn-11134207-7ra0g-m95akfypyijy79,https://shopee.vn/Bảng-hiệu-decor-mèo-tài-lộc-có-in-mã-QR-Mã-QR-để-bàn-Thiết-kế-theo-yêu-cầu-i.638561489.22914975075?extraParams=%7B%22display_model_id%22%3A137306797950%2C%22model_selection_logic%22%3A3%7D
890,Nắng Chiều Gift,Thành phố Huế,https://shopee.vn/search?shop=638561489,Móc khóa thẻ CLB bóng đá Manchester United Mùa 2022-2023 - Dày In Sắc Nét 2 Mặt,25.000 ₫,Đặc sản chất lượng - Móc khóa thẻ CLB bóng đá Manchester United Mùa 2022-2023 - Dày In Sắc Nét 2 Mặt,https://down-vn.img.susercontent.com/file/vn-11134207-7ra0g-m95b0gg8cax0cb,https://shopee.vn/Móc-khóa-thẻ-CLB-bóng-đá-Manchester-United-Mùa-2022-2023-Dày-In-Sắc-Nét-2-Mặt-i.638561489.21555316792?extraParams=%7B%22display_model_id%22%3A212780637114%2C%22model_selection_logic%22%3A3%7D
891,Nắng Chiều Gift,Thành phố Huế,https://shopee.vn/search?shop=638561489,Lịch gỗ kèm hộp đựng đa năng để bàn - Trang trí góc làm việc và học tập - Bằng gỗ plywood vintage,180.000 ₫,Đặc sản chất lượng - Lịch gỗ kèm hộp đựng đa năng để bàn - Trang trí góc làm việc và học tập - Bằng gỗ plywood vintage,https://down-vn.img.susercontent.com/file/sg-11134201-22120-4j9o44v4flkv46,https://shopee.vn/Lịch-gỗ-kèm-hộp-đựng-đa-năng-để-bàn-Trang-trí-góc-làm-việc-và-học-tập-Bằng-gỗ-plywood-vintage-i.638561489.21266399318?extraParams=%7B%22display_model_id%22%3A183415198288%2C%22model_selection_logic%22%3A3%7D
892,THỊNH PHÁT SHOP 79,Thành phố Hồ Chí Minh,https://shopee.vn/search?shop=1611205679,"(Có Đệm Chân) Bọc Chân Bàn Bọc Chân Ghế Silicon bảo vệ chân ghế - Chống Xước Sàn nhà HIỆU QUẢ, Chống Ồn loại tốt",5.400 ₫,"Đặc sản chất lượng - (Có Đệm Chân) Bọc Chân Bàn Bọc Chân Ghế Silicon bảo vệ chân ghế - Chống Xước Sàn nhà HIỆU QUẢ, Chống Ồn loại tốt",https://down-vn.img.susercontent.com/file/vn-11134207-820l4-mjasv3lih9fk21,https://shopee.vn/(Có-Đệm-Chân)-Bọc-Chân-Bàn-Bọc-Chân-Ghế-Silicon-bảo-vệ-chân-ghế-Chống-Xước-Sàn-nhà-HIỆU-QUẢ-Chống-Ồn-loại-tốt-i.1611205679.50554209281?extraParams=%7B%22display_model_id%22%3A277314567365%2C%22model_selection_logic%22%3A3%7D
893,THỊNH PHÁT SHOP 79,Thành phố Hồ Chí Minh,https://shopee.vn/search?shop=1611205679,"Giá Đỡ Gỗ Tròn Vuông Phát Sáng, Đèn LED Đế Gỗ  Trang Trí Cốc Pha Lê Có Công Tắc Nguồn USB TTP",21.000 ₫,"Đặc sản chất lượng - Giá Đỡ Gỗ Tròn Vuông Phát Sáng, Đèn LED Đế Gỗ  Trang Trí Cốc Pha Lê Có Công Tắc Nguồn USB TTP",https://down-vn.img.susercontent.com/file/vn-11134201-820l4-mj6jo6xzvlz468,https://shopee.vn/Giá-Đỡ-Gỗ-Tròn-Vuông-Phát-Sáng-Đèn-LED-Đế-Gỗ-Trang-Trí-Cốc-Pha-Lê-Có-Công-Tắc-Nguồn-USB-TTP-i.1611205679.42977845397?extraParams=%7B%22display_model_id%22%3A340401089356%2C%22model_selection_logic%22%3A3%7D
894,THỊNH PHÁT SHOP 79,Thành phố Hồ Chí Minh,https://shopee.vn/search?shop=1611205679,"Đèn Ngủ Quả Cầu Pha Lê phát sáng 3D làm Quà Tặng Sinh Nhật, Quà Lưu Niệm, Quà Tặng Giáng Sinh TTP",25.000 ₫,"Đặc sản chất lượng - Đèn Ngủ Quả Cầu Pha Lê phát sáng 3D làm Quà Tặng Sinh Nhật, Quà Lưu Niệm, Quà Tặng Giáng Sinh TTP",https://down-vn.img.susercontent.com/file/vn-11134201-820l4-mj6jtdtbu5ts1d,https://shopee.vn/Đèn-Ngủ-Quả-Cầu-Pha-Lê-phát-sáng-3D-làm-Quà-Tặng-Sinh-Nhật-Quà-Lưu-Niệm-Quà-Tặng-Giáng-Sinh-TTP-i.1611205679.57454266240?extraParams=%7B%22display_model_id%22%3A330401114160%2C%22model_selection_logic%22%3A3%7D
895,THỊNH PHÁT SHOP 79,Thành phố Hồ Chí Minh,https://shopee.vn/search?shop=1611205679,"COMBO 4 CÁI Bọc chân ghế , bọc chân bàn bằng NHỰA PVC chống trầy sàn, giảm tiếng ồn, giảm trơn trượt TTP",12.000 ₫,"Đặc sản chất lượng - COMBO 4 CÁI Bọc chân ghế , bọc chân bàn bằng NHỰA PVC chống trầy sàn, giảm tiếng ồn, giảm trơn trượt TTP",https://down-vn.img.susercontent.com/file/vn-11134201-820l4-mj6kv9h6tkoz0a,https://shopee.vn/COMBO-4-CÁI-Bọc-chân-ghế-bọc-chân-bàn-bằng-NHỰA-PVC-chống-trầy-sàn-giảm-tiếng-ồn-giảm-trơn-trượt-TTP-i.1611205679.56904261473?extraParams=%7B%22display_model_id%22%3A360401222508%2C%22model_selection_logic%22%3A3%7D
896,THỊNH PHÁT SHOP 79,Thành phố Hồ Chí Minh,https://shopee.vn/search?shop=1611205679,10M Dây Đèn Led Trang Trí Cherryball Pha Lê Mix Ngôi Sao Bọt Nước Lấp Lánh Cắm Điện,25.000 ₫,Đặc sản chất lượng - 10M Dây Đèn Led Trang Trí Cherryball Pha Lê Mix Ngôi Sao Bọt Nước Lấp Lánh Cắm Điện,https://down-vn.img.susercontent.com/file/vn-11134207-81ztc-mmb9j1syyxhrf6,https://shopee.vn/10M-Dây-Đèn-Led-Trang-Trí-Cherryball-Pha-Lê-Mix-Ngôi-Sao-Bọt-Nước-Lấp-Lánh-Cắm-Điện-i.1611205679.53804208809?extraParams=%7B%22display_model_id%22%3A365399761398%2C%22model_selection_logic%22%3A3%7D
897,THỊNH PHÁT SHOP 79,Thành phố Hồ Chí Minh,https://shopee.vn/search?shop=1611205679,Đế gỗ đèn LED quả cầu pha lê CÓ CÔNG TẮC màu vàng/đa sắc TTP,21.000 ₫,Đặc sản chất lượng - Đế gỗ đèn LED quả cầu pha lê CÓ CÔNG TẮC màu vàng/đa sắc TTP,https://down-vn.img.susercontent.com/file/vn-11134201-820l4-mj6kklhj89ae59,https://shopee.vn/Đế-gỗ-đèn-LED-quả-cầu-pha-lê-CÓ-CÔNG-TẮC-màu-vàng-đa-sắc-TTP-i.1611205679.46404286551?extraParams=%7B%22display_model_id%22%3A425401200916%2C%22model_selection_logic%22%3A3%7D
898,THỊNH PHÁT SHOP 79,Thành phố Hồ Chí Minh,https://shopee.vn/search?shop=1611205679,"Sao Dạ Quang Dán Tường Phát Sáng, Trang Trí Phòng decor phòng ngủ chill cho phòng em bé TTP",15.000 ₫,"Đặc sản chất lượng - Sao Dạ Quang Dán Tường Phát Sáng, Trang Trí Phòng decor phòng ngủ chill cho phòng em bé TTP",https://down-vn.img.susercontent.com/file/vn-11134201-820l4-mj6j58e9vrwh88,https://shopee.vn/Sao-Dạ-Quang-Dán-Tường-Phát-Sáng-Trang-Trí-Phòng-decor-phòng-ngủ-chill-cho-phòng-em-bé-TTP-i.1611205679.57104266016?extraParams=%7B%22display_model_id%22%3A430401017348%2C%22model_selection_logic%22%3A3%7D
899,THỊNH PHÁT SHOP 79,Thành phố Hồ Chí Minh,https://shopee.vn/search?shop=1611205679,"Dao Rọc Giấy Đa Năng Bằng Thép Không Gỉ Cao Cấp, Thước Đo, Vặn Ốc, Có Núm Xoay Cố Định TTP",17.000 ₫,"Đặc sản chất lượng - Dao Rọc Giấy Đa Năng Bằng Thép Không Gỉ Cao Cấp, Thước Đo, Vặn Ốc, Có Núm Xoay Cố Định TTP",https://down-vn.img.susercontent.com/file/vn-11134207-81ztc-mndppnjgfk7576,https://shopee.vn/Dao-Rọc-Giấy-Đa-Năng-Bằng-Thép-Không-Gỉ-Cao-Cấp-Thước-Đo-Vặn-Ốc-Có-Núm-Xoay-Cố-Định-TTP-i.1611205679.42877850395?extraParams=%7B%22display_model_id%22%3A390401087500%2C%22model_selection_logic%22%3A3%7D
900,THỊNH PHÁT SHOP 79,Thành phố Hồ Chí Minh,https://shopee.vn/search?shop=1611205679,"Ốp Silicon Bảo Vệ Bình Dầu Phuộc Olins, Phuộc Shark X2, Phuộc Nitr0n, Bảo Vệ Chén Phuộc",27.000 ₫,"Đặc sản chất lượng - Ốp Silicon Bảo Vệ Bình Dầu Phuộc Olins, Phuộc Shark X2, Phuộc Nitr0n, Bảo Vệ Chén Phuộc",https://down-vn.img.susercontent.com/file/vn-11134207-820l4-mj6pypp1lhc40a,https://shopee.vn/Ốp-Silicon-Bảo-Vệ-Bình-Dầu-Phuộc-Olins-Phuộc-Shark-X2-Phuộc-Nitr0n-Bảo-Vệ-Chén-Phuộc-i.1611205679.56154263731?extraParams=%7B%22display_model_id%22%3A345401927534%2C%22model_selection_logic%22%3A3%7D
901,THỊNH PHÁT SHOP 79,Thành phố Hồ Chí Minh,https://shopee.vn/search?shop=1611205679,(S10) Hình dán tường 3D tráng gương set 12 con bướm trang trí decor nội thất nhiều màu sắc TTP,15.000 ₫,Đặc sản chất lượng - (S10) Hình dán tường 3D tráng gương set 12 con bướm trang trí decor nội thất nhiều màu sắc TTP,https://down-vn.img.susercontent.com/file/vn-11134201-820l4-mj6j6yb7jk7930,https://shopee.vn/(S10)-Hình-dán-tường-3D-tráng-gương-set-12-con-bướm-trang-trí-decor-nội-thất-nhiều-màu-sắc-TTP-i.1611205679.42877830518?extraParams=%7B%22display_model_id%22%3A390401033024%2C%22model_selection_logic%22%3A3%7D
902,Silver_mit0107,Thành phố Hà Nội,https://shopee.vn/search?shop=40087802,"Móc khoá handmade bằng gỗ con vật dễ thương. móc khoá gỗ gấu, chó, mèo. Quà tặng bạn bè, người thân. Treo ô tô, túi xách",63.000 ₫,"Đặc sản chất lượng - Móc khoá handmade bằng gỗ con vật dễ thương. móc khoá gỗ gấu, chó, mèo. Quà tặng bạn bè, người thân. Treo ô tô, túi xách",https://down-vn.img.susercontent.com/file/vn-11134207-820l4-mf9sz97ewwsrb7,https://shopee.vn/Móc-khoá-handmade-bằng-gỗ-con-vật-dễ-thương.-móc-khoá-gỗ-gấu-chó-mèo.-Quà-tặng-bạn-bè-người-thân.-Treo-ô-tô-túi-xách-i.40087802.40572458737?extraParams=%7B%22display_model_id%22%3A266828232215%2C%22model_selection_logic%22%3A3%7D
903,Silver_mit0107,Thành phố Hà Nội,https://shopee.vn/search?shop=40087802,Móc khoá gỗ handmade cao cấp. Móc khoá chó mèo heo vẹt capypara ngựa sao biển. Quà tặng bạn bè người thân. diyq,60.000 ₫,Đặc sản chất lượng - Móc khoá gỗ handmade cao cấp. Móc khoá chó mèo heo vẹt capypara ngựa sao biển. Quà tặng bạn bè người thân. diyq,https://down-vn.img.susercontent.com/file/vn-11134207-820l4-mfzoe5xucxsffb,https://shopee.vn/Móc-khoá-gỗ-handmade-cao-cấp.-Móc-khoá-chó-mèo-heo-vẹt-capypara-ngựa-sao-biển.-Quà-tặng-bạn-bè-người-thân.-diyq-i.40087802.42824951534?extraParams=%7B%22display_model_id%22%3A302021999961%2C%22model_selection_logic%22%3A3%7D
904,Silver_mit0107,Thành phố Hà Nội,https://shopee.vn/search?shop=40087802,Tượng gỗ điêu khắc thủ công chú mèo đen trắng cam giáng sinh. Quà tặng bạn bè người thân,114.999 ₫,Đặc sản chất lượng - Tượng gỗ điêu khắc thủ công chú mèo đen trắng cam giáng sinh. Quà tặng bạn bè người thân,https://down-vn.img.susercontent.com/file/vn-11134207-81ztc-mke3859hwmpx59,https://shopee.vn/Tượng-gỗ-điêu-khắc-thủ-công-chú-mèo-đen-trắng-cam-giáng-sinh.-Quà-tặng-bạn-bè-người-thân-i.40087802.42476123126?extraParams=%7B%22display_model_id%22%3A385073707488%2C%22model_selection_logic%22%3A3%7D
905,Silver_mit0107,Thành phố Hà Nội,https://shopee.vn/search?shop=40087802,Hộp quà tặng bằng gỗ kèm túi giấy,54.000 ₫,Đặc sản chất lượng - Hộp quà tặng bằng gỗ kèm túi giấy,https://down-vn.img.susercontent.com/file/vn-11134207-7ras8-mbnmmj6kyz443b,https://shopee.vn/Hộp-quà-tặng-bằng-gỗ-kèm-túi-giấy-i.40087802.40156814428?extraParams=%7B%22display_model_id%22%3A365145843547%2C%22model_selection_logic%22%3A3%7D
906,Silver_mit0107,Thành phố Hà Nội,https://shopee.vn/search?shop=40087802,Đồ trang trí mèo con bằng gỗ điêu khắc thủ công. Decor phòng. Quà tặng thủ công handmade mèo đứng,54.000 ₫,Đặc sản chất lượng - Đồ trang trí mèo con bằng gỗ điêu khắc thủ công. Decor phòng. Quà tặng thủ công handmade mèo đứng,https://down-vn.img.susercontent.com/file/vn-11134207-7ras8-mb2hrppu3zrr86,https://shopee.vn/Đồ-trang-trí-mèo-con-bằng-gỗ-điêu-khắc-thủ-công.-Decor-phòng.-Quà-tặng-thủ-công-handmade-mèo-đứng-i.40087802.28013428140?extraParams=%7B%22display_model_id%22%3A243791291416%2C%22model_selection_logic%22%3A3%7D
907,Silver_mit0107,Thành phố Hà Nội,https://shopee.vn/search?shop=40087802,Đồ trang trí mèo con bằng gỗ cute. Móc khoá điêu khắc mèo cam bằng gỗ tự nhiên. Đồ trang trí,72.519 ₫,Đặc sản chất lượng - Đồ trang trí mèo con bằng gỗ cute. Móc khoá điêu khắc mèo cam bằng gỗ tự nhiên. Đồ trang trí,https://down-vn.img.susercontent.com/file/vn-11134207-7ras8-mc7b3ivc2f022c,https://shopee.vn/Đồ-trang-trí-mèo-con-bằng-gỗ-cute.-Móc-khoá-điêu-khắc-mèo-cam-bằng-gỗ-tự-nhiên.-Đồ-trang-trí-i.40087802.27280953880?extraParams=%7B%22display_model_id%22%3A205922930523%2C%22model_selection_logic%22%3A3%7D
908,Silver_mit0107,Thành phố Hà Nội,https://shopee.vn/search?shop=40087802,"Hộp nhạc gỗ tay quay harry potter và con cú. Hộp nhạc gỗ quà tặng bạn bè người thân Ron, Hermione, gryffindor",75.000 ₫,"Đặc sản chất lượng - Hộp nhạc gỗ tay quay harry potter và con cú. Hộp nhạc gỗ quà tặng bạn bè người thân Ron, Hermione, gryffindor",https://down-vn.img.susercontent.com/file/vn-11134207-820l4-mgn3ms5hp4i6ae,https://shopee.vn/Hộp-nhạc-gỗ-tay-quay-harry-potter-và-con-cú.-Hộp-nhạc-gỗ-quà-tặng-bạn-bè-người-thân-Ron-Hermione-gryffindor-i.40087802.51800770461?extraParams=%7B%22display_model_id%22%3A267123066043%2C%22model_selection_logic%22%3A3%7D
909,Silver_mit0107,Thành phố Hà Nội,https://shopee.vn/search?shop=40087802,Đồ trang trí mèo con bằng gỗ cute. Móc khoá điêu khắc mèo con M76 bằng gỗ tự nhiên. Đồ trang trí,72.999 ₫,Đặc sản chất lượng - Đồ trang trí mèo con bằng gỗ cute. Móc khoá điêu khắc mèo con M76 bằng gỗ tự nhiên. Đồ trang trí,https://down-vn.img.susercontent.com/file/vn-11134207-81ztc-mm4u6d7nhxqaa2,https://shopee.vn/Đồ-trang-trí-mèo-con-bằng-gỗ-cute.-Móc-khoá-điêu-khắc-mèo-con-M76-bằng-gỗ-tự-nhiên.-Đồ-trang-trí-i.40087802.26631138327?extraParams=%7B%22display_model_id%22%3A277472126674%2C%22model_selection_logic%22%3A3%7D
910,Silver_mit0107,Thành phố Hà Nội,https://shopee.vn/search?shop=40087802,"Điêu khắc gỗ thủ công zombie plant hoa hướng dương, đá, điêu khắc gỗ. handmade Quà tặng bạn bè người thân sẽ",74.000 ₫,"Đặc sản chất lượng - Điêu khắc gỗ thủ công zombie plant hoa hướng dương, đá, điêu khắc gỗ. handmade Quà tặng bạn bè người thân sẽ",https://down-vn.img.susercontent.com/file/vn-11134207-81ztc-mlx54yutsoht9b,https://shopee.vn/Điêu-khắc-gỗ-thủ-công-zombie-plant-hoa-hướng-dương-đá-điêu-khắc-gỗ.-handmade-Quà-tặng-bạn-bè-người-thân-sẽ-i.40087802.57204432772?extraParams=%7B%22display_model_id%22%3A375415793225%2C%22model_selection_logic%22%3A3%7D
911,Silver_mit0107,Thành phố Hà Nội,https://shopee.vn/search?shop=40087802,Đồ trang trí mèo con bằng gỗ điêu khắc thủ công. Decor phòng. Quà tặng thủ công handmade mèo ngồi,53.999 ₫,Đặc sản chất lượng - Đồ trang trí mèo con bằng gỗ điêu khắc thủ công. Decor phòng. Quà tặng thủ công handmade mèo ngồi,https://down-vn.img.susercontent.com/file/vn-11134207-7ras8-m12synzc766zef,https://shopee.vn/Đồ-trang-trí-mèo-con-bằng-gỗ-điêu-khắc-thủ-công.-Decor-phòng.-Quà-tặng-thủ-công-handmade-mèo-ngồi-i.40087802.28163432997?extraParams=%7B%22display_model_id%22%3A236853213012%2C%22model_selection_logic%22%3A3%7D
912,TIỆM IN NHÀ BƠ,Thành phố Hồ Chí Minh,https://shopee.vn/search?shop=870249346,"Túi giấy đựng hộp quà cao cấp, quai nhựa dẹo, có lớp nhựa mica trong suốt sang xịn, dễ thương",17.000 ₫,"Đặc sản chất lượng - Túi giấy đựng hộp quà cao cấp, quai nhựa dẹo, có lớp nhựa mica trong suốt sang xịn, dễ thương",https://down-vn.img.susercontent.com/file/vn-11134207-820l4-mhsijg666juq0c,https://shopee.vn/Túi-giấy-đựng-hộp-quà-cao-cấp-quai-nhựa-dẹo-có-lớp-nhựa-mica-trong-suốt-sang-xịn-dễ-thương-i.870249346.47601169365?extraParams=%7B%22display_model_id%22%3A345241994397%2C%22model_selection_logic%22%3A3%7D
913,TIỆM IN NHÀ BƠ,Thành phố Hồ Chí Minh,https://shopee.vn/search?shop=870249346,"Ly sứ cốc sứ in hình Cartoon dễ thương quà tặng tốt nghiệp cho BẠN GÁI kèm lời chúc tốt nghiệp (hàng sẵn, đọc kỹ mô tả)",81.000 ₫,"Đặc sản chất lượng - Ly sứ cốc sứ in hình Cartoon dễ thương quà tặng tốt nghiệp cho BẠN GÁI kèm lời chúc tốt nghiệp (hàng sẵn, đọc kỹ mô tả)",https://down-vn.img.susercontent.com/file/vn-11134207-820l4-mg7cc3mhwe1886,https://shopee.vn/Ly-sứ-cốc-sứ-in-hình-Cartoon-dễ-thương-quà-tặng-tốt-nghiệp-cho-BẠN-GÁI-kèm-lời-chúc-tốt-nghiệp-(hàng-sẵn-đọc-kỹ-mô-tả)-i.870249346.28091478324?extraParams=%7B%22display_model_id%22%3A291544583988%2C%22model_selection_logic%22%3A3%7D
914,TIỆM IN NHÀ BƠ,Thành phố Hồ Chí Minh,https://shopee.vn/search?shop=870249346,"In cốc sứ, ly sứ, in ảnh , in hình , in logo , in chữ , thông điệp miễn phí thiết kế theo theo yêu cầu , in từ 1 cốc",99.000 ₫,"Đặc sản chất lượng - In cốc sứ, ly sứ, in ảnh , in hình , in logo , in chữ , thông điệp miễn phí thiết kế theo theo yêu cầu , in từ 1 cốc",https://down-vn.img.susercontent.com/file/vn-11134207-7ra0g-m9pqy50zse9w74,https://shopee.vn/In-cốc-sứ-ly-sứ-in-ảnh-in-hình-in-logo-in-chữ-thông-điệp-miễn-phí-thiết-kế-theo-theo-yêu-cầu-in-từ-1-cốc-i.870249346.42650747737?extraParams=%7B%22display_model_id%22%3A290058961856%2C%22model_selection_logic%22%3A3%7D
915,TIỆM IN NHÀ BƠ,Thành phố Hồ Chí Minh,https://shopee.vn/search?shop=870249346,"Ly cốc sứ LGBT - luôn giữ bình tĩnh quà tặng bạn bè đồng nghiệp hài hước, ý nghĩa dễ thương",81.000 ₫,"Đặc sản chất lượng - Ly cốc sứ LGBT - luôn giữ bình tĩnh quà tặng bạn bè đồng nghiệp hài hước, ý nghĩa dễ thương",https://down-vn.img.susercontent.com/file/br-11134275-820md-mlh95vxk2yo54d,https://shopee.vn/Ly-cốc-sứ-LGBT-luôn-giữ-bình-tĩnh-quà-tặng-bạn-bè-đồng-nghiệp-hài-hước-ý-nghĩa-dễ-thương-i.870249346.46956854731?extraParams=%7B%22display_model_id%22%3A425612279972%2C%22model_selection_logic%22%3A3%7D
916,TIỆM IN NHÀ BƠ,Thành phố Hồ Chí Minh,https://shopee.vn/search?shop=870249346,Ly sứ cốc sứ in hình Cartoon dễ thương quà tặng tốt nghiệp cho BẠN TRAI kèm lời chúc tốt nghiệp THÀNH CÔNG VÀ MÀU GIÀU,81.000 ₫,Đặc sản chất lượng - Ly sứ cốc sứ in hình Cartoon dễ thương quà tặng tốt nghiệp cho BẠN TRAI kèm lời chúc tốt nghiệp THÀNH CÔNG VÀ MÀU GIÀU,https://down-vn.img.susercontent.com/file/vn-11134207-820l4-mg7gz32kzg236b,https://shopee.vn/Ly-sứ-cốc-sứ-in-hình-Cartoon-dễ-thương-quà-tặng-tốt-nghiệp-cho-BẠN-TRAI-kèm-lời-chúc-tốt-nghiệp-THÀNH-CÔNG-VÀ-MÀU-GIÀU-i.870249346.52000077807?extraParams=%7B%22display_model_id%22%3A234596663607%2C%22model_selection_logic%22%3A3%7D
917,TIỆM IN NHÀ BƠ,Thành phố Hồ Chí Minh,https://shopee.vn/search?shop=870249346,"Nắp Gỗ Đậy Ly, Cốc Uống Trà, Cà Phê Thân Thiện Môi Trường, có lỗ để thìa, kiểu dáng sang trọng",25.000 ₫,"Đặc sản chất lượng - Nắp Gỗ Đậy Ly, Cốc Uống Trà, Cà Phê Thân Thiện Môi Trường, có lỗ để thìa, kiểu dáng sang trọng",https://down-vn.img.susercontent.com/file/vn-11134207-820l4-me73hnsfi6faa0,https://shopee.vn/Nắp-Gỗ-Đậy-Ly-Cốc-Uống-Trà-Cà-Phê-Thân-Thiện-Môi-Trường-có-lỗ-để-thìa-kiểu-dáng-sang-trọng-i.870249346.41457326075?extraParams=%7B%22display_model_id%22%3A281427495837%2C%22model_selection_logic%22%3A3%7D
918,TIỆM IN NHÀ BƠ,Thành phố Hồ Chí Minh,https://shopee.vn/search?shop=870249346,"Ly sứ cốc sứ ""LÀM VÌ ĐAM MÊ - MÊ TIỀN"" in hình vịt trắng ôm vịt tiền, quà tặng bạn bè đồng nghiệp hài hước hot trend",81.000 ₫,"Đặc sản chất lượng - Ly sứ cốc sứ ""LÀM VÌ ĐAM MÊ - MÊ TIỀN"" in hình vịt trắng ôm vịt tiền, quà tặng bạn bè đồng nghiệp hài hước hot trend",https://down-vn.img.susercontent.com/file/br-11134201-81z1k-meley8475oua20,https://shopee.vn/Ly-sứ-cốc-sứ-LÀM-VÌ-ĐAM-MÊ-MÊ-TIỀN-in-hình-vịt-trắng-ôm-vịt-tiền-quà-tặng-bạn-bè-đồng-nghiệp-hài-hước-hot-trend-i.870249346.40765007165?extraParams=%7B%22display_model_id%22%3A281242392365%2C%22model_selection_logic%22%3A3%7D
919,TIỆM IN NHÀ BƠ,Thành phố Hồ Chí Minh,https://shopee.vn/search?shop=870249346,"Ly sứ cốc sứ ""LAO ĐỘNG LÀ VINH QUANG"" quà tặng bạn bè, đồng nghiệp, bạn trai dễ thương hài hước, chữ hot trend",81.000 ₫,"Đặc sản chất lượng - Ly sứ cốc sứ ""LAO ĐỘNG LÀ VINH QUANG"" quà tặng bạn bè, đồng nghiệp, bạn trai dễ thương hài hước, chữ hot trend",https://down-vn.img.susercontent.com/file/vn-11134207-820l4-mh7ceuf3o3rcad,https://shopee.vn/Ly-sứ-cốc-sứ-LAO-ĐỘNG-LÀ-VINH-QUANG-quà-tặng-bạn-bè-đồng-nghiệp-bạn-trai-dễ-thương-hài-hước-chữ-hot-trend-i.870249346.48901646904?extraParams=%7B%22display_model_id%22%3A277168430165%2C%22model_selection_logic%22%3A3%7D
920,TIỆM IN NHÀ BƠ,Thành phố Hồ Chí Minh,https://shopee.vn/search?shop=870249346,Lưuý! Sản phẩm này để custom tên vào những thiết kế có sẵn của shop hoặc thay đổi lời nhắn trong các mẫu có lời nhắn ạ!,85.000 ₫,Đặc sản chất lượng - Lưuý! Sản phẩm này để custom tên vào những thiết kế có sẵn của shop hoặc thay đổi lời nhắn trong các mẫu có lời nhắn ạ!,https://down-vn.img.susercontent.com/file/vn-11134207-81ztc-mncfu0iiymf53d,https://shopee.vn/Lưuý!-Sản-phẩm-này-để-custom-tên-vào-những-thiết-kế-có-sẵn-của-shop-hoặc-thay-đổi-lời-nhắn-trong-các-mẫu-có-lời-nhắn-ạ!-i.870249346.40760629019?extraParams=%7B%22display_model_id%22%3A261853836322%2C%22model_selection_logic%22%3A3%7D
921,TIỆM IN NHÀ BƠ,Thành phố Hồ Chí Minh,https://shopee.vn/search?shop=870249346,"Ly sứ cốc sứ  ""Xinh gái làm ơn đừng có buồn"" kèm hình dễ thương, Ly sứ in 2 mặt dễ thương, quà tặng sinh nhật bạn gái",81.000 ₫,"Đặc sản chất lượng - Ly sứ cốc sứ  ""Xinh gái làm ơn đừng có buồn"" kèm hình dễ thương, Ly sứ in 2 mặt dễ thương, quà tặng sinh nhật bạn gái",https://down-vn.img.susercontent.com/file/vn-11134207-820l4-mf57gzsjdxxp0f,https://shopee.vn/Ly-sứ-cốc-sứ-Xinh-gái-làm-ơn-đừng-có-buồn-kèm-hình-dễ-thương-Ly-sứ-in-2-mặt-dễ-thương-quà-tặng-sinh-nhật-bạn-gái-i.870249346.42801525682?extraParams=%7B%22display_model_id%22%3A270123246086%2C%22model_selection_logic%22%3A3%7D
922,Quà xinh sungift,Thành phố Hồ Chí Minh,https://shopee.vn/search?shop=1476684218,Móc khoá gỗ ẩm thực Việt Nam,18.000 ₫,Đặc sản chất lượng - Móc khoá gỗ ẩm thực Việt Nam,https://down-vn.img.susercontent.com/file/vn-11134207-7ras8-mdq0y7pvvqgc28,https://shopee.vn/Móc-khoá-gỗ-ẩm-thực-Việt-Nam-i.1476684218.43264531374?extraParams=%7B%22display_model_id%22%3A147920326329%2C%22model_selection_logic%22%3A3%7D
923,Quà xinh sungift,Thành phố Hồ Chí Minh,https://shopee.vn/search?shop=1476684218,Móc khóa nón lá - trắng lá cờ chữ Việt Nam,28.000 ₫,Đặc sản chất lượng - Móc khóa nón lá - trắng lá cờ chữ Việt Nam,https://down-vn.img.susercontent.com/file/vn-11134207-7ra0g-m8luo16287t3fe,https://shopee.vn/Móc-khóa-nón-lá-trắng-lá-cờ-chữ-Việt-Nam-i.1476684218.29633537589?extraParams=%7B%22display_model_id%22%3A275056281709%2C%22model_selection_logic%22%3A3%7D
924,Quà xinh sungift,Thành phố Hồ Chí Minh,https://shopee.vn/search?shop=1476684218,Bộ đôi móc khóa Việt Nam ( 2 chiếc),44.000 ₫,Đặc sản chất lượng - Bộ đôi móc khóa Việt Nam ( 2 chiếc),https://down-vn.img.susercontent.com/file/vn-11134207-7ras8-mdblt2zjy4kcc2,https://shopee.vn/Bộ-đôi-móc-khóa-Việt-Nam-(-2-chiếc)-i.1476684218.41862407802?extraParams=%7B%22display_model_id%22%3A306038228339%2C%22model_selection_logic%22%3A3%7D
925,Quà xinh sungift,Thành phố Hồ Chí Minh,https://shopee.vn/search?shop=1476684218,magnet/keychan nón lá cờ Việt Nam,28.000 ₫,Đặc sản chất lượng - magnet/keychan nón lá cờ Việt Nam,https://down-vn.img.susercontent.com/file/vn-11134207-820l4-mf52o9n2yc5k9c,https://shopee.vn/magnet-keychan-nón-lá-cờ-Việt-Nam-i.1476684218.41702719014?extraParams=%7B%22display_model_id%22%3A149299236532%2C%22model_selection_logic%22%3A3%7D
926,Quà xinh sungift,Thành phố Hồ Chí Minh,https://shopee.vn/search?shop=1476684218,Sản phẩm Magnet cờ đỏ sao vàng - Quốc kỳ Việt Nam,25.000 ₫,Đặc sản chất lượng - Sản phẩm Magnet cờ đỏ sao vàng - Quốc kỳ Việt Nam,https://down-vn.img.susercontent.com/file/vn-11134207-7ra0g-m8ufuo1o38uae6,https://shopee.vn/Sản-phẩm-Magnet-cờ-đỏ-sao-vàng-Quốc-kỳ-Việt-Nam-i.1476684218.28084300642?extraParams=%7B%22display_model_id%22%3A248707430309%2C%22model_selection_logic%22%3A3%7D
927,Quà xinh sungift,Thành phố Hồ Chí Minh,https://shopee.vn/search?shop=1476684218,(Tặng 1 magnet) Khui nam châm hít tủ lạnh nhiều mẫu hình Việt Nam cô gái áo dài dễ thương lưu niệm,45.000 ₫,Đặc sản chất lượng - (Tặng 1 magnet) Khui nam châm hít tủ lạnh nhiều mẫu hình Việt Nam cô gái áo dài dễ thương lưu niệm,https://down-vn.img.susercontent.com/file/vn-11134207-7ras8-mdbzodjmecv077,https://shopee.vn/(Tặng-1-magnet)-Khui-nam-châm-hít-tủ-lạnh-nhiều-mẫu-hình-Việt-Nam-cô-gái-áo-dài-dễ-thương-lưu-niệm-i.1476684218.28838126507?extraParams=%7B%22display_model_id%22%3A177264065836%2C%22model_selection_logic%22%3A3%7D
928,Quà xinh sungift,Thành phố Hồ Chí Minh,https://shopee.vn/search?shop=1476684218,"Sét 6 hình NAM CHÂM thiếc DÁN TRANG TRÍ TỦ LẠNH HÌNH ẢNH PHONG CẢNH,CON NGƯỜI VIỆT NAM",65.000 ₫,"Đặc sản chất lượng - Sét 6 hình NAM CHÂM thiếc DÁN TRANG TRÍ TỦ LẠNH HÌNH ẢNH PHONG CẢNH,CON NGƯỜI VIỆT NAM",https://down-vn.img.susercontent.com/file/vn-11134207-7ra0g-mai3qnmztfwh7d,https://shopee.vn/Sét-6-hình-NAM-CHÂM-thiếc-DÁN-TRANG-TRÍ-TỦ-LẠNH-HÌNH-ẢNH-PHONG-CẢNH-CON-NGƯỜI-VIỆT-NAM-i.1476684218.42252778928?extraParams=%7B%22display_model_id%22%3A340583768757%2C%22model_selection_logic%22%3A3%7D
929,Quà xinh sungift,Thành phố Hồ Chí Minh,https://shopee.vn/search?shop=1476684218,Gấu bông I love Việt Nam - Quà tặng lưu niệm,95.000 ₫,Đặc sản chất lượng - Gấu bông I love Việt Nam - Quà tặng lưu niệm,https://down-vn.img.susercontent.com/file/vn-11134207-7ras8-mdlyb5i9gi0f40,https://shopee.vn/Gấu-bông-I-love-Việt-Nam-Quà-tặng-lưu-niệm-i.1476684218.41213964159?extraParams=%7B%22display_model_id%22%3A281152818388%2C%22model_selection_logic%22%3A3%7D
930,Quà xinh sungift,Thành phố Hồ Chí Minh,https://shopee.vn/search?shop=1476684218,Móc khóa magnet nón lá cờ Việt Nam,25.000 ₫,Đặc sản chất lượng - Móc khóa magnet nón lá cờ Việt Nam,https://down-vn.img.susercontent.com/file/vn-11134207-7ras8-mdpjjr07084vee,https://shopee.vn/Móc-khóa-magnet-nón-lá-cờ-Việt-Nam-i.1476684218.29840305022?extraParams=%7B%22display_model_id%22%3A266191562778%2C%22model_selection_logic%22%3A3%7D
931,Quà xinh sungift,Thành phố Hồ Chí Minh,https://shopee.vn/search?shop=1476684218,Tranh gạo lưu niệm Phong cảnh VN 20x25 cm,260.000 ₫,Đặc sản chất lượng - Tranh gạo lưu niệm Phong cảnh VN 20x25 cm,https://down-vn.img.susercontent.com/file/vn-11134207-7ras8-mbbv7anjme9t60,https://shopee.vn/Tranh-gạo-lưu-niệm-Phong-cảnh-VN-20x25-cm-i.1476684218.42855550162?extraParams=%7B%22display_model_id%22%3A276543370853%2C%22model_selection_logic%22%3A3%7D
932,MTembroidery,Thành phố Hà Nội,https://shopee.vn/search?shop=1307470495,Nam Châm Nón Lá Lưu Niệm Việt Nam - Magnet Hít Tủ Lạnh 4cm,10.000 ₫,Đặc sản chất lượng - Nam Châm Nón Lá Lưu Niệm Việt Nam - Magnet Hít Tủ Lạnh 4cm,https://down-vn.img.susercontent.com/file/vn-11134207-7r98o-lzn23vaaexep28,https://shopee.vn/Nam-Châm-Nón-Lá-Lưu-Niệm-Việt-Nam-Magnet-Hít-Tủ-Lạnh-4cm-i.1307470495.27459840339?extraParams=%7B%22display_model_id%22%3A217772384925%2C%22model_selection_logic%22%3A3%7D
933,MTembroidery,Thành phố Hà Nội,https://shopee.vn/search?shop=1307470495,Enamel Pin Huy Hiệu Cài Áo Du Lịch Món Ăn Việt Nam - Huy Hiệu Lưu Niệm Du Lịch - Vietnam Souvenirs,29.000 ₫,Đặc sản chất lượng - Enamel Pin Huy Hiệu Cài Áo Du Lịch Món Ăn Việt Nam - Huy Hiệu Lưu Niệm Du Lịch - Vietnam Souvenirs,https://down-vn.img.susercontent.com/file/vn-11134207-7r98o-lz534eg53ubx4b,https://shopee.vn/Enamel-Pin-Huy-Hiệu-Cài-Áo-Du-Lịch-Món-Ăn-Việt-Nam-Huy-Hiệu-Lưu-Niệm-Du-Lịch-Vietnam-Souvenirs-i.1307470495.24633733902?extraParams=%7B%22display_model_id%22%3A241230056104%2C%22model_selection_logic%22%3A3%7D
934,MTembroidery,Thành phố Hà Nội,https://shopee.vn/search?shop=1307470495,Móc Khóa Cờ Việt Nam Sao Vàng 4cm - Chất Liệu Nhựa Acrylic,13.000 ₫,Đặc sản chất lượng - Móc Khóa Cờ Việt Nam Sao Vàng 4cm - Chất Liệu Nhựa Acrylic,https://down-vn.img.susercontent.com/file/vn-11134207-7ras8-m0kdkyrdsoen5f,https://shopee.vn/Móc-Khóa-Cờ-Việt-Nam-Sao-Vàng-4cm-Chất-Liệu-Nhựa-Acrylic-i.1307470495.29662278788?extraParams=%7B%22display_model_id%22%3A197833041511%2C%22model_selection_logic%22%3A3%7D
935,MTembroidery,Thành phố Hà Nội,https://shopee.vn/search?shop=1307470495,"Set 50 Sticker Miếng Dán Du Lịch Việt Nam, Không Lặp Hình, Không Thấm Nước, Sticker Dán Laptop",30.000 ₫,"Đặc sản chất lượng - Set 50 Sticker Miếng Dán Du Lịch Việt Nam, Không Lặp Hình, Không Thấm Nước, Sticker Dán Laptop",https://down-vn.img.susercontent.com/file/vn-11134207-7r98o-lz58q2iizv6p36,https://shopee.vn/Set-50-Sticker-Miếng-Dán-Du-Lịch-Việt-Nam-Không-Lặp-Hình-Không-Thấm-Nước-Sticker-Dán-Laptop-i.1307470495.26256388848?extraParams=%7B%22display_model_id%22%3A197681967232%2C%22model_selection_logic%22%3A3%7D
936,MTembroidery,Thành phố Hà Nội,https://shopee.vn/search?shop=1307470495,"Thiệp nổi 3D hình ảnh Việt Nam - Thiệp Pop Up Card Lưu Niệm - Mẫu Hà Nội, Hội An, Sài Gòn",45.000 ₫,"Đặc sản chất lượng - Thiệp nổi 3D hình ảnh Việt Nam - Thiệp Pop Up Card Lưu Niệm - Mẫu Hà Nội, Hội An, Sài Gòn",https://down-vn.img.susercontent.com/file/vn-11134207-7r98o-lzc4lc7ye8nha5,https://shopee.vn/Thiệp-nổi-3D-hình-ảnh-Việt-Nam-Thiệp-Pop-Up-Card-Lưu-Niệm-Mẫu-Hà-Nội-Hội-An-Sài-Gòn-i.1307470495.27855570265?extraParams=%7B%22display_model_id%22%3A217658462654%2C%22model_selection_logic%22%3A3%7D
937,MTembroidery,Thành phố Hà Nội,https://shopee.vn/search?shop=1307470495,Nam châm danh lam thắng cảnh Việt Nam dán tủ lạnh 3D quà tặng - phong cảnh Việt Nam,55.000 ₫,Đặc sản chất lượng - Nam châm danh lam thắng cảnh Việt Nam dán tủ lạnh 3D quà tặng - phong cảnh Việt Nam,https://down-vn.img.susercontent.com/file/vn-11134207-7r98o-lz52feee7vilc4,https://shopee.vn/Nam-châm-danh-lam-thắng-cảnh-Việt-Nam-dán-tủ-lạnh-3D-quà-tặng-phong-cảnh-Việt-Nam-i.1307470495.28505300508?extraParams=%7B%22display_model_id%22%3A246506096034%2C%22model_selection_logic%22%3A3%7D
938,MTembroidery,Thành phố Hà Nội,https://shopee.vn/search?shop=1307470495,Vòng Cổ Lụa Bọc Hạt Gỗ - Phụ Kiện Thời Trang Mặc Áo Dài Phong Cách Dài 120 Cm,105.000 ₫,Đặc sản chất lượng - Vòng Cổ Lụa Bọc Hạt Gỗ - Phụ Kiện Thời Trang Mặc Áo Dài Phong Cách Dài 120 Cm,https://down-vn.img.susercontent.com/file/vn-11134207-7r98o-lzc3hjv4h4td1a,https://shopee.vn/Vòng-Cổ-Lụa-Bọc-Hạt-Gỗ-Phụ-Kiện-Thời-Trang-Mặc-Áo-Dài-Phong-Cách-Dài-120-Cm-i.1307470495.26906721932?extraParams=%7B%22display_model_id%22%3A215279606511%2C%22model_selection_logic%22%3A3%7D
939,MTembroidery,Thành phố Hà Nội,https://shopee.vn/search?shop=1307470495,Rối Gỗ Dân Gian Việt Nam - Mô Hình Rối Nước Cử Động Tay Trưng Bày Lưu Niệm 16cm,100.000 ₫,Đặc sản chất lượng - Rối Gỗ Dân Gian Việt Nam - Mô Hình Rối Nước Cử Động Tay Trưng Bày Lưu Niệm 16cm,https://down-vn.img.susercontent.com/file/vn-11134207-7r98o-lz55aei5w90h1a,https://shopee.vn/Rối-Gỗ-Dân-Gian-Việt-Nam-Mô-Hình-Rối-Nước-Cử-Động-Tay-Trưng-Bày-Lưu-Niệm-16cm-i.1307470495.27156718927?extraParams=%7B%22display_model_id%22%3A217691560309%2C%22model_selection_logic%22%3A3%7D
940,MTembroidery,Thành phố Hà Nội,https://shopee.vn/search?shop=1307470495,"[NHIỀU MẪU] Hít dán nam châm tủ lạnh cảnh Việt Nam, chất liệu composite đá tổng hợp 5x8 cm",40.000 ₫,"Đặc sản chất lượng - [NHIỀU MẪU] Hít dán nam châm tủ lạnh cảnh Việt Nam, chất liệu composite đá tổng hợp 5x8 cm",https://down-vn.img.susercontent.com/file/vn-11134207-7r98o-lz51ttg174bl7a,https://shopee.vn/-NHIỀU-MẪU-Hít-dán-nam-châm-tủ-lạnh-cảnh-Việt-Nam-chất-liệu-composite-đá-tổng-hợp-5x8-cm-i.1307470495.24533485245?extraParams=%7B%22display_model_id%22%3A207651490169%2C%22model_selection_logic%22%3A3%7D
941,MTembroidery,Thành phố Hà Nội,https://shopee.vn/search?shop=1307470495,Magnet Dính Tủ Lạnh 3D Chất Liệu Poly Tổng Hợp Hình Nha Trang,50.000 ₫,Đặc sản chất lượng - Magnet Dính Tủ Lạnh 3D Chất Liệu Poly Tổng Hợp Hình Nha Trang,https://down-vn.img.susercontent.com/file/vn-11134207-7ra0g-m9wxa9zz4z7o0b,https://shopee.vn/Magnet-Dính-Tủ-Lạnh-3D-Chất-Liệu-Poly-Tổng-Hợp-Hình-Nha-Trang-i.1307470495.29186747813?extraParams=%7B%22display_model_id%22%3A295124116580%2C%22model_selection_logic%22%3A3%7D
942,Phuong Anh Decor SG,Thành phố Hồ Chí Minh,https://shopee.vn/search?shop=950494294,Ly Cốc Sứ Hình Chú Mèo Cat 450Ml Siêu Đáng Yêu Kèm Nắp Và Muỗng Automatik,147.000 ₫,Đặc sản chất lượng - Ly Cốc Sứ Hình Chú Mèo Cat 450Ml Siêu Đáng Yêu Kèm Nắp Và Muỗng Automatik,https://down-vn.img.susercontent.com/file/vn-11134207-7r98o-llm16yuogyik8d,https://shopee.vn/Ly-Cốc-Sứ-Hình-Chú-Mèo-Cat-450Ml-Siêu-Đáng-Yêu-Kèm-Nắp-Và-Muỗng-Automatik-i.950494294.16596037000?extraParams=%7B%22display_model_id%22%3A214578349609%2C%22model_selection_logic%22%3A3%7D
943,Phuong Anh Decor SG,Thành phố Hồ Chí Minh,https://shopee.vn/search?shop=950494294,Đồng Hồ Báo Thức Để Bàn Hình Tròn Phong Cách Cổ Điển Chuông To Chất Liệu Kim Loại Siêu Bền AUTOMATIK,69.000 ₫,Đặc sản chất lượng - Đồng Hồ Báo Thức Để Bàn Hình Tròn Phong Cách Cổ Điển Chuông To Chất Liệu Kim Loại Siêu Bền AUTOMATIK,https://down-vn.img.susercontent.com/file/sg-11134201-23020-5lihb7ucxhnv37,https://shopee.vn/Đồng-Hồ-Báo-Thức-Để-Bàn-Hình-Tròn-Phong-Cách-Cổ-Điển-Chuông-To-Chất-Liệu-Kim-Loại-Siêu-Bền-AUTOMATIK-i.950494294.23424019719?extraParams=%7B%22display_model_id%22%3A250284116791%2C%22model_selection_logic%22%3A3%7D
944,Phuong Anh Decor SG,Thành phố Hồ Chí Minh,https://shopee.vn/search?shop=950494294,"Đồng hồ báo thức để bàn hình khủng long dễ thương để bàn học, bàn làm việc AUTOMATIK",99.000 ₫,"Đặc sản chất lượng - Đồng hồ báo thức để bàn hình khủng long dễ thương để bàn học, bàn làm việc AUTOMATIK",https://down-vn.img.susercontent.com/file/sg-11134201-23020-scrwdv6xphnv62,https://shopee.vn/Đồng-hồ-báo-thức-để-bàn-hình-khủng-long-dễ-thương-để-bàn-học-bàn-làm-việc-AUTOMATIK-i.950494294.19673188537?extraParams=%7B%22display_model_id%22%3A213844877218%2C%22model_selection_logic%22%3A3%7D
945,Phuong Anh Decor SG,Thành phố Hồ Chí Minh,https://shopee.vn/search?shop=950494294,"Đồng hồ báo thức mini siêu dễ thương có thể mang theo khi đi học, đi chơi AUTOMATIK",69.000 ₫,"Đặc sản chất lượng - Đồng hồ báo thức mini siêu dễ thương có thể mang theo khi đi học, đi chơi AUTOMATIK",https://down-vn.img.susercontent.com/file/vn-11134201-23020-b9qnjj7qkqnv7c,https://shopee.vn/Đồng-hồ-báo-thức-mini-siêu-dễ-thương-có-thể-mang-theo-khi-đi-học-đi-chơi-AUTOMATIK-i.950494294.20573813490?extraParams=%7B%22display_model_id%22%3A221007778392%2C%22model_selection_logic%22%3A3%7D
946,Phuong Anh Decor SG,Thành phố Hồ Chí Minh,https://shopee.vn/search?shop=950494294,"Quả cầu pha lê tuyết có hộp phát nhạc và đèn phát sáng xinh xắn kèm pin làm quà tặng tình yêu, sinh nhật PHUONG DECOR",169.000 ₫,"Đặc sản chất lượng - Quả cầu pha lê tuyết có hộp phát nhạc và đèn phát sáng xinh xắn kèm pin làm quà tặng tình yêu, sinh nhật PHUONG DECOR",https://down-vn.img.susercontent.com/file/vn-11134207-7r98o-lpurld1fqi1e10,https://shopee.vn/Quả-cầu-pha-lê-tuyết-có-hộp-phát-nhạc-và-đèn-phát-sáng-xinh-xắn-kèm-pin-làm-quà-tặng-tình-yêu-sinh-nhật-PHUONG-DECOR-i.950494294.23432189578?extraParams=%7B%22display_model_id%22%3A39349088380%2C%22model_selection_logic%22%3A3%7D
947,Phuong Anh Decor SG,Thành phố Hồ Chí Minh,https://shopee.vn/search?shop=950494294,Ống Tiết Kiệm Hình Thỏ Dễ Thương Bằng Nhựa Có Chỗ Lấy Tiền Làm Quà Tặng PHUONG DECOR,250.000 ₫,Đặc sản chất lượng - Ống Tiết Kiệm Hình Thỏ Dễ Thương Bằng Nhựa Có Chỗ Lấy Tiền Làm Quà Tặng PHUONG DECOR,https://down-vn.img.susercontent.com/file/sg-11134201-23020-lzehtuhtldnv42,https://shopee.vn/Ống-Tiết-Kiệm-Hình-Thỏ-Dễ-Thương-Bằng-Nhựa-Có-Chỗ-Lấy-Tiền-Làm-Quà-Tặng-PHUONG-DECOR-i.950494294.22823326172?extraParams=%7B%22display_model_id%22%3A220913067760%2C%22model_selection_logic%22%3A3%7D
948,Phuong Anh Decor SG,Thành phố Hồ Chí Minh,https://shopee.vn/search?shop=950494294,"Túi Quà Tặng Túi Giấy Cứng có NẮP dễ thương hình đá cẩm thạch tặng sinh nhật, valentine, ngày lễ Phuong decor",15.000 ₫,"Đặc sản chất lượng - Túi Quà Tặng Túi Giấy Cứng có NẮP dễ thương hình đá cẩm thạch tặng sinh nhật, valentine, ngày lễ Phuong decor",https://down-vn.img.susercontent.com/file/vn-11134201-23030-w8o9q41bteov11,https://shopee.vn/Túi-Quà-Tặng-Túi-Giấy-Cứng-có-NẮP-dễ-thương-hình-đá-cẩm-thạch-tặng-sinh-nhật-valentine-ngày-lễ-Phuong-decor-i.950494294.23730374858?extraParams=%7B%22display_model_id%22%3A194006844372%2C%22model_selection_logic%22%3A3%7D
949,Phuong Anh Decor SG,Thành phố Hồ Chí Minh,https://shopee.vn/search?shop=950494294,"Túi Quà Tặng Túi Giấy Cứng có quai kèm nơ hồng, xanh tặng sinh nhật, valentine, ngày lễ EMA gối nệm cho người việt",17.000 ₫,"Đặc sản chất lượng - Túi Quà Tặng Túi Giấy Cứng có quai kèm nơ hồng, xanh tặng sinh nhật, valentine, ngày lễ EMA gối nệm cho người việt",https://down-vn.img.susercontent.com/file/vn-11134201-23030-o6ts2jnfueovf8,https://shopee.vn/Túi-Quà-Tặng-Túi-Giấy-Cứng-có-quai-kèm-nơ-hồng-xanh-tặng-sinh-nhật-valentine-ngày-lễ-EMA-gối-nệm-cho-người-việt-i.950494294.21575503471?extraParams=%7B%22display_model_id%22%3A88640581902%2C%22model_selection_logic%22%3A3%7D
950,Phuong Anh Decor SG,Thành phố Hồ Chí Minh,https://shopee.vn/search?shop=950494294,"Quả cầu tuyết có nhạc và ánh sáng , quà lưu niệm, quà tặng sinh nhật thú vị PHUONG DECOR",169.000 ₫,"Đặc sản chất lượng - Quả cầu tuyết có nhạc và ánh sáng , quà lưu niệm, quà tặng sinh nhật thú vị PHUONG DECOR",https://down-vn.img.susercontent.com/file/sg-11134201-23020-o4iqwiimvbnvda,https://shopee.vn/Quả-cầu-tuyết-có-nhạc-và-ánh-sáng-quà-lưu-niệm-quà-tặng-sinh-nhật-thú-vị-PHUONG-DECOR-i.950494294.18772841542?extraParams=%7B%22display_model_id%22%3A138760065031%2C%22model_selection_logic%22%3A3%7D
951,Phuong Anh Decor SG,Thành phố Hồ Chí Minh,https://shopee.vn/search?shop=950494294,Quả cầu tuyết hình chú mèo ú Doreamon siêu dễ thương làm quà tặng- nhiều size PHUONG DECOR,169.000 ₫,Đặc sản chất lượng - Quả cầu tuyết hình chú mèo ú Doreamon siêu dễ thương làm quà tặng- nhiều size PHUONG DECOR,https://down-vn.img.susercontent.com/file/sg-11134201-23020-k22pyfmltbnvbd,https://shopee.vn/Quả-cầu-tuyết-hình-chú-mèo-ú-Doreamon-siêu-dễ-thương-làm-quà-tặng-nhiều-size-PHUONG-DECOR-i.950494294.23522954865?extraParams=%7B%22display_model_id%22%3A59251153880%2C%22model_selection_logic%22%3A3%7D
952,KINGKONG SHOP.,Thành phố Hồ Chí Minh,https://shopee.vn/search?shop=1551917366,Móc khoá cỏ bốn lá kèm tag may mắn- KINGKONG SHOP,11.900 ₫,Đặc sản chất lượng - Móc khoá cỏ bốn lá kèm tag may mắn- KINGKONG SHOP,https://down-vn.img.susercontent.com/file/sg-11134201-7rauf-ma98jj62s3b2c0,https://shopee.vn/Móc-khoá-cỏ-bốn-lá-kèm-tag-may-mắn-KINGKONG-SHOP-i.1551917366.42775262636?extraParams=%7B%22display_model_id%22%3A287048226720%2C%22model_selection_logic%22%3A3%7D
953,KINGKONG SHOP.,Thành phố Hồ Chí Minh,https://shopee.vn/search?shop=1551917366,"Siêu rẻ Móc khoá  - móc khoá cầu may, tài lộc, tình yêu, cầu bình an -KINGKONG SHOP MICA IN UV TRỰC TIẾP",10.000 ₫,"Đặc sản chất lượng - Siêu rẻ Móc khoá  - móc khoá cầu may, tài lộc, tình yêu, cầu bình an -KINGKONG SHOP MICA IN UV TRỰC TIẾP",https://down-vn.img.susercontent.com/file/sg-11134201-7ra3b-m55dd2ghhtp3bd,https://shopee.vn/Siêu-rẻ-Móc-khoá-móc-khoá-cầu-may-tài-lộc-tình-yêu-cầu-bình-an-KINGKONG-SHOP-MICA-IN-UV-TRỰC-TIẾP-i.1551917366.44225262267?extraParams=%7B%22display_model_id%22%3A277048258704%2C%22model_selection_logic%22%3A3%7D
954,KINGKONG SHOP.,Thành phố Hồ Chí Minh,https://shopee.vn/search?shop=1551917366,"MÓC KHOÁ LỜI NHẮN QUÀ TẶNG - KINGKONG SHOP ngoi sao,tin vao dieu tot dep",14.900 ₫,"Đặc sản chất lượng - MÓC KHOÁ LỜI NHẮN QUÀ TẶNG - KINGKONG SHOP ngoi sao,tin vao dieu tot dep",https://down-vn.img.susercontent.com/file/vn-11134207-7ras8-mbxy51jtpoc2ad,https://shopee.vn/MÓC-KHOÁ-LỜI-NHẮN-QUÀ-TẶNG-KINGKONG-SHOP-ngoi-sao-tin-vao-dieu-tot-dep-i.1551917366.41075271119?extraParams=%7B%22display_model_id%22%3A249052139695%2C%22model_selection_logic%22%3A3%7D
955,KINGKONG SHOP.,Thành phố Hồ Chí Minh,https://shopee.vn/search?shop=1551917366,"(ĐỦ SIZE)Móc khoá chân dung cắt viền, tách nền THEO YÊU CẦU, móc khoá mica làm quà tặng, quà lưu niệm,-Mica Hoàng",15.000 ₫,"Đặc sản chất lượng - (ĐỦ SIZE)Móc khoá chân dung cắt viền, tách nền THEO YÊU CẦU, móc khoá mica làm quà tặng, quà lưu niệm,-Mica Hoàng",https://down-vn.img.susercontent.com/file/sg-11134201-7rblp-lpepkqk097wm17,https://shopee.vn/(ĐỦ-SIZE)Móc-khoá-chân-dung-cắt-viền-tách-nền-THEO-YÊU-CẦU-móc-khoá-mica-làm-quà-tặng-quà-lưu-niệm-Mica-Hoàng-i.1551917366.40252739773?extraParams=%7B%22display_model_id%22%3A224675323044%2C%22model_selection_logic%22%3A3%7D
956,KINGKONG SHOP.,Thành phố Hồ Chí Minh,https://shopee.vn/search?shop=1551917366,Móc khoá quà tặng lời nhắn siêu cutee  -KINGKONG SHOP,11.500 ₫,Đặc sản chất lượng - Móc khoá quà tặng lời nhắn siêu cutee  -KINGKONG SHOP,https://down-vn.img.susercontent.com/file/vn-11134207-7ra0g-m8iunadfnr0ieb,https://shopee.vn/Móc-khoá-quà-tặng-lời-nhắn-siêu-cutee-KINGKONG-SHOP-i.1551917366.42425266370?extraParams=%7B%22display_model_id%22%3A272048075066%2C%22model_selection_logic%22%3A3%7D
957,KINGKONG SHOP.,Thành phố Hồ Chí Minh,https://shopee.vn/search?shop=1551917366,MÓC KHOÁ QUÀ TẶNG MAY MẮN LỜI CHÚC TỐT ĐẸP - KINGKONG SHOP,11.900 ₫,Đặc sản chất lượng - MÓC KHOÁ QUÀ TẶNG MAY MẮN LỜI CHÚC TỐT ĐẸP - KINGKONG SHOP,https://down-vn.img.susercontent.com/file/vn-11134207-820l4-meisxeiwo8ao0c,https://shopee.vn/MÓC-KHOÁ-QUÀ-TẶNG-MAY-MẮN-LỜI-CHÚC-TỐT-ĐẸP-KINGKONG-SHOP-i.1551917366.40825258291?extraParams=%7B%22display_model_id%22%3A254052133975%2C%22model_selection_logic%22%3A3%7D
958,KINGKONG SHOP.,Thành phố Hồ Chí Minh,https://shopee.vn/search?shop=1551917366,Móc khoá quà tặng couple lời nhắn siêu cutee  - KINGKONG SHOP,11.900 ₫,Đặc sản chất lượng - Móc khoá quà tặng couple lời nhắn siêu cutee  - KINGKONG SHOP,https://down-vn.img.susercontent.com/file/vn-11134207-7ra0g-m8gd8lb1uzcye6,https://shopee.vn/Móc-khoá-quà-tặng-couple-lời-nhắn-siêu-cutee-KINGKONG-SHOP-i.1551917366.44225270595?extraParams=%7B%22display_model_id%22%3A277047985243%2C%22model_selection_logic%22%3A3%7D
959,KINGKONG SHOP.,Thành phố Hồ Chí Minh,https://shopee.vn/search?shop=1551917366,KINGKONG SHOP - Móc khóa Trộm vía MICA IN UV SẮC NÉT,11.999 ₫,Đặc sản chất lượng - KINGKONG SHOP - Móc khóa Trộm vía MICA IN UV SẮC NÉT,https://down-vn.img.susercontent.com/file/sg-11134201-7rask-madpwo4pv7tc8f,https://shopee.vn/KINGKONG-SHOP-Móc-khóa-Trộm-vía-MICA-IN-UV-SẮC-NÉT-i.1551917366.42025266802?extraParams=%7B%22display_model_id%22%3A238182529308%2C%22model_selection_logic%22%3A3%7D
960,KINGKONG SHOP.,Thành phố Hồ Chí Minh,https://shopee.vn/search?shop=1551917366,"MÓC KHÓA""Nỗ lực nở hoa"" - Móc khóa vô tri, KINGKONG SHOP",12.900 ₫,"Đặc sản chất lượng - MÓC KHÓA""Nỗ lực nở hoa"" - Móc khóa vô tri, KINGKONG SHOP",https://down-vn.img.susercontent.com/file/sg-11134201-7rauc-madpw5m91bo04b,https://shopee.vn/MÓC-KHÓA-Nỗ-lực-nở-hoa-Móc-khóa-vô-tri-KINGKONG-SHOP-i.1551917366.43425262394?extraParams=%7B%22display_model_id%22%3A254052200220%2C%22model_selection_logic%22%3A3%7D
961,KINGKONG SHOP.,Thành phố Hồ Chí Minh,https://shopee.vn/search?shop=1551917366,Móc khoá thông điệp tin vào bản thân làm quà tặng xinh-KINGKONG SHOP,12.900 ₫,Đặc sản chất lượng - Móc khoá thông điệp tin vào bản thân làm quà tặng xinh-KINGKONG SHOP,https://down-vn.img.susercontent.com/file/sg-11134201-7rdwd-mcuf74xha4os72,https://shopee.vn/Móc-khoá-thông-điệp-tin-vào-bản-thân-làm-quà-tặng-xinh-KINGKONG-SHOP-i.1551917366.29493229567?extraParams=%7B%22display_model_id%22%3A302048202264%2C%22model_selection_logic%22%3A3%7D
962,Ngorangbo.artwork,Tỉnh Ninh Bình,https://shopee.vn/search?shop=68364797,BST giấy khen cute - Postcard giấy khen dễ thương - Size mini a6 - ngorangbo,22.000 ₫,Đặc sản chất lượng - BST giấy khen cute - Postcard giấy khen dễ thương - Size mini a6 - ngorangbo,https://down-vn.img.susercontent.com/file/vn-11134207-7ra0g-m9jlcol967us13,https://shopee.vn/BST-giấy-khen-cute-Postcard-giấy-khen-dễ-thương-Size-mini-a6-ngorangbo-i.68364797.40750239468?extraParams=%7B%22display_model_id%22%3A243485527287%2C%22model_selection_logic%22%3A3%7D
963,Ngorangbo.artwork,Tỉnh Ninh Bình,https://shopee.vn/search?shop=68364797,Card bo góc - Mini lucky card - 5.5 x 8.5 - Bỏ ví hoặc ốp điện thoại - Ngorangbo,12.000 ₫,Đặc sản chất lượng - Card bo góc - Mini lucky card - 5.5 x 8.5 - Bỏ ví hoặc ốp điện thoại - Ngorangbo,https://down-vn.img.susercontent.com/file/vn-11134207-7ras8-m0sddctf1eof68,https://shopee.vn/Card-bo-góc-Mini-lucky-card-5.5-x-8.5-Bỏ-ví-hoặc-ốp-điện-thoại-Ngorangbo-i.68364797.28212778118?extraParams=%7B%22display_model_id%22%3A256695256405%2C%22model_selection_logic%22%3A3%7D
964,Ngorangbo.artwork,Tỉnh Ninh Bình,https://shopee.vn/search?shop=68364797,Card bo góc - Mini lucky card - 5.5 x 8.5 - Bỏ ví hoặc ốp điện thoại - Ngorangbo,13.000 ₫,Đặc sản chất lượng - Card bo góc - Mini lucky card - 5.5 x 8.5 - Bỏ ví hoặc ốp điện thoại - Ngorangbo,https://down-vn.img.susercontent.com/file/vn-11134207-7ras8-md1vi882kl9893,https://shopee.vn/Card-bo-góc-Mini-lucky-card-5.5-x-8.5-Bỏ-ví-hoặc-ốp-điện-thoại-Ngorangbo-i.68364797.41411631210?extraParams=%7B%22display_model_id%22%3A275975291361%2C%22model_selection_logic%22%3A3%7D
965,Ngorangbo.artwork,Tỉnh Ninh Bình,https://shopee.vn/search?shop=68364797,Miếng lót chuột dễ thương 21 x 26cm - Mousepad cute - Lót chuột chống trượt - Ngorangbo.artwork,129.000 ₫,Đặc sản chất lượng - Miếng lót chuột dễ thương 21 x 26cm - Mousepad cute - Lót chuột chống trượt - Ngorangbo.artwork,https://down-vn.img.susercontent.com/file/vn-11134207-81ztc-mnm9vdc78wzn84,https://shopee.vn/Miếng-lót-chuột-dễ-thương-21-x-26cm-Mousepad-cute-Lót-chuột-chống-trượt-Ngorangbo.artwork-i.68364797.26144700807?extraParams=%7B%22display_model_id%22%3A380853299537%2C%22model_selection_logic%22%3A3%7D
966,Ngorangbo.artwork,Tỉnh Ninh Bình,https://shopee.vn/search?shop=68364797,Card bo góc - Mini lucky card - 5.5 x 8.5 - Bỏ ví hoặc ốp điện thoại - Ngorangbo,13.000 ₫,Đặc sản chất lượng - Card bo góc - Mini lucky card - 5.5 x 8.5 - Bỏ ví hoặc ốp điện thoại - Ngorangbo,https://down-vn.img.susercontent.com/file/vn-11134207-81ztc-mlp2hhdd4ikjeb,https://shopee.vn/Card-bo-góc-Mini-lucky-card-5.5-x-8.5-Bỏ-ví-hoặc-ốp-điện-thoại-Ngorangbo-i.68364797.44957092462?extraParams=%7B%22display_model_id%22%3A420631658085%2C%22model_selection_logic%22%3A3%7D
967,Ngorangbo.artwork,Tỉnh Ninh Bình,https://shopee.vn/search?shop=68364797,Card bo góc - Mini lucky card - 5.5 x 8.5 - Bỏ ví hoặc ốp điện thoại - Ngorangbo,12.000 ₫,Đặc sản chất lượng - Card bo góc - Mini lucky card - 5.5 x 8.5 - Bỏ ví hoặc ốp điện thoại - Ngorangbo,https://down-vn.img.susercontent.com/file/vn-11134207-7ras8-m1cgpjtmtq3ce5,https://shopee.vn/Card-bo-góc-Mini-lucky-card-5.5-x-8.5-Bỏ-ví-hoặc-ốp-điện-thoại-Ngorangbo-i.68364797.29813952503?extraParams=%7B%22display_model_id%22%3A195458447858%2C%22model_selection_logic%22%3A3%7D
968,Ngorangbo.artwork,Tỉnh Ninh Bình,https://shopee.vn/search?shop=68364797,Huy chương dễ thương - quà sinh nhật-quà tốt nghiệp dễ thương - Ngorangbo.artwork,189.000 ₫,Đặc sản chất lượng - Huy chương dễ thương - quà sinh nhật-quà tốt nghiệp dễ thương - Ngorangbo.artwork,https://down-vn.img.susercontent.com/file/vn-11134207-7ra0g-m9lcdxhhjvb8ae,https://shopee.vn/Huy-chương-dễ-thương-quà-sinh-nhật-quà-tốt-nghiệp-dễ-thương-Ngorangbo.artwork-i.68364797.43600422966?extraParams=%7B%22display_model_id%22%3A258408338257%2C%22model_selection_logic%22%3A3%7D
969,Ngorangbo.artwork,Tỉnh Ninh Bình,https://shopee.vn/search?shop=68364797,Huy chương dễ thương - quà sinh nhật dễ thương - Ngorangbo.artwork,189.000 ₫,Đặc sản chất lượng - Huy chương dễ thương - quà sinh nhật dễ thương - Ngorangbo.artwork,https://down-vn.img.susercontent.com/file/vn-11134207-7ra0g-m9cskd1yo4nb14,https://shopee.vn/Huy-chương-dễ-thương-quà-sinh-nhật-dễ-thương-Ngorangbo.artwork-i.68364797.27735869526?extraParams=%7B%22display_model_id%22%3A186062354427%2C%22model_selection_logic%22%3A3%7D
970,Ngorangbo.artwork,Tỉnh Ninh Bình,https://shopee.vn/search?shop=68364797,Card bo góc - Mini lucky card - 5.5 x 8.5 - Bỏ ví hoặc ốp điện thoại - Ngorangbo,13.000 ₫,Đặc sản chất lượng - Card bo góc - Mini lucky card - 5.5 x 8.5 - Bỏ ví hoặc ốp điện thoại - Ngorangbo,https://down-vn.img.susercontent.com/file/vn-11134207-7ra0g-m7xolx0onbt3c9,https://shopee.vn/Card-bo-góc-Mini-lucky-card-5.5-x-8.5-Bỏ-ví-hoặc-ốp-điện-thoại-Ngorangbo-i.68364797.28681296973?extraParams=%7B%22display_model_id%22%3A234035646019%2C%22model_selection_logic%22%3A3%7D
971,Ngorangbo.artwork,Tỉnh Ninh Bình,https://shopee.vn/search?shop=68364797,M10 - Thiệp Sinh nhật dễ thương- Nhất mừng sinh chục  - Ngorangbo.artwork,20.000 ₫,Đặc sản chất lượng - M10 - Thiệp Sinh nhật dễ thương- Nhất mừng sinh chục  - Ngorangbo.artwork,https://down-vn.img.susercontent.com/file/vn-11134207-7r98o-lyiuz8lebxy990,https://shopee.vn/M10-Thiệp-Sinh-nhật-dễ-thương-Nhất-mừng-sinh-chục-Ngorangbo.artwork-i.68364797.22290283882?extraParams=%7B%22display_model_id%22%3A226614291328%2C%22model_selection_logic%22%3A3%7D
972,Tiệm nhà Nhím - Shop Quà Tặng,Thành phố Hồ Chí Minh,https://shopee.vn/search?shop=298607472,Bút kim nước đầu thỏ Molang cute siêu đáng yêu - Bút bi bằng silicon mềm tương đối gắn trên nắp bút đẹp mắt - LarvaStore,6.000 ₫,Đặc sản chất lượng - Bút kim nước đầu thỏ Molang cute siêu đáng yêu - Bút bi bằng silicon mềm tương đối gắn trên nắp bút đẹp mắt - LarvaStore,https://down-vn.img.susercontent.com/file/2a0bd637519f28d6f1994318ec9e89e2,https://shopee.vn/Bút-kim-nước-đầu-thỏ-Molang-cute-siêu-đáng-yêu-Bút-bi-bằng-silicon-mềm-tương-đối-gắn-trên-nắp-bút-đẹp-mắt-LarvaStore-i.298607472.10917081503?extraParams=%7B%22display_model_id%22%3A110937789805%2C%22model_selection_logic%22%3A3%7D
973,Tiệm nhà Nhím - Shop Quà Tặng,Thành phố Hồ Chí Minh,https://shopee.vn/search?shop=298607472,Nến Noel hình quả thông Noel - Hộp quà gồm 3 nến giáng sinh hình quả thông làm quà tặng giáng sinh,20.000 ₫,Đặc sản chất lượng - Nến Noel hình quả thông Noel - Hộp quà gồm 3 nến giáng sinh hình quả thông làm quà tặng giáng sinh,https://down-vn.img.susercontent.com/file/vn-11134207-7r98o-lol027wb0xbrbc,https://shopee.vn/Nến-Noel-hình-quả-thông-Noel-Hộp-quà-gồm-3-nến-giáng-sinh-hình-quả-thông-làm-quà-tặng-giáng-sinh-i.298607472.9279903476?extraParams=%7B%22display_model_id%22%3A232312367282%2C%22model_selection_logic%22%3A3%7D
974,Tiệm nhà Nhím - Shop Quà Tặng,Thành phố Hồ Chí Minh,https://shopee.vn/search?shop=298607472,Bút viêt bi xanh gắn hình Hồng Hạc kute - Bút bi dạng trượt đèn phát sáng gắn trên nắp bút đẹp mắt,25.000 ₫,Đặc sản chất lượng - Bút viêt bi xanh gắn hình Hồng Hạc kute - Bút bi dạng trượt đèn phát sáng gắn trên nắp bút đẹp mắt,https://down-vn.img.susercontent.com/file/vn-11134207-7ra0g-m7gaq6lzc7o806,https://shopee.vn/Bút-viêt-bi-xanh-gắn-hình-Hồng-Hạc-kute-Bút-bi-dạng-trượt-đèn-phát-sáng-gắn-trên-nắp-bút-đẹp-mắt-i.298607472.8079416262?extraParams=%7B%22display_model_id%22%3A101054949408%2C%22model_selection_logic%22%3A3%7D
975,Tiệm nhà Nhím - Shop Quà Tặng,Thành phố Hồ Chí Minh,https://shopee.vn/search?shop=298607472,Móc khóa I Love You Một Mắt Xanh Hồng bé bé xinhxinh biết nói I love you quà tặng móc khóa dễ thương,44.000 ₫,Đặc sản chất lượng - Móc khóa I Love You Một Mắt Xanh Hồng bé bé xinhxinh biết nói I love you quà tặng móc khóa dễ thương,https://down-vn.img.susercontent.com/file/vn-11134207-7ra0g-m8bun2wafzia04,https://shopee.vn/Móc-khóa-I-Love-You-Một-Mắt-Xanh-Hồng-bé-bé-xinhxinh-biết-nói-I-love-you-quà-tặng-móc-khóa-dễ-thương-i.298607472.22201770356?extraParams=%7B%22display_model_id%22%3A234066861471%2C%22model_selection_logic%22%3A3%7D
976,Tiệm nhà Nhím - Shop Quà Tặng,Thành phố Hồ Chí Minh,https://shopee.vn/search?shop=298607472,Quà tặng đèn Thỏ Ngọc Lena 2 in 1 có đèn làm quà tặng sinh nhật người yêu món quà Valentine y nghĩa,9.000 ₫,Đặc sản chất lượng - Quà tặng đèn Thỏ Ngọc Lena 2 in 1 có đèn làm quà tặng sinh nhật người yêu món quà Valentine y nghĩa,https://down-vn.img.susercontent.com/file/vn-11134207-7ra0g-m6f5bc0wekpk2b,https://shopee.vn/Quà-tặng-đèn-Thỏ-Ngọc-Lena-2-in-1-có-đèn-làm-quà-tặng-sinh-nhật-người-yêu-món-quà-Valentine-y-nghĩa-i.298607472.23782247357?extraParams=%7B%22display_model_id%22%3A258290441336%2C%22model_selection_logic%22%3A3%7D
977,Tiệm nhà Nhím - Shop Quà Tặng,Thành phố Hồ Chí Minh,https://shopee.vn/search?shop=298607472,Móc khóa mô hình Balo Phi Hành Gia đủ màu sắc - Móc chìa khóa phụ kiện Túi Xách siêu đáng yêu,68.000 ₫,Đặc sản chất lượng - Móc khóa mô hình Balo Phi Hành Gia đủ màu sắc - Móc chìa khóa phụ kiện Túi Xách siêu đáng yêu,https://down-vn.img.susercontent.com/file/vn-11134207-7r98o-lm5x8x2z2bq7bd,https://shopee.vn/Móc-khóa-mô-hình-Balo-Phi-Hành-Gia-đủ-màu-sắc-Móc-chìa-khóa-phụ-kiện-Túi-Xách-siêu-đáng-yêu-i.298607472.22156145457?extraParams=%7B%22display_model_id%22%3A166119901575%2C%22model_selection_logic%22%3A3%7D
978,Tiệm nhà Nhím - Shop Quà Tặng,Thành phố Hồ Chí Minh,https://shopee.vn/search?shop=298607472,Hộp quà tặng tinh dầu thơm phòng làm quà tặng quốc tết phụ nữ 20/10 quà tặng người yêu quà tặng 8/3,50.000 ₫,Đặc sản chất lượng - Hộp quà tặng tinh dầu thơm phòng làm quà tặng quốc tết phụ nữ 20/10 quà tặng người yêu quà tặng 8/3,https://down-vn.img.susercontent.com/file/vn-11134207-7r98o-lx8fknplk5p5af,https://shopee.vn/Hộp-quà-tặng-tinh-dầu-thơm-phòng-làm-quà-tặng-quốc-tết-phụ-nữ-20-10-quà-tặng-người-yêu-quà-tặng-8-3-i.298607472.21984829899?extraParams=%7B%22display_model_id%22%3A236901259426%2C%22model_selection_logic%22%3A3%7D
979,Tiệm nhà Nhím - Shop Quà Tặng,Thành phố Hồ Chí Minh,https://shopee.vn/search?shop=298607472,Móc chìa khóa Móc khóa Bearbrick Gấu kute phụ kiện Túi Xách dễ thương siêu kute,49.000 ₫,Đặc sản chất lượng - Móc chìa khóa Móc khóa Bearbrick Gấu kute phụ kiện Túi Xách dễ thương siêu kute,https://down-vn.img.susercontent.com/file/vn-11134207-7r98o-lm5kis9grzrz34,https://shopee.vn/Móc-chìa-khóa-Móc-khóa-Bearbrick-Gấu-kute-phụ-kiện-Túi-Xách-dễ-thương-siêu-kute-i.298607472.19284621792?extraParams=%7B%22display_model_id%22%3A217061433000%2C%22model_selection_logic%22%3A3%7D
980,Tiệm nhà Nhím - Shop Quà Tặng,Thành phố Hồ Chí Minh,https://shopee.vn/search?shop=298607472,Chuông Noel 10mm (1cm) Trang Trí giáng sinh Decor Cây Thông Noel loại mini trang trí cây thông Noel,16.000 ₫,Đặc sản chất lượng - Chuông Noel 10mm (1cm) Trang Trí giáng sinh Decor Cây Thông Noel loại mini trang trí cây thông Noel,https://down-vn.img.susercontent.com/file/vn-11134207-7r98o-lxdtdx7xhhwbbb,https://shopee.vn/Chuông-Noel-10mm-(1cm)-Trang-Trí-giáng-sinh-Decor-Cây-Thông-Noel-loại-mini-trang-trí-cây-thông-Noel-i.298607472.21939221987?extraParams=%7B%22display_model_id%22%3A198695577249%2C%22model_selection_logic%22%3A3%7D
981,Tiệm nhà Nhím - Shop Quà Tặng,Thành phố Hồ Chí Minh,https://shopee.vn/search?shop=298607472,Nến Noel hình cây thông Noel - hộp gồm 3 nến giáng sinh hình cây thông noel quà tặng noel giáng sinh,25.000 ₫,Đặc sản chất lượng - Nến Noel hình cây thông Noel - hộp gồm 3 nến giáng sinh hình cây thông noel quà tặng noel giáng sinh,https://down-vn.img.susercontent.com/file/vn-11134207-7r98o-lol027wa37p37d,https://shopee.vn/Nến-Noel-hình-cây-thông-Noel-hộp-gồm-3-nến-giáng-sinh-hình-cây-thông-noel-quà-tặng-noel-giáng-sinh-i.298607472.18782895113?extraParams=%7B%22display_model_id%22%3A127668916249%2C%22model_selection_logic%22%3A3%7D
982,Tèo Leo,Thành phố Hồ Chí Minh,https://shopee.vn/search?shop=1606421908,[TRANG TRÍ - Joystick Keycap Retro,40.000 ₫,Đặc sản chất lượng - [TRANG TRÍ - Joystick Keycap Retro,https://down-vn.img.susercontent.com/file/vn-11134207-81ztc-mn09hluj36rm05,https://shopee.vn/-TRANG-TRÍ-Joystick-Keycap-Retro-i.1606421908.50358748511?extraParams=%7B%22display_model_id%22%3A425777050435%2C%22model_selection_logic%22%3A3%7D
983,Tèo Leo,Thành phố Hồ Chí Minh,https://shopee.vn/search?shop=1606421908,[HÍT TỦ LẠNH] - Mini Mart Fridge Magnet (7-Eleven & FamilyMart % MacDonald),20.000 ₫,Đặc sản chất lượng - [HÍT TỦ LẠNH] - Mini Mart Fridge Magnet (7-Eleven & FamilyMart % MacDonald),https://down-vn.img.susercontent.com/file/vn-11134211-820l4-mibuw9rx1zpe2f,https://shopee.vn/-HÍT-TỦ-LẠNH-Mini-Mart-Fridge-Magnet-(7-Eleven-FamilyMart-MacDonald)-i.1606421908.49503087131?extraParams=%7B%22display_model_id%22%3A315296498166%2C%22model_selection_logic%22%3A3%7D
984,Tèo Leo,Thành phố Hồ Chí Minh,https://shopee.vn/search?shop=1606421908,[HÍT TỦ LẠNH] - SpongeBob SquarePants Series kẹp mông nam châm trang trí tủ lạnh,20.000 ₫,Đặc sản chất lượng - [HÍT TỦ LẠNH] - SpongeBob SquarePants Series kẹp mông nam châm trang trí tủ lạnh,https://down-vn.img.susercontent.com/file/vn-11134211-820l4-mh30j6ut1zpm20,https://shopee.vn/-HÍT-TỦ-LẠNH-SpongeBob-SquarePants-Series-kẹp-mông-nam-châm-trang-trí-tủ-lạnh-i.1606421908.41770718175?extraParams=%7B%22display_model_id%22%3A286692226061%2C%22model_selection_logic%22%3A3%7D
985,Tèo Leo,Thành phố Hồ Chí Minh,https://shopee.vn/search?shop=1606421908,[TRANG TRÍ] - Vịt Duck U,15.000 ₫,Đặc sản chất lượng - [TRANG TRÍ] - Vịt Duck U,https://down-vn.img.susercontent.com/file/vn-11134207-820l4-mj6qbxlzf28541,https://shopee.vn/-TRANG-TRÍ-Vịt-Duck-U-i.1606421908.54104269728?extraParams=%7B%22display_model_id%22%3A390402272899%2C%22model_selection_logic%22%3A3%7D
986,Tèo Leo,Thành phố Hồ Chí Minh,https://shopee.vn/search?shop=1606421908,[TRANG TRÍ] - Cây Tiền Lắc Lư Mini – Cây Tài Lộc May Mắn,39.000 ₫,Đặc sản chất lượng - [TRANG TRÍ] - Cây Tiền Lắc Lư Mini – Cây Tài Lộc May Mắn,https://down-vn.img.susercontent.com/file/vn-11134211-81ztc-mkkrgukfw4xvfd,https://shopee.vn/-TRANG-TRÍ-Cây-Tiền-Lắc-Lư-Mini-–-Cây-Tài-Lộc-May-Mắn-i.1606421908.44556108291?extraParams=%7B%22display_model_id%22%3A335553905272%2C%22model_selection_logic%22%3A3%7D
987,Tèo Leo,Thành phố Hồ Chí Minh,https://shopee.vn/search?shop=1606421908,[MÓC KHÓA - HÍT TỦ LẠNH] - Hút bồn cầu Click Click,25.000 ₫,Đặc sản chất lượng - [MÓC KHÓA - HÍT TỦ LẠNH] - Hút bồn cầu Click Click,https://down-vn.img.susercontent.com/file/vn-11134207-81ztc-mn0a3h945j43d1,https://shopee.vn/-MÓC-KHÓA-HÍT-TỦ-LẠNH-Hút-bồn-cầu-Click-Click-i.1606421908.42980009743?extraParams=%7B%22display_model_id%22%3A445777077910%2C%22model_selection_logic%22%3A3%7D
988,Tèo Leo,Thành phố Hồ Chí Minh,https://shopee.vn/search?shop=1606421908,[MÓC KHÓA] - Xe Tăng Click Click - Phiên bản 30/04,45.000 ₫,Đặc sản chất lượng - [MÓC KHÓA] - Xe Tăng Click Click - Phiên bản 30/04,https://down-vn.img.susercontent.com/file/sg-11134201-823ri-mp26eiz5p0jzc7,https://shopee.vn/-MÓC-KHÓA-Xe-Tăng-Click-Click-Phiên-bản-30-04-i.1606421908.54758254233?extraParams=%7B%22display_model_id%22%3A282508573475%2C%22model_selection_logic%22%3A3%7D
989,Tèo Leo,Thành phố Hồ Chí Minh,https://shopee.vn/search?shop=1606421908,[MÓC KHÓA ] - Mũ Cối Bộ Đội Việt Nam,27.000 ₫,Đặc sản chất lượng - [MÓC KHÓA ] - Mũ Cối Bộ Đội Việt Nam,https://down-vn.img.susercontent.com/file/vn-11134207-81ztc-mmorzk8z8a3359,https://shopee.vn/-MÓC-KHÓA-Mũ-Cối-Bộ-Đội-Việt-Nam-i.1606421908.51158254332?extraParams=%7B%22display_model_id%22%3A370734065905%2C%22model_selection_logic%22%3A3%7D
990,Tèo Leo,Thành phố Hồ Chí Minh,https://shopee.vn/search?shop=1606421908,[MÓC KHÓA ] - Series Pokemon Huyền Thoại Chibi Rayquaza,45.000 ₫,Đặc sản chất lượng - [MÓC KHÓA ] - Series Pokemon Huyền Thoại Chibi Rayquaza,https://down-vn.img.susercontent.com/file/vn-11134207-81ztc-mos33m5l4v7x3d,https://shopee.vn/-MÓC-KHÓA-Series-Pokemon-Huyền-Thoại-Chibi-Rayquaza-i.1606421908.47911312365?extraParams=%7B%22display_model_id%22%3A325983264010%2C%22model_selection_logic%22%3A3%7D
991,Tèo Leo,Thành phố Hồ Chí Minh,https://shopee.vn/search?shop=1606421908,[MÓC KHOÁ] - Nón lá Việt Nam Cờ đỏ Sao vàng in 3D,20.000 ₫,Đặc sản chất lượng - [MÓC KHOÁ] - Nón lá Việt Nam Cờ đỏ Sao vàng in 3D,https://down-vn.img.susercontent.com/file/vn-11134211-820l4-mh30j6uu5bm2e2,https://shopee.vn/-MÓC-KHOÁ-Nón-lá-Việt-Nam-Cờ-đỏ-Sao-vàng-in-3D-i.1606421908.27340386845?extraParams=%7B%22display_model_id%22%3A291223102419%2C%22model_selection_logic%22%3A3%7D
