STT,Tên Shop,Địa Chỉ Shop,Link Website / Link Shop,Tên Sản Phẩm,Giá Cả,Mô Tả Sản Phẩm,Link Hình Ảnh,Link Sản Phẩm (Chi Tiết)
1,Lilforest,Thành phố Hà Nội,https://shopee.vn/search?shop=1525242885,"Đèn Gỗ Trang Trí Lilforest chiếu sáng đặt bàn, tuỳ chỉnh độ sáng làm đèn ngủ",80.000 ₫,"Đặc sản chất lượng - Đèn Gỗ Trang Trí Lilforest chiếu sáng đặt bàn, tuỳ chỉnh độ sáng làm đèn ngủ",https://down-vn.img.susercontent.com/file/vn-11134207-81ztc-motkw9y24ruqf5,https://shopee.vn/Đèn-Gỗ-Trang-Trí-Lilforest-chiếu-sáng-đặt-bàn-tuỳ-chỉnh-độ-sáng-làm-đèn-ngủ-i.1525242885.54359061328?extraParams=%7B%22display_model_id%22%3A425802814592%2C%22model_selection_logic%22%3A3%7D
2,Lilforest,Thành phố Hà Nội,https://shopee.vn/search?shop=1525242885,"Quà tặng thủ công nghệ thuật từ thiên nhiên LilForest, trang trí để bàn với cây không cần chăm sóc (size 10)",579.000 ₫,"Đặc sản chất lượng - Quà tặng thủ công nghệ thuật từ thiên nhiên LilForest, trang trí để bàn với cây không cần chăm sóc (size 10)",https://down-vn.img.susercontent.com/file/vn-11134207-81ztc-moq7toh3ls0de8,https://shopee.vn/Quà-tặng-thủ-công-nghệ-thuật-từ-thiên-nhiên-LilForest-trang-trí-để-bàn-với-cây-không-cần-chăm-sóc-(size-10)-i.1525242885.41521338076?extraParams=%7B%22display_model_id%22%3A306742539274%2C%22model_selection_logic%22%3A3%7D
3,Lilforest,Thành phố Hà Nội,https://shopee.vn/search?shop=1525242885,"Thuận Buồm Xuôi Gió - Quà Tặng thủ công Lilforest từ thiên nhiên, trang trí để bàn với cây không cần chăm sóc",599.000 ₫,"Đặc sản chất lượng - Thuận Buồm Xuôi Gió - Quà Tặng thủ công Lilforest từ thiên nhiên, trang trí để bàn với cây không cần chăm sóc",https://down-vn.img.susercontent.com/file/vn-11134207-81ztc-moq7v7cmr4zzda,https://shopee.vn/Thuận-Buồm-Xuôi-Gió-Quà-Tặng-thủ-công-Lilforest-từ-thiên-nhiên-trang-trí-để-bàn-với-cây-không-cần-chăm-sóc-i.1525242885.43021342760?extraParams=%7B%22display_model_id%22%3A276742529827%2C%22model_selection_logic%22%3A3%7D
4,Lilforest,Thành phố Hà Nội,https://shopee.vn/search?shop=1525242885,"Quà tặng Phật Giáo - hộp quà thủ công nghệ thuật LilForest từ thiên nhiên, trang trí để bàn với cây không cần chăm sóc",659.000 ₫,"Đặc sản chất lượng - Quà tặng Phật Giáo - hộp quà thủ công nghệ thuật LilForest từ thiên nhiên, trang trí để bàn với cây không cần chăm sóc",https://down-vn.img.susercontent.com/file/vn-11134207-81ztc-moq7roxhz1n007,https://shopee.vn/Quà-tặng-Phật-Giáo-hộp-quà-thủ-công-nghệ-thuật-LilForest-từ-thiên-nhiên-trang-trí-để-bàn-với-cây-không-cần-chăm-sóc-i.1525242885.27292154707?extraParams=%7B%22display_model_id%22%3A261741953575%2C%22model_selection_logic%22%3A3%7D
5,Lilforest,Thành phố Hà Nội,https://shopee.vn/search?shop=1525242885,"Quà tặng Công Giáo kết hợp tượng Đức Mẹ trong bể hoa và rêu khô LilForest, từ thiên nhiên, không cần chăm sóc",979.000 ₫,"Đặc sản chất lượng - Quà tặng Công Giáo kết hợp tượng Đức Mẹ trong bể hoa và rêu khô LilForest, từ thiên nhiên, không cần chăm sóc",https://down-vn.img.susercontent.com/file/vn-11134207-81ztc-moq7sotq28zx19,https://shopee.vn/Quà-tặng-Công-Giáo-kết-hợp-tượng-Đức-Mẹ-trong-bể-hoa-và-rêu-khô-LilForest-từ-thiên-nhiên-không-cần-chăm-sóc-i.1525242885.40021380347?extraParams=%7B%22display_model_id%22%3A380809329233%2C%22model_selection_logic%22%3A3%7D
6,Lilforest,Thành phố Hà Nội,https://shopee.vn/search?shop=1525242885,"Quà tặng sinh nhật nghệ thuật độc đáo LilForest từ thiên nhiên, trang trí để bàn với cây không cần chăm sóc",629.000 ₫,"Đặc sản chất lượng - Quà tặng sinh nhật nghệ thuật độc đáo LilForest từ thiên nhiên, trang trí để bàn với cây không cần chăm sóc",https://down-vn.img.susercontent.com/file/vn-11134207-81ztc-moq7nit708we19,https://shopee.vn/Quà-tặng-sinh-nhật-nghệ-thuật-độc-đáo-LilForest-từ-thiên-nhiên-trang-trí-để-bàn-với-cây-không-cần-chăm-sóc-i.1525242885.52459075249?extraParams=%7B%22display_model_id%22%3A415804201100%2C%22model_selection_logic%22%3A3%7D
7,Lilforest,Thành phố Hà Nội,https://shopee.vn/search?shop=1525242885,"Quà tặng cưới, anniversary thủ công nghệ thuật Lilforest từ thiên nhiên, trang trí để bàn với cây không cần chăm sóc",579.000 ₫,"Đặc sản chất lượng - Quà tặng cưới, anniversary thủ công nghệ thuật Lilforest từ thiên nhiên, trang trí để bàn với cây không cần chăm sóc",https://down-vn.img.susercontent.com/file/vn-11134207-81ztc-moq7knhl3i8c04,https://shopee.vn/Quà-tặng-cưới-anniversary-thủ-công-nghệ-thuật-Lilforest-từ-thiên-nhiên-trang-trí-để-bàn-với-cây-không-cần-chăm-sóc-i.1525242885.50359062106?extraParams=%7B%22display_model_id%22%3A310821986108%2C%22model_selection_logic%22%3A3%7D
8,Lilforest,Thành phố Hà Nội,https://shopee.vn/search?shop=1525242885,"Quà tặng Mẹ, Bác gái thủ công nghệ thuật LilForest từ thiên nhiên, trang trí để bàn với cây không cần chăm sóc",599.000 ₫,"Đặc sản chất lượng - Quà tặng Mẹ, Bác gái thủ công nghệ thuật LilForest từ thiên nhiên, trang trí để bàn với cây không cần chăm sóc",https://down-vn.img.susercontent.com/file/vn-11134207-81ztc-moq7opfj6wb365,https://shopee.vn/Quà-tặng-Mẹ-Bác-gái-thủ-công-nghệ-thuật-LilForest-từ-thiên-nhiên-trang-trí-để-bàn-với-cây-không-cần-chăm-sóc-i.1525242885.55609105084?extraParams=%7B%22display_model_id%22%3A302550347411%2C%22model_selection_logic%22%3A3%7D
9,Lilforest,Thành phố Hà Nội,https://shopee.vn/search?shop=1525242885,"Quà tặng tốt nghiệp được làm thủ công từ thiên nhiên LilForest, trang trí để bàn với cây không cần chăm sóc",579.000 ₫,"Đặc sản chất lượng - Quà tặng tốt nghiệp được làm thủ công từ thiên nhiên LilForest, trang trí để bàn với cây không cần chăm sóc",https://down-vn.img.susercontent.com/file/vn-11134207-81ztc-moq7lyugr7r62c,https://shopee.vn/Quà-tặng-tốt-nghiệp-được-làm-thủ-công-từ-thiên-nhiên-LilForest-trang-trí-để-bàn-với-cây-không-cần-chăm-sóc-i.1525242885.51609136796?extraParams=%7B%22display_model_id%22%3A410809636563%2C%22model_selection_logic%22%3A3%7D
10,Lilforest,Thành phố Hà Nội,https://shopee.vn/search?shop=1525242885,"SET ĐÈN NGỦ TỰ LÀM từ hoa và rêu khô, dễ làm, thư giãn tạo nên quà tặng thủ công từ thiên nhiên",429.000 ₫,"Đặc sản chất lượng - SET ĐÈN NGỦ TỰ LÀM từ hoa và rêu khô, dễ làm, thư giãn tạo nên quà tặng thủ công từ thiên nhiên",https://down-vn.img.susercontent.com/file/vn-11134207-81ztc-mnrb49zq3sas3e,https://shopee.vn/SET-ĐÈN-NGỦ-TỰ-LÀM-từ-hoa-và-rêu-khô-dễ-làm-thư-giãn-tạo-nên-quà-tặng-thủ-công-từ-thiên-nhiên-i.1525242885.49609868449?extraParams=%7B%22display_model_id%22%3A208830394108%2C%22model_selection_logic%22%3A3%7D
11,Vigift - Đặc Sản Quà Đà Nẵng,Thành phố Đà Nẵng,https://shopee.vn/search?shop=428879509,Trà Sâm Dứa Vigift  Đặc Sản Đà Nẵng Làm Quà_Thanh Mát Vị Dứa,72.000 ₫,Đặc sản chất lượng - Trà Sâm Dứa Vigift  Đặc Sản Đà Nẵng Làm Quà_Thanh Mát Vị Dứa,https://down-vn.img.susercontent.com/file/vn-11134207-7ra0g-m8n8r4u1v4w74a,https://shopee.vn/Trà-Sâm-Dứa-Vigift-Đặc-Sản-Đà-Nẵng-Làm-Quà_Thanh-Mát-Vị-Dứa-i.428879509.20714125239?extraParams=%7B%22display_model_id%22%3A222380381557%2C%22model_selection_logic%22%3A3%7D
12,Vigift - Đặc Sản Quà Đà Nẵng,Thành phố Đà Nẵng,https://shopee.vn/search?shop=428879509,Mực Xé Sợi Ăn Liền Vigift Đặc Sản Đà Nẵng Làm Quà_Vị Ngọt Nguyên Bản,98.000 ₫,Đặc sản chất lượng - Mực Xé Sợi Ăn Liền Vigift Đặc Sản Đà Nẵng Làm Quà_Vị Ngọt Nguyên Bản,https://down-vn.img.susercontent.com/file/vn-11134207-7ra0g-m8n8mcec8tacc3,https://shopee.vn/Mực-Xé-Sợi-Ăn-Liền-Vigift-Đặc-Sản-Đà-Nẵng-Làm-Quà_Vị-Ngọt-Nguyên-Bản-i.428879509.5986912878?extraParams=%7B%22display_model_id%22%3A147591068540%2C%22model_selection_logic%22%3A3%7D
13,Vigift - Đặc Sản Quà Đà Nẵng,Thành phố Đà Nẵng,https://shopee.vn/search?shop=428879509,Bánh Dừa Nướng Đặc Sản Miền Trung Đồ Ăn Vặt Giòn Thơm Cực Ngon,30.000 ₫,Đặc sản chất lượng - Bánh Dừa Nướng Đặc Sản Miền Trung Đồ Ăn Vặt Giòn Thơm Cực Ngon,https://down-vn.img.susercontent.com/file/vn-11134207-7ra0g-m8oherskvds2ff,https://shopee.vn/Bánh-Dừa-Nướng-Đặc-Sản-Miền-Trung-Đồ-Ăn-Vặt-Giòn-Thơm-Cực-Ngon-i.428879509.10194286846?extraParams=%7B%22display_model_id%22%3A128759695175%2C%22model_selection_logic%22%3A3%7D
14,Vigift - Đặc Sản Quà Đà Nẵng,Thành phố Đà Nẵng,https://shopee.vn/search?shop=428879509,Mực Cán Cay Vigift Đặc Sản Đà Nẵng Làm Quà_Ngọt Mềm Từng Thớ Thịt,81.000 ₫,Đặc sản chất lượng - Mực Cán Cay Vigift Đặc Sản Đà Nẵng Làm Quà_Ngọt Mềm Từng Thớ Thịt,https://down-vn.img.susercontent.com/file/vn-11134207-7ra0g-m8n4fysed75z3a,https://shopee.vn/Mực-Cán-Cay-Vigift-Đặc-Sản-Đà-Nẵng-Làm-Quà_Ngọt-Mềm-Từng-Thớ-Thịt-i.428879509.2983707386?extraParams=%7B%22display_model_id%22%3A217072240683%2C%22model_selection_logic%22%3A3%7D
15,Vigift - Đặc Sản Quà Đà Nẵng,Thành phố Đà Nẵng,https://shopee.vn/search?shop=428879509,Cá Bò Da Cán Vigift Đặc Sản Đà Nẵng Làm Quà_Ngọt Mềm Nguyên Vị,79.000 ₫,Đặc sản chất lượng - Cá Bò Da Cán Vigift Đặc Sản Đà Nẵng Làm Quà_Ngọt Mềm Nguyên Vị,https://down-vn.img.susercontent.com/file/vn-11134207-7ra0g-m8lq1peelo4u84,https://shopee.vn/Cá-Bò-Da-Cán-Vigift-Đặc-Sản-Đà-Nẵng-Làm-Quà_Ngọt-Mềm-Nguyên-Vị-i.428879509.21221393016?extraParams=%7B%22display_model_id%22%3A257206445340%2C%22model_selection_logic%22%3A3%7D
16,Vigift - Đặc Sản Quà Đà Nẵng,Thành phố Đà Nẵng,https://shopee.vn/search?shop=428879509,Bánh Khô Mè Gạo Lứt 250g - Đặc Sản Đà Nẵng Đồ Ăn Vặt Giòn Xốp Thơm Vị Mè,97.000 ₫,Đặc sản chất lượng - Bánh Khô Mè Gạo Lứt 250g - Đặc Sản Đà Nẵng Đồ Ăn Vặt Giòn Xốp Thơm Vị Mè,https://down-vn.img.susercontent.com/file/vn-11134207-7ra0g-m8ohc3pfhf7of9,https://shopee.vn/Bánh-Khô-Mè-Gạo-Lứt-250g-Đặc-Sản-Đà-Nẵng-Đồ-Ăn-Vặt-Giòn-Xốp-Thơm-Vị-Mè-i.428879509.20018378456?extraParams=%7B%22display_model_id%22%3A204624498639%2C%22model_selection_logic%22%3A3%7D
17,Vigift - Đặc Sản Quà Đà Nẵng,Thành phố Đà Nẵng,https://shopee.vn/search?shop=428879509,Trà Hoa Lài Vigift Đặc Sản Đà Nẵng Làm Quà_Thanh Mát Hương Lài,72.000 ₫,Đặc sản chất lượng - Trà Hoa Lài Vigift Đặc Sản Đà Nẵng Làm Quà_Thanh Mát Hương Lài,https://down-vn.img.susercontent.com/file/vn-11134207-7ra0g-m8n8qp052kxu28,https://shopee.vn/Trà-Hoa-Lài-Vigift-Đặc-Sản-Đà-Nẵng-Làm-Quà_Thanh-Mát-Hương-Lài-i.428879509.17976592739?extraParams=%7B%22display_model_id%22%3A250519797563%2C%22model_selection_logic%22%3A3%7D
18,Vigift - Đặc Sản Quà Đà Nẵng,Thành phố Đà Nẵng,https://shopee.vn/search?shop=428879509,Hạt Macca Sấy Vigift  Đặc Sản Đà Nẵng Làm Quà - Thơm Ngon Béo Ngậy,206.000 ₫,Đặc sản chất lượng - Hạt Macca Sấy Vigift  Đặc Sản Đà Nẵng Làm Quà - Thơm Ngon Béo Ngậy,https://down-vn.img.susercontent.com/file/vn-11134207-7ra0g-m8lovh719yem69,https://shopee.vn/Hạt-Macca-Sấy-Vigift-Đặc-Sản-Đà-Nẵng-Làm-Quà-Thơm-Ngon-Béo-Ngậy-i.428879509.9247028869?extraParams=%7B%22display_model_id%22%3A222624527027%2C%22model_selection_logic%22%3A3%7D
19,Vigift - Đặc Sản Quà Đà Nẵng,Thành phố Đà Nẵng,https://shopee.vn/search?shop=428879509,Cá Chỉ Vàng Khô Nướng Vigift 500g  Đặc Sản Đà Nẵng Làm Quà - Ngọt Thịt Dai Dai,250.000 ₫,Đặc sản chất lượng - Cá Chỉ Vàng Khô Nướng Vigift 500g  Đặc Sản Đà Nẵng Làm Quà - Ngọt Thịt Dai Dai,https://down-vn.img.susercontent.com/file/vn-11134207-7ra0g-m8og5ojsajyad9,https://shopee.vn/Cá-Chỉ-Vàng-Khô-Nướng-Vigift-500g-Đặc-Sản-Đà-Nẵng-Làm-Quà-Ngọt-Thịt-Dai-Dai-i.428879509.8154401497?extraParams=%7B%22display_model_id%22%3A110198382210%2C%22model_selection_logic%22%3A3%7D
20,Vigift - Đặc Sản Quà Đà Nẵng,Thành phố Đà Nẵng,https://shopee.vn/search?shop=428879509,Mực Xé Giòn Ăn Liền Vigift Đặc Sản Đà Nẵng Làm Quà_Giòn Tan Ngọt Mực,66.000 ₫,Đặc sản chất lượng - Mực Xé Giòn Ăn Liền Vigift Đặc Sản Đà Nẵng Làm Quà_Giòn Tan Ngọt Mực,https://down-vn.img.susercontent.com/file/vn-11134207-7ra0g-m8n8k8zclvnm32,https://shopee.vn/Mực-Xé-Giòn-Ăn-Liền-Vigift-Đặc-Sản-Đà-Nẵng-Làm-Quà_Giòn-Tan-Ngọt-Mực-i.428879509.8746836831?extraParams=%7B%22display_model_id%22%3A252206444538%2C%22model_selection_logic%22%3A3%7D
21,Casfa Design,Thành phố Hồ Chí Minh,https://shopee.vn/search?shop=104604642,"Sổ gỗ lưu niệm Việt Nam chất liệu Gỗ A6 - Vietnam Handmade Notebook, Casfa Design",45.900 ₫,"Đặc sản chất lượng - Sổ gỗ lưu niệm Việt Nam chất liệu Gỗ A6 - Vietnam Handmade Notebook, Casfa Design",https://down-vn.img.susercontent.com/file/vn-11134207-81ztc-mlxn0o5d5sec91,https://shopee.vn/Sổ-gỗ-lưu-niệm-Việt-Nam-chất-liệu-Gỗ-A6-Vietnam-Handmade-Notebook-Casfa-Design-i.104604642.41628394871?extraParams=%7B%22display_model_id%22%3A410495546794%2C%22model_selection_logic%22%3A3%7D
22,Casfa Design,Thành phố Hồ Chí Minh,https://shopee.vn/search?shop=104604642,"Sổ gỗ in-khắc hoạ tiết địa danh du lịch nổi tiếng ở việt nam Casfa Design, A6",49.770 ₫,"Đặc sản chất lượng - Sổ gỗ in-khắc hoạ tiết địa danh du lịch nổi tiếng ở việt nam Casfa Design, A6",https://down-vn.img.susercontent.com/file/vn-11134207-81ztc-mmpknbkk5wjnb8,https://shopee.vn/Sổ-gỗ-in-khắc-hoạ-tiết-địa-danh-du-lịch-nổi-tiếng-ở-việt-nam-Casfa-Design-A6-i.104604642.29194530506?extraParams=%7B%22display_model_id%22%3A365735381597%2C%22model_selection_logic%22%3A3%7D
23,Casfa Design,Thành phố Hồ Chí Minh,https://shopee.vn/search?shop=104604642,"Móc Khóa Nón Lá – Lưu Niệm Việt Nam Nhỏ Gọn, Ý Nghĩa & Độc Đáo",22.900 ₫,"Đặc sản chất lượng - Móc Khóa Nón Lá – Lưu Niệm Việt Nam Nhỏ Gọn, Ý Nghĩa & Độc Đáo",https://down-vn.img.susercontent.com/file/vn-11134207-820l4-mi610mf09url70,https://shopee.vn/Móc-Khóa-Nón-Lá-–-Lưu-Niệm-Việt-Nam-Nhỏ-Gọn-Ý-Nghĩa-Độc-Đáo-i.104604642.44752756067?extraParams=%7B%22display_model_id%22%3A302235333720%2C%22model_selection_logic%22%3A3%7D
24,Casfa Design,Thành phố Hồ Chí Minh,https://shopee.vn/search?shop=104604642,"Thiệp Postcard bưu thiếp Việt Nam, phong cách vintage quà lưu niệm Casfa Design",18.850 ₫,"Đặc sản chất lượng - Thiệp Postcard bưu thiếp Việt Nam, phong cách vintage quà lưu niệm Casfa Design",https://down-vn.img.susercontent.com/file/vn-11134207-820l4-mequz53paadjad,https://shopee.vn/Thiệp-Postcard-bưu-thiếp-Việt-Nam-phong-cách-vintage-quà-lưu-niệm-Casfa-Design-i.104604642.26640106759?extraParams=%7B%22display_model_id%22%3A249221460609%2C%22model_selection_logic%22%3A3%7D
25,Casfa Design,Thành phố Hồ Chí Minh,https://shopee.vn/search?shop=104604642,"Sticker dán mặt CÓ CÁN BÓNG, decal cờ đỏ sao vàng, tem dán lá cờ Việt Nam, cờ tổ quốc dịp 30/4 2/9",18.850 ₫,"Đặc sản chất lượng - Sticker dán mặt CÓ CÁN BÓNG, decal cờ đỏ sao vàng, tem dán lá cờ Việt Nam, cờ tổ quốc dịp 30/4 2/9",https://down-vn.img.susercontent.com/file/vn-11134207-81ztc-mn8dxhtje9s8b4,https://shopee.vn/Sticker-dán-mặt-CÓ-CÁN-BÓNG-decal-cờ-đỏ-sao-vàng-tem-dán-lá-cờ-Việt-Nam-cờ-tổ-quốc-dịp-30-4-2-9-i.104604642.50559107200?extraParams=%7B%22display_model_id%22%3A292550745723%2C%22model_selection_logic%22%3A3%7D
26,Casfa Design,Thành phố Hồ Chí Minh,https://shopee.vn/search?shop=104604642,"Sticker Lá Cờ Việt Nam Casfa Design – Kháng Nước, Dán Mọi Mặt Phẳng, Kích Thước A6",14.500 ₫,"Đặc sản chất lượng - Sticker Lá Cờ Việt Nam Casfa Design – Kháng Nước, Dán Mọi Mặt Phẳng, Kích Thước A6",https://down-vn.img.susercontent.com/file/vn-11134207-820l4-mgyl28q0zll79b,https://shopee.vn/Sticker-Lá-Cờ-Việt-Nam-Casfa-Design-–-Kháng-Nước-Dán-Mọi-Mặt-Phẳng-Kích-Thước-A6-i.104604642.52351074340?extraParams=%7B%22display_model_id%22%3A259081526509%2C%22model_selection_logic%22%3A3%7D
27,Casfa Design,Thành phố Hồ Chí Minh,https://shopee.vn/search?shop=104604642,"Sổ Gỗ A6 Handmade - Quà Tặng Lưu Niệm Việt Nam, Casfa Design",45.820 ₫,"Đặc sản chất lượng - Sổ Gỗ A6 Handmade - Quà Tặng Lưu Niệm Việt Nam, Casfa Design",https://down-vn.img.susercontent.com/file/vn-11134207-81ztc-mlxn1cy43sp0fe,https://shopee.vn/Sổ-Gỗ-A6-Handmade-Quà-Tặng-Lưu-Niệm-Việt-Nam-Casfa-Design-i.104604642.56755433788?extraParams=%7B%22display_model_id%22%3A425495584697%2C%22model_selection_logic%22%3A3%7D
28,Casfa Design,Thành phố Hồ Chí Minh,https://shopee.vn/search?shop=104604642,Vòng Tay Cờ Đỏ Sao Vàng – Tự Hào Người Việt Nam | CASFA DESIGN,50.490 ₫,Đặc sản chất lượng - Vòng Tay Cờ Đỏ Sao Vàng – Tự Hào Người Việt Nam | CASFA DESIGN,https://down-vn.img.susercontent.com/file/vn-11134207-820l4-mgyl370rgmbu08,https://shopee.vn/Vòng-Tay-Cờ-Đỏ-Sao-Vàng-–-Tự-Hào-Người-Việt-Nam-CASFA-DESIGN-i.104604642.45001132648?extraParams=%7B%22display_model_id%22%3A272141464659%2C%22model_selection_logic%22%3A3%7D
29,Casfa Design,Thành phố Hồ Chí Minh,https://shopee.vn/search?shop=104604642,"Sổ lưu niệm Việt Nam chất liệu Gỗ A6 - Vietnam Handmade Notebook, Qùa Tặng Lưu Giữ Kỷ Niệm",45.900 ₫,"Đặc sản chất lượng - Sổ lưu niệm Việt Nam chất liệu Gỗ A6 - Vietnam Handmade Notebook, Qùa Tặng Lưu Giữ Kỷ Niệm",https://down-vn.img.susercontent.com/file/vn-11134207-7ras8-mcrkz51lifj6df,https://shopee.vn/Sổ-lưu-niệm-Việt-Nam-chất-liệu-Gỗ-A6-Vietnam-Handmade-Notebook-Qùa-Tặng-Lưu-Giữ-Kỷ-Niệm-i.104604642.29089295510?extraParams=%7B%22display_model_id%22%3A380441202211%2C%22model_selection_logic%22%3A3%7D
30,Casfa Design,Thành phố Hồ Chí Minh,https://shopee.vn/search?shop=104604642,Móc Khoá Gỗ Lưu Niệm Aó Dài - Móc Khóa Gỗ Handmade - Quà Tặng Lưu Niệm Việt Nam,24.650 ₫,Đặc sản chất lượng - Móc Khoá Gỗ Lưu Niệm Aó Dài - Móc Khóa Gỗ Handmade - Quà Tặng Lưu Niệm Việt Nam,https://down-vn.img.susercontent.com/file/vn-11134207-7ra0g-macwfgqdwyc806,https://shopee.vn/Móc-Khoá-Gỗ-Lưu-Niệm-Aó-Dài-Móc-Khóa-Gỗ-Handmade-Quà-Tặng-Lưu-Niệm-Việt-Nam-i.104604642.41652590121?extraParams=%7B%22display_model_id%22%3A275213560829%2C%22model_selection_logic%22%3A3%7D
31,TINH NGUYÊN,Tỉnh Tây Ninh,https://shopee.vn/search?shop=191855774,Combo 3 Bánh Tráng Ớt Tây Ninh Tinh Nguyên (200gx3gói),58.000 ₫,Đặc sản chất lượng - Combo 3 Bánh Tráng Ớt Tây Ninh Tinh Nguyên (200gx3gói),https://down-vn.img.susercontent.com/file/vn-11134207-81ztc-mpbo0jc8a0b271,https://shopee.vn/Combo-3-Bánh-Tráng-Ớt-Tây-Ninh-Tinh-Nguyên-(200gx3gói)-i.191855774.8475215625?extraParams=%7B%22display_model_id%22%3A26657840173%2C%22model_selection_logic%22%3A3%7D
32,TINH NGUYÊN,Tỉnh Tây Ninh,https://shopee.vn/search?shop=191855774,Xốt Me Cay DellyCook (300g),32.830 ₫,Đặc sản chất lượng - Xốt Me Cay DellyCook (300g),https://down-vn.img.susercontent.com/file/vn-11134207-81ztc-mpd6e4jpabya31,https://shopee.vn/Xốt-Me-Cay-DellyCook-(300g)-i.191855774.12966025119?extraParams=%7B%22display_model_id%22%3A86451046572%2C%22model_selection_logic%22%3A3%7D
33,TINH NGUYÊN,Tỉnh Tây Ninh,https://shopee.vn/search?shop=191855774,Bánh Tráng Ớt Tây Ninh Tinh Nguyên (200g),21.500 ₫,Đặc sản chất lượng - Bánh Tráng Ớt Tây Ninh Tinh Nguyên (200g),https://down-vn.img.susercontent.com/file/vn-11134207-81ztc-mpd610kd83d85a,https://shopee.vn/Bánh-Tráng-Ớt-Tây-Ninh-Tinh-Nguyên-(200g)-i.191855774.5031121622?extraParams=%7B%22display_model_id%22%3A52102566921%2C%22model_selection_logic%22%3A3%7D
34,TINH NGUYÊN,Tỉnh Tây Ninh,https://shopee.vn/search?shop=191855774,Bánh Tráng Trộn Bơ Tỏi Fadely (50g),24.000 ₫,Đặc sản chất lượng - Bánh Tráng Trộn Bơ Tỏi Fadely (50g),https://down-vn.img.susercontent.com/file/vn-11134207-81ztc-mpd6mwvrhs76db,https://shopee.vn/Bánh-Tráng-Trộn-Bơ-Tỏi-Fadely-(50g)-i.191855774.22280964810?extraParams=%7B%22display_model_id%22%3A225654771187%2C%22model_selection_logic%22%3A3%7D
35,TINH NGUYÊN,Tỉnh Tây Ninh,https://shopee.vn/search?shop=191855774,Muối Tôm Tây Ninh Tinh Nguyên (90g),18.130 ₫,Đặc sản chất lượng - Muối Tôm Tây Ninh Tinh Nguyên (90g),https://down-vn.img.susercontent.com/file/vn-11134207-81ztc-mpd60nftj9jh07,https://shopee.vn/Muối-Tôm-Tây-Ninh-Tinh-Nguyên-(90g)-i.191855774.6228569238?extraParams=%7B%22display_model_id%22%3A52102593894%2C%22model_selection_logic%22%3A3%7D
36,TINH NGUYÊN,Tỉnh Tây Ninh,https://shopee.vn/search?shop=191855774,Muối Tôm Siêu Cay Tây Ninh Tinh Nguyên (95g),21.800 ₫,Đặc sản chất lượng - Muối Tôm Siêu Cay Tây Ninh Tinh Nguyên (95g),https://down-vn.img.susercontent.com/file/vn-11134207-81ztc-mpd5tcmdrrb6b9,https://shopee.vn/Muối-Tôm-Siêu-Cay-Tây-Ninh-Tinh-Nguyên-(95g)-i.191855774.7759862969?extraParams=%7B%22display_model_id%22%3A31584151496%2C%22model_selection_logic%22%3A3%7D
37,TINH NGUYÊN,Tỉnh Tây Ninh,https://shopee.vn/search?shop=191855774,Combo 5 Bánh Tráng Ớt Tây Ninh Tinh Nguyên (100gx5gói),57.600 ₫,Đặc sản chất lượng - Combo 5 Bánh Tráng Ớt Tây Ninh Tinh Nguyên (100gx5gói),https://down-vn.img.susercontent.com/file/vn-11134207-81ztc-mpd5s6vp74lr22,https://shopee.vn/Combo-5-Bánh-Tráng-Ớt-Tây-Ninh-Tinh-Nguyên-(100gx5gói)-i.191855774.7664968250?extraParams=%7B%22display_model_id%22%3A61964333086%2C%22model_selection_logic%22%3A3%7D
38,TINH NGUYÊN,Tỉnh Tây Ninh,https://shopee.vn/search?shop=191855774,Muối Tiêu Lá Chanh Tây Ninh Tinh Nguyên (90g),19.500 ₫,Đặc sản chất lượng - Muối Tiêu Lá Chanh Tây Ninh Tinh Nguyên (90g),https://down-vn.img.susercontent.com/file/vn-11134207-81ztc-mpd629okwaa7be,https://shopee.vn/Muối-Tiêu-Lá-Chanh-Tây-Ninh-Tinh-Nguyên-(90g)-i.191855774.3628660299?extraParams=%7B%22display_model_id%22%3A72102592391%2C%22model_selection_logic%22%3A3%7D
39,TINH NGUYÊN,Tỉnh Tây Ninh,https://shopee.vn/search?shop=191855774,Combo 4 Bánh Tráng Siêu Mỏng Tây Ninh Tinh Nguyên (180gx4gói),70.200 ₫,Đặc sản chất lượng - Combo 4 Bánh Tráng Siêu Mỏng Tây Ninh Tinh Nguyên (180gx4gói),https://down-vn.img.susercontent.com/file/vn-11134207-81ztc-mpd5u3jpsq2z86,https://shopee.vn/Combo-4-Bánh-Tráng-Siêu-Mỏng-Tây-Ninh-Tinh-Nguyên-(180gx4gói)-i.191855774.8375203451?extraParams=%7B%22display_model_id%22%3A93270140699%2C%22model_selection_logic%22%3A3%7D
40,TINH NGUYÊN,Tỉnh Tây Ninh,https://shopee.vn/search?shop=191855774,Muối Ớt Chanh Tinh Nguyên (200g),21.070 ₫,Đặc sản chất lượng - Muối Ớt Chanh Tinh Nguyên (200g),https://down-vn.img.susercontent.com/file/vn-11134207-81ztc-mpd6op7ji9la9f,https://shopee.vn/Muối-Ớt-Chanh-Tinh-Nguyên-(200g)-i.191855774.4160079436?extraParams=%7B%22display_model_id%22%3A22442443421%2C%22model_selection_logic%22%3A3%7D
41,messagecoffee.store,Thành phố Hồ Chí Minh,https://shopee.vn/search?shop=241946261,Cà phê Robusta Honey nguyên chất rang mộc 100% vị đắng đầm hậu ngọt thơm nồng dùng pha phin pha máy từ Message Coffee,100.000 ₫,Đặc sản chất lượng - Cà phê Robusta Honey nguyên chất rang mộc 100% vị đắng đầm hậu ngọt thơm nồng dùng pha phin pha máy từ Message Coffee,https://down-vn.img.susercontent.com/file/vn-11134207-81ztc-mp5dn982vdhea8,https://shopee.vn/Cà-phê-Robusta-Honey-nguyên-chất-rang-mộc-100-vị-đắng-đầm-hậu-ngọt-thơm-nồng-dùng-pha-phin-pha-máy-từ-Message-Coffee-i.241946261.4231325681?extraParams=%7B%22display_model_id%22%3A123670737147%2C%22model_selection_logic%22%3A3%7D
42,messagecoffee.store,Thành phố Hồ Chí Minh,https://shopee.vn/search?shop=241946261,"Cà phê BLACK Hòa Tan Sấy Lạnh Gu Đậm Đà, tinh chất cafe rang xay nguyên chất, tiện lợi, dùng liền từ Message Coffee",70.000 ₫,"Đặc sản chất lượng - Cà phê BLACK Hòa Tan Sấy Lạnh Gu Đậm Đà, tinh chất cafe rang xay nguyên chất, tiện lợi, dùng liền từ Message Coffee",https://down-vn.img.susercontent.com/file/vn-11134207-81ztc-mp5dmn6fglj432,https://shopee.vn/Cà-phê-BLACK-Hòa-Tan-Sấy-Lạnh-Gu-Đậm-Đà-tinh-chất-cafe-rang-xay-nguyên-chất-tiện-lợi-dùng-liền-từ-Message-Coffee-i.241946261.13587471029?extraParams=%7B%22display_model_id%22%3A135213532981%2C%22model_selection_logic%22%3A3%7D
43,messagecoffee.store,Thành phố Hồ Chí Minh,https://shopee.vn/search?shop=241946261,Cà phê Arabica Cầu Đất nguyên chất 100% hậu vị ngọt thơm quyến rũ Pha Máy - Cold Brew và Drip từ Message Coffee,140.000 ₫,Đặc sản chất lượng - Cà phê Arabica Cầu Đất nguyên chất 100% hậu vị ngọt thơm quyến rũ Pha Máy - Cold Brew và Drip từ Message Coffee,https://down-vn.img.susercontent.com/file/vn-11134207-81ztc-mp5dof0igjcydc,https://shopee.vn/Cà-phê-Arabica-Cầu-Đất-nguyên-chất-100-hậu-vị-ngọt-thơm-quyến-rũ-Pha-Máy-Cold-Brew-và-Drip-từ-Message-Coffee-i.241946261.3744255455?extraParams=%7B%22display_model_id%22%3A48206134564%2C%22model_selection_logic%22%3A3%7D
44,messagecoffee.store,Thành phố Hồ Chí Minh,https://shopee.vn/search?shop=241946261,"Túi thơm cà phê đẹp rẻ 100% hạt nguyên chất khối lượng 30-50gram khử mủi ô tô, tủ, văn phòng làm việc từ Message coffee",18.000 ₫,"Đặc sản chất lượng - Túi thơm cà phê đẹp rẻ 100% hạt nguyên chất khối lượng 30-50gram khử mủi ô tô, tủ, văn phòng làm việc từ Message coffee",https://down-vn.img.susercontent.com/file/vn-11134207-7r98o-ltd7196v6t95af,https://shopee.vn/Túi-thơm-cà-phê-đẹp-rẻ-100-hạt-nguyên-chất-khối-lượng-30-50gram-khử-mủi-ô-tô-tủ-văn-phòng-làm-việc-từ-Message-coffee-i.241946261.3724542745?extraParams=%7B%22display_model_id%22%3A64411923140%2C%22model_selection_logic%22%3A3%7D
45,messagecoffee.store,Thành phố Hồ Chí Minh,https://shopee.vn/search?shop=241946261,Cà phê nguyên chất Blend Robusta - Arabica rang mộc đậm đà thơm nồng dùng pha phin hoặc pha máy ngon từ Message Coffee,105.000 ₫,Đặc sản chất lượng - Cà phê nguyên chất Blend Robusta - Arabica rang mộc đậm đà thơm nồng dùng pha phin hoặc pha máy ngon từ Message Coffee,https://down-vn.img.susercontent.com/file/vn-11134207-81ztc-mp5dwhnhreo22f,https://shopee.vn/Cà-phê-nguyên-chất-Blend-Robusta-Arabica-rang-mộc-đậm-đà-thơm-nồng-dùng-pha-phin-hoặc-pha-máy-ngon-từ-Message-Coffee-i.241946261.6544157286?extraParams=%7B%22display_model_id%22%3A123670465770%2C%22model_selection_logic%22%3A3%7D
46,messagecoffee.store,Thành phố Hồ Chí Minh,https://shopee.vn/search?shop=241946261,Cà phê Robusta nguyên chất rang mộc 100% vị truyền thống đậm đà thơm nồng cafe pha phin ngon gói 500gr từ Message Coffee,80.000 ₫,Đặc sản chất lượng - Cà phê Robusta nguyên chất rang mộc 100% vị truyền thống đậm đà thơm nồng cafe pha phin ngon gói 500gr từ Message Coffee,https://down-vn.img.susercontent.com/file/vn-11134207-81ztc-mp5dw0cni1or0f,https://shopee.vn/Cà-phê-Robusta-nguyên-chất-rang-mộc-100-vị-truyền-thống-đậm-đà-thơm-nồng-cafe-pha-phin-ngon-gói-500gr-từ-Message-Coffee-i.241946261.5744153934?extraParams=%7B%22display_model_id%22%3A76205913307%2C%22model_selection_logic%22%3A3%7D
47,messagecoffee.store,Thành phố Hồ Chí Minh,https://shopee.vn/search?shop=241946261,Cafe Culi Đặc Biệt nguyên chất rang mộc 100% vị đắng đậm thơm ngọt hậu dùng pha cà phê phin ngon từ Message Coffee,105.000 ₫,Đặc sản chất lượng - Cafe Culi Đặc Biệt nguyên chất rang mộc 100% vị đắng đậm thơm ngọt hậu dùng pha cà phê phin ngon từ Message Coffee,https://down-vn.img.susercontent.com/file/vn-11134207-81ztc-mp5dt9ftr5z47c,https://shopee.vn/Cafe-Culi-Đặc-Biệt-nguyên-chất-rang-mộc-100-vị-đắng-đậm-thơm-ngọt-hậu-dùng-pha-cà-phê-phin-ngon-từ-Message-Coffee-i.241946261.7544154861?extraParams=%7B%22display_model_id%22%3A50475657540%2C%22model_selection_logic%22%3A3%7D
48,messagecoffee.store,Thành phố Hồ Chí Minh,https://shopee.vn/search?shop=241946261,"Cà phê DECAF cao cấp - Cafe robusta tách cafeine, ít đắng, dành cho người nhạy cảm với cafeine, không mất ngủ gói 200gr",145.000 ₫,"Đặc sản chất lượng - Cà phê DECAF cao cấp - Cafe robusta tách cafeine, ít đắng, dành cho người nhạy cảm với cafeine, không mất ngủ gói 200gr",https://down-vn.img.susercontent.com/file/vn-11134207-81ztc-mp5dkyj9tlora0,https://shopee.vn/Cà-phê-DECAF-cao-cấp-Cafe-robusta-tách-cafeine-ít-đắng-dành-cho-người-nhạy-cảm-với-cafeine-không-mất-ngủ-gói-200gr-i.241946261.4456892966?extraParams=%7B%22display_model_id%22%3A61353425535%2C%22model_selection_logic%22%3A3%7D
49,messagecoffee.store,Thành phố Hồ Chí Minh,https://shopee.vn/search?shop=241946261,Cà phê nguyên chất Cầu Đất Blend rang mộc 100% thơm quyến rũ hậu ngọt đắng đầm dùng pha máy - pha phin từ Message Coffee,110.000 ₫,Đặc sản chất lượng - Cà phê nguyên chất Cầu Đất Blend rang mộc 100% thơm quyến rũ hậu ngọt đắng đầm dùng pha máy - pha phin từ Message Coffee,https://down-vn.img.susercontent.com/file/vn-11134207-81ztc-mp5dqha7udqj80,https://shopee.vn/Cà-phê-nguyên-chất-Cầu-Đất-Blend-rang-mộc-100-thơm-quyến-rũ-hậu-ngọt-đắng-đầm-dùng-pha-máy-pha-phin-từ-Message-Coffee-i.241946261.7980454089?extraParams=%7B%22display_model_id%22%3A68205488772%2C%22model_selection_logic%22%3A3%7D
50,messagecoffee.store,Thành phố Hồ Chí Minh,https://shopee.vn/search?shop=241946261,"Hộp Quà Tết Cà phê Đặc sản VietNam Amazing Cup, Combo Cafe Specialty, Set Quà tặng Sang trọng Cao Cấp từ Message Coffee",530.000 ₫,"Đặc sản chất lượng - Hộp Quà Tết Cà phê Đặc sản VietNam Amazing Cup, Combo Cafe Specialty, Set Quà tặng Sang trọng Cao Cấp từ Message Coffee",https://down-vn.img.susercontent.com/file/vn-11134207-820l4-mj0spblly9z7a4,https://shopee.vn/Hộp-Quà-Tết-Cà-phê-Đặc-sản-VietNam-Amazing-Cup-Combo-Cafe-Specialty-Set-Quà-tặng-Sang-trọng-Cao-Cấp-từ-Message-Coffee-i.241946261.20357097331?extraParams=%7B%22display_model_id%22%3A69138552950%2C%22model_selection_logic%22%3A3%7D
51,Đặc sản Ngon Lạ Đà Lạt,Tỉnh Lâm Đồng,https://shopee.vn/search?shop=13988824,"Mứt dâu nguyên nguyên trái, Đặc Sản Ngon Lạ Đà Lạt",66.150 ₫,"Đặc sản chất lượng - Mứt dâu nguyên nguyên trái, Đặc Sản Ngon Lạ Đà Lạt",https://down-vn.img.susercontent.com/file/a5a107850f812c5045152a33ee9f3aaf,https://shopee.vn/Mứt-dâu-nguyên-nguyên-trái-Đặc-Sản-Ngon-Lạ-Đà-Lạt-i.13988824.2348442030?extraParams=%7B%22display_model_id%22%3A39669063881%2C%22model_selection_logic%22%3A3%7D
52,Đặc sản Ngon Lạ Đà Lạt,Tỉnh Lâm Đồng,https://shopee.vn/search?shop=13988824,"Nước cốt chanh dây nguyên chất, Đặc Sản Ngon Lạ Đà Lạt",56.700 ₫,"Đặc sản chất lượng - Nước cốt chanh dây nguyên chất, Đặc Sản Ngon Lạ Đà Lạt",https://down-vn.img.susercontent.com/file/a574b6f45d84de263cc5a011a8c05e20,https://shopee.vn/Nước-cốt-chanh-dây-nguyên-chất-Đặc-Sản-Ngon-Lạ-Đà-Lạt-i.13988824.2279290091?extraParams=%7B%22display_model_id%22%3A217066471352%2C%22model_selection_logic%22%3A3%7D
53,Đặc sản Ngon Lạ Đà Lạt,Tỉnh Lâm Đồng,https://shopee.vn/search?shop=13988824,"Khoai lang mật sấy dẻo, dẻo ngon, ít ngọt, không tẩm đường, Đặc Sản Ngon Lạ Đà Lạt",47.250 ₫,"Đặc sản chất lượng - Khoai lang mật sấy dẻo, dẻo ngon, ít ngọt, không tẩm đường, Đặc Sản Ngon Lạ Đà Lạt",https://down-vn.img.susercontent.com/file/0322b0f2fb8624b81880c47e5436f4a6,https://shopee.vn/Khoai-lang-mật-sấy-dẻo-dẻo-ngon-ít-ngọt-không-tẩm-đường-Đặc-Sản-Ngon-Lạ-Đà-Lạt-i.13988824.1031951792?extraParams=%7B%22display_model_id%22%3A24363840772%2C%22model_selection_logic%22%3A3%7D
54,Đặc sản Ngon Lạ Đà Lạt,Tỉnh Lâm Đồng,https://shopee.vn/search?shop=13988824,"Hoa atiso đỏ sấy dẻo, Đặc Sản Ngon Lạ Đà Lạt",87.750 ₫,"Đặc sản chất lượng - Hoa atiso đỏ sấy dẻo, Đặc Sản Ngon Lạ Đà Lạt",https://down-vn.img.susercontent.com/file/fc59aee5b54128555f47a0485f55b3a2,https://shopee.vn/Hoa-atiso-đỏ-sấy-dẻo-Đặc-Sản-Ngon-Lạ-Đà-Lạt-i.13988824.1983548943?extraParams=%7B%22display_model_id%22%3A15657623796%2C%22model_selection_logic%22%3A3%7D
55,Đặc sản Ngon Lạ Đà Lạt,Tỉnh Lâm Đồng,https://shopee.vn/search?shop=13988824,"Khoai lang sấy mỡ hành, Đặc Sản Ngon Lạ Đà Lạt",52.650 ₫,"Đặc sản chất lượng - Khoai lang sấy mỡ hành, Đặc Sản Ngon Lạ Đà Lạt",https://down-vn.img.susercontent.com/file/fd7c09a41209a53d76dbf8342cc590cb,https://shopee.vn/Khoai-lang-sấy-mỡ-hành-Đặc-Sản-Ngon-Lạ-Đà-Lạt-i.13988824.7935752643?extraParams=%7B%22display_model_id%22%3A18712769441%2C%22model_selection_logic%22%3A3%7D
56,Đặc sản Ngon Lạ Đà Lạt,Tỉnh Lâm Đồng,https://shopee.vn/search?shop=13988824,"Ô mai xí muội chua ngọt, chua chua, Đặc Sản Ngon Lạ Đà Lạt",36.450 ₫,"Đặc sản chất lượng - Ô mai xí muội chua ngọt, chua chua, Đặc Sản Ngon Lạ Đà Lạt",https://down-vn.img.susercontent.com/file/52186121376bf1810b5a0b1ec19cea4c,https://shopee.vn/Ô-mai-xí-muội-chua-ngọt-chua-chua-Đặc-Sản-Ngon-Lạ-Đà-Lạt-i.13988824.4757853536?extraParams=%7B%22display_model_id%22%3A71427357889%2C%22model_selection_logic%22%3A3%7D
57,Đặc sản Ngon Lạ Đà Lạt,Tỉnh Lâm Đồng,https://shopee.vn/search?shop=13988824,"Muối ô mai, muối xí muội, chấm trái cây chua chua, Đặc Sản Ngon Lạ Đà Lạt",40.500 ₫,"Đặc sản chất lượng - Muối ô mai, muối xí muội, chấm trái cây chua chua, Đặc Sản Ngon Lạ Đà Lạt",https://down-vn.img.susercontent.com/file/ab5b7e013b2b7f1caf75c4926cd55115,https://shopee.vn/Muối-ô-mai-muối-xí-muội-chấm-trái-cây-chua-chua-Đặc-Sản-Ngon-Lạ-Đà-Lạt-i.13988824.1031941009?extraParams=%7B%22display_model_id%22%3A21209218367%2C%22model_selection_logic%22%3A3%7D
58,Đặc sản Ngon Lạ Đà Lạt,Tỉnh Lâm Đồng,https://shopee.vn/search?shop=13988824,"Rau củ sấy giòn, Thập cẩm sấy giòn, Ăn vặt giòn tan, Đặc Sản Ngon Lạ Đà Lạt",43.200 ₫,"Đặc sản chất lượng - Rau củ sấy giòn, Thập cẩm sấy giòn, Ăn vặt giòn tan, Đặc Sản Ngon Lạ Đà Lạt",https://down-vn.img.susercontent.com/file/b1927d3f789e002dfd22b749a4c3af5b,https://shopee.vn/Rau-củ-sấy-giòn-Thập-cẩm-sấy-giòn-Ăn-vặt-giòn-tan-Đặc-Sản-Ngon-Lạ-Đà-Lạt-i.13988824.1031869546?extraParams=%7B%22display_model_id%22%3A3214378796%2C%22model_selection_logic%22%3A3%7D
59,Đặc sản Ngon Lạ Đà Lạt,Tỉnh Lâm Đồng,https://shopee.vn/search?shop=13988824,"Khoai tây tẩm vị trứng muối, phomai bò cười, rong biển, sate, mắm hành, Đặc Sản Ngon Lạ Đà Lạt",79.650 ₫,"Đặc sản chất lượng - Khoai tây tẩm vị trứng muối, phomai bò cười, rong biển, sate, mắm hành, Đặc Sản Ngon Lạ Đà Lạt",https://down-vn.img.susercontent.com/file/435a8d3e2ead3a4a6365dfc1892bbfff,https://shopee.vn/Khoai-tây-tẩm-vị-trứng-muối-phomai-bò-cười-rong-biển-sate-mắm-hành-Đặc-Sản-Ngon-Lạ-Đà-Lạt-i.13988824.12313463829?extraParams=%7B%22display_model_id%22%3A77341731422%2C%22model_selection_logic%22%3A3%7D
60,Đặc sản Ngon Lạ Đà Lạt,Tỉnh Lâm Đồng,https://shopee.vn/search?shop=13988824,"Xoài sấy muối ớt, Đặc Sản Ngon Lạ Đà Lạt",93.150 ₫,"Đặc sản chất lượng - Xoài sấy muối ớt, Đặc Sản Ngon Lạ Đà Lạt",https://down-vn.img.susercontent.com/file/vn-11134201-23020-pwkkqiii0tnv1a,https://shopee.vn/Xoài-sấy-muối-ớt-Đặc-Sản-Ngon-Lạ-Đà-Lạt-i.13988824.7308370712?extraParams=%7B%22display_model_id%22%3A15657711585%2C%22model_selection_logic%22%3A3%7D
61,Cửa hàng đồ ăn vặt của Chị Chư,Tỉnh Quảng Ninh,https://shopee.vn/search?shop=1731178242,"Kẹo râu rồng truyền thống thủ công Su Fang Zhai, quà lưu niệm, đóng gói riêng lẻ, đặc sản kẹo râu rồng Hàng Châu trong c",190.096 ₫,"Đặc sản chất lượng - Kẹo râu rồng truyền thống thủ công Su Fang Zhai, quà lưu niệm, đóng gói riêng lẻ, đặc sản kẹo râu rồng Hàng Châu trong c",https://down-vn.img.susercontent.com/file/vn-11134201-81ztc-mmftmrqgv18hff,https://shopee.vn/Kẹo-râu-rồng-truyền-thống-thủ-công-Su-Fang-Zhai-quà-lưu-niệm-đóng-gói-riêng-lẻ-đặc-sản-kẹo-râu-rồng-Hàng-Châu-trong-c-i.1731178242.42779627591?extraParams=%7B%22display_model_id%22%3A167390018411%2C%22model_selection_logic%22%3A3%7D
62,Cửa hàng đồ ăn vặt của Chị Chư,Tỉnh Quảng Ninh,https://shopee.vn/search?shop=1731178242,"Sầu riêng sấy khô đóng hộp, đặc sản snack Sầu riêng Vua Gối Vàng Thái Lan, trái cây sấy đông lạnh, snack trái cây sấy kh",340.076 ₫,"Đặc sản chất lượng - Sầu riêng sấy khô đóng hộp, đặc sản snack Sầu riêng Vua Gối Vàng Thái Lan, trái cây sấy đông lạnh, snack trái cây sấy kh",https://down-vn.img.susercontent.com/file/vn-11134201-81ztc-mmhslto96xhef6,https://shopee.vn/Sầu-riêng-sấy-khô-đóng-hộp-đặc-sản-snack-Sầu-riêng-Vua-Gối-Vàng-Thái-Lan-trái-cây-sấy-đông-lạnh-snack-trái-cây-sấy-kh-i.1731178242.46308033825?extraParams=%7B%22display_model_id%22%3A315713488419%2C%22model_selection_logic%22%3A3%7D
63,Cửa hàng đồ ăn vặt của Chị Chư,Tỉnh Quảng Ninh,https://shopee.vn/search?shop=1731178242,"Rau củ sấy khô mới phơi nắng500g Nguyên liệu lẩu nghêu khô Hải Hồng, hải sản nghêu khô250g Đồ dùng làm súp cho dịp Tết",203.837 ₫,"Đặc sản chất lượng - Rau củ sấy khô mới phơi nắng500g Nguyên liệu lẩu nghêu khô Hải Hồng, hải sản nghêu khô250g Đồ dùng làm súp cho dịp Tết",https://down-vn.img.susercontent.com/file/vn-11134201-81ztc-mmg68c7fsk5ra5,https://shopee.vn/Rau-củ-sấy-khô-mới-phơi-nắng500g-Nguyên-liệu-lẩu-nghêu-khô-Hải-Hồng-hải-sản-nghêu-khô250g-Đồ-dùng-làm-súp-cho-dịp-Tết-i.1731178242.25598043263?extraParams=%7B%22display_model_id%22%3A330707652707%2C%22model_selection_logic%22%3A3%7D
64,Cửa hàng đồ ăn vặt của Chị Chư,Tỉnh Quảng Ninh,https://shopee.vn/search?shop=1731178242,"Quả mâm xôi sấy đông lạnh cao cấp, trái cây sấy khô dùng để trang trí, không chất phụ gia, không hạt, trái cây sấy khô t",342.021 ₫,"Đặc sản chất lượng - Quả mâm xôi sấy đông lạnh cao cấp, trái cây sấy khô dùng để trang trí, không chất phụ gia, không hạt, trái cây sấy khô t",https://down-vn.img.susercontent.com/file/vn-11134201-81ztc-mmht17wssf7m25,https://shopee.vn/Quả-mâm-xôi-sấy-đông-lạnh-cao-cấp-trái-cây-sấy-khô-dùng-để-trang-trí-không-chất-phụ-gia-không-hạt-trái-cây-sấy-khô-t-i.1731178242.45908043045?extraParams=%7B%22display_model_id%22%3A360712937022%2C%22model_selection_logic%22%3A3%7D
65,Cửa hàng đồ ăn vặt của Chị Chư,Tỉnh Quảng Ninh,https://shopee.vn/search?shop=1731178242,"Bánh thịt Xianghe: Di sản văn hóa phi vật thể, làm thủ công từ thịt heo, hành lá, thì là, hành củ và thịt bò.300g/Trương",699.522 ₫,"Đặc sản chất lượng - Bánh thịt Xianghe: Di sản văn hóa phi vật thể, làm thủ công từ thịt heo, hành lá, thì là, hành củ và thịt bò.300g/Trương",https://down-vn.img.susercontent.com/file/sg-11134201-823rb-mp2gieawh15a49,https://shopee.vn/Bánh-thịt-Xianghe-Di-sản-văn-hóa-phi-vật-thể-làm-thủ-công-từ-thịt-heo-hành-lá-thì-là-hành-củ-và-thịt-bò.300g-Trương-i.1731178242.40679640999?extraParams=%7B%22display_model_id%22%3A287493448893%2C%22model_selection_logic%22%3A3%7D
66,Cửa hàng đồ ăn vặt của Chị Chư,Tỉnh Quảng Ninh,https://shopee.vn/search?shop=1731178242,"Lát bưởi khô, trái cây sấy khô dùng để pha trà trái cây, lát bưởi đỏ dùng để ăn liền, làm bánh và trang trí thương mại.",158.682 ₫,"Đặc sản chất lượng - Lát bưởi khô, trái cây sấy khô dùng để pha trà trái cây, lát bưởi đỏ dùng để ăn liền, làm bánh và trang trí thương mại.",https://down-vn.img.susercontent.com/file/vn-11134201-81ztc-mmhrgeo5kk5k69,https://shopee.vn/Lát-bưởi-khô-trái-cây-sấy-khô-dùng-để-pha-trà-trái-cây-lát-bưởi-đỏ-dùng-để-ăn-liền-làm-bánh-và-trang-trí-thương-mại.-i.1731178242.51408022554?extraParams=%7B%22display_model_id%22%3A325712826055%2C%22model_selection_logic%22%3A3%7D
67,Cửa hàng đồ ăn vặt của Chị Chư,Tỉnh Quảng Ninh,https://shopee.vn/search?shop=1731178242,"Món tráng miệng truyền thống Uyghur của vùng Tây Tân Cương, được làm thủ công truyền thống, đóng gói riêng lẻ, vị hạt dẻ",287.584 ₫,"Đặc sản chất lượng - Món tráng miệng truyền thống Uyghur của vùng Tây Tân Cương, được làm thủ công truyền thống, đóng gói riêng lẻ, vị hạt dẻ",https://down-vn.img.susercontent.com/file/vn-11134201-81ztc-mmj222ma8glic4,https://shopee.vn/Món-tráng-miệng-truyền-thống-Uyghur-của-vùng-Tây-Tân-Cương-được-làm-thủ-công-truyền-thống-đóng-gói-riêng-lẻ-vị-hạt-dẻ-i.1731178242.49258101380?extraParams=%7B%22display_model_id%22%3A440717519073%2C%22model_selection_logic%22%3A3%7D
68,Cửa hàng đồ ăn vặt của Chị Chư,Tỉnh Quảng Ninh,https://shopee.vn/search?shop=1731178242,"Món ăn vặt cay nồng, thơm ngon từ nấm tai hươu, món ăn vặt nấm thông thường để thư giãn, thỏa mãn cơn thèm, xem phim thả",176.111 ₫,"Đặc sản chất lượng - Món ăn vặt cay nồng, thơm ngon từ nấm tai hươu, món ăn vặt nấm thông thường để thư giãn, thỏa mãn cơn thèm, xem phim thả",https://down-vn.img.susercontent.com/file/vn-11134201-81ztc-mmimwbf23fnq6d,https://shopee.vn/Món-ăn-vặt-cay-nồng-thơm-ngon-từ-nấm-tai-hươu-món-ăn-vặt-nấm-thông-thường-để-thư-giãn-thỏa-mãn-cơn-thèm-xem-phim-thả-i.1731178242.58158051482?extraParams=%7B%22display_model_id%22%3A340715530793%2C%22model_selection_logic%22%3A3%7D
69,Cửa hàng đồ ăn vặt của Chị Chư,Tỉnh Quảng Ninh,https://shopee.vn/search?shop=1731178242,"Đậu phụ xiên que cay Wugang Orchid - Đồ ăn vặt cay kiểu Hồ Nam, đóng gói riêng lẻ, đậu phụ xiên que cay, đậu phụ khô Orc",83.318 ₫,"Đặc sản chất lượng - Đậu phụ xiên que cay Wugang Orchid - Đồ ăn vặt cay kiểu Hồ Nam, đóng gói riêng lẻ, đậu phụ xiên que cay, đậu phụ khô Orc",https://down-vn.img.susercontent.com/file/vn-11134201-81ztc-mmga5hx07u2s60,https://shopee.vn/Đậu-phụ-xiên-que-cay-Wugang-Orchid-Đồ-ăn-vặt-cay-kiểu-Hồ-Nam-đóng-gói-riêng-lẻ-đậu-phụ-xiên-que-cay-đậu-phụ-khô-Orc-i.1731178242.58157970126?extraParams=%7B%22display_model_id%22%3A315708550724%2C%22model_selection_logic%22%3A3%7D
70,Cửa hàng đồ ăn vặt của Chị Chư,Tỉnh Quảng Ninh,https://shopee.vn/search?shop=1731178242,"Thịt lợn khô cắt dày Haorunfang Macau, siêu dày, hương vị nguyên bản, đặc sản khô sấy gió Chu Hải Quảng Đông Quảng Châu,",231.920 ₫,"Đặc sản chất lượng - Thịt lợn khô cắt dày Haorunfang Macau, siêu dày, hương vị nguyên bản, đặc sản khô sấy gió Chu Hải Quảng Đông Quảng Châu,",https://down-vn.img.susercontent.com/file/vn-11134201-81ztc-mmix03h2m1olaf,https://shopee.vn/Thịt-lợn-khô-cắt-dày-Haorunfang-Macau-siêu-dày-hương-vị-nguyên-bản-đặc-sản-khô-sấy-gió-Chu-Hải-Quảng-Đông-Quảng-Châu--i.1731178242.58108059957?extraParams=%7B%22display_model_id%22%3A208819398042%2C%22model_selection_logic%22%3A3%7D
71,HaNa Gift & Decor,Thành phố Hồ Chí Minh,https://shopee.vn/search?shop=1318557152,Móc Khoá Lưu Niệm Việt Nam - Móc Khóa Gỗ Handmade - Quà Tặng Lưu Niệm Việt Nam,19.000 ₫,Đặc sản chất lượng - Móc Khoá Lưu Niệm Việt Nam - Móc Khóa Gỗ Handmade - Quà Tặng Lưu Niệm Việt Nam,https://down-vn.img.susercontent.com/file/vn-11134207-820l4-mjwd1qfwsop317,https://shopee.vn/Móc-Khoá-Lưu-Niệm-Việt-Nam-Móc-Khóa-Gỗ-Handmade-Quà-Tặng-Lưu-Niệm-Việt-Nam-i.1318557152.26256935414?extraParams=%7B%22display_model_id%22%3A118729475555%2C%22model_selection_logic%22%3A3%7D
72,HaNa Gift & Decor,Thành phố Hồ Chí Minh,https://shopee.vn/search?shop=1318557152,"Nam Châm Tủ Lạnh, Magnet Handmade, Quà Tặng Lưu Niệm Việt Nam, Hít Tủ Lạnh",25.500 ₫,"Đặc sản chất lượng - Nam Châm Tủ Lạnh, Magnet Handmade, Quà Tặng Lưu Niệm Việt Nam, Hít Tủ Lạnh",https://down-vn.img.susercontent.com/file/vn-11134207-820l4-mj2f4w73udqb62,https://shopee.vn/Nam-Châm-Tủ-Lạnh-Magnet-Handmade-Quà-Tặng-Lưu-Niệm-Việt-Nam-Hít-Tủ-Lạnh-i.1318557152.24334718880?extraParams=%7B%22display_model_id%22%3A178849396232%2C%22model_selection_logic%22%3A3%7D
73,HaNa Gift & Decor,Thành phố Hồ Chí Minh,https://shopee.vn/search?shop=1318557152,Magnet Việt Nam - Nam Châm Tủ Lạnh Handmade 3D - Quà Tặng Lưu Niệm Việt Nam,44.100 ₫,Đặc sản chất lượng - Magnet Việt Nam - Nam Châm Tủ Lạnh Handmade 3D - Quà Tặng Lưu Niệm Việt Nam,https://down-vn.img.susercontent.com/file/vn-11134207-820l4-mjcgsbx8a2o260,https://shopee.vn/Magnet-Việt-Nam-Nam-Châm-Tủ-Lạnh-Handmade-3D-Quà-Tặng-Lưu-Niệm-Việt-Nam-i.1318557152.21996593992?extraParams=%7B%22display_model_id%22%3A186039393525%2C%22model_selection_logic%22%3A3%7D
74,HaNa Gift & Decor,Thành phố Hồ Chí Minh,https://shopee.vn/search?shop=1318557152,Sổ Gỗ A6 Handmade - Quà Tặng Lưu Niệm Việt Nam,44.100 ₫,Đặc sản chất lượng - Sổ Gỗ A6 Handmade - Quà Tặng Lưu Niệm Việt Nam,https://down-vn.img.susercontent.com/file/vn-11134207-820l4-mjl5arlx7vgj58,https://shopee.vn/Sổ-Gỗ-A6-Handmade-Quà-Tặng-Lưu-Niệm-Việt-Nam-i.1318557152.26406955698?extraParams=%7B%22display_model_id%22%3A241315012408%2C%22model_selection_logic%22%3A3%7D
75,HaNa Gift & Decor,Thành phố Hồ Chí Minh,https://shopee.vn/search?shop=1318557152,"Túi tote – Túi vải Việt Nam in hình thắng cảnh, món ăn, Áo Dài – Quà lưu niệm Việt Nam.",55.000 ₫,"Đặc sản chất lượng - Túi tote – Túi vải Việt Nam in hình thắng cảnh, món ăn, Áo Dài – Quà lưu niệm Việt Nam.",https://down-vn.img.susercontent.com/file/vn-11134207-81ztc-mnca5kqwt5a97d,https://shopee.vn/Túi-tote-–-Túi-vải-Việt-Nam-in-hình-thắng-cảnh-món-ăn-Áo-Dài-–-Quà-lưu-niệm-Việt-Nam.-i.1318557152.25986343005?extraParams=%7B%22display_model_id%22%3A360826982560%2C%22model_selection_logic%22%3A3%7D
76,HaNa Gift & Decor,Thành phố Hồ Chí Minh,https://shopee.vn/search?shop=1318557152,"Móc Khoá Nón Lá, Lưu Niệm Việt Nam - Kích Thước 5cm",14.514 ₫,"Đặc sản chất lượng - Móc Khoá Nón Lá, Lưu Niệm Việt Nam - Kích Thước 5cm",https://down-vn.img.susercontent.com/file/vn-11134207-81ztc-mk6n7kud3nr65d,https://shopee.vn/Móc-Khoá-Nón-Lá-Lưu-Niệm-Việt-Nam-Kích-Thước-5cm-i.1318557152.26406953137?extraParams=%7B%22display_model_id%22%3A246647754822%2C%22model_selection_logic%22%3A3%7D
77,HaNa Gift & Decor,Thành phố Hồ Chí Minh,https://shopee.vn/search?shop=1318557152,Magnet Lưu Niệm Việt Nam - Nam Châm Tủ Lạnh quạt gỗ 3D hình quạt  - Quà Tặng Lưu Niệm Việt Nam,55.000 ₫,Đặc sản chất lượng - Magnet Lưu Niệm Việt Nam - Nam Châm Tủ Lạnh quạt gỗ 3D hình quạt  - Quà Tặng Lưu Niệm Việt Nam,https://down-vn.img.susercontent.com/file/vn-11134207-820l4-mj168mkqu6ti6f,https://shopee.vn/Magnet-Lưu-Niệm-Việt-Nam-Nam-Châm-Tủ-Lạnh-quạt-gỗ-3D-hình-quạt-Quà-Tặng-Lưu-Niệm-Việt-Nam-i.1318557152.29819540180?extraParams=%7B%22display_model_id%22%3A29644852093%2C%22model_selection_logic%22%3A3%7D
78,HaNa Gift & Decor,Thành phố Hồ Chí Minh,https://shopee.vn/search?shop=1318557152,"Nam Châm Tủ Lạnh, Magnet Handmade, Quà Tặng Lưu Niệm Việt Nam, Hít Tủ Lạnh",28.000 ₫,"Đặc sản chất lượng - Nam Châm Tủ Lạnh, Magnet Handmade, Quà Tặng Lưu Niệm Việt Nam, Hít Tủ Lạnh",https://down-vn.img.susercontent.com/file/vn-11134207-81ztc-mp2h5mzvg3cx06,https://shopee.vn/Nam-Châm-Tủ-Lạnh-Magnet-Handmade-Quà-Tặng-Lưu-Niệm-Việt-Nam-Hít-Tủ-Lạnh-i.1318557152.46261586938?extraParams=%7B%22display_model_id%22%3A292665802977%2C%22model_selection_logic%22%3A3%7D
79,HaNa Gift & Decor,Thành phố Hồ Chí Minh,https://shopee.vn/search?shop=1318557152,"Móc Khoá Lưu Niệm Việt Nam - Móc Khóa kim loại Áo Dái, Việt Nam - Quà Tặng Lưu Niệm Việt Nam",40.000 ₫,"Đặc sản chất lượng - Móc Khoá Lưu Niệm Việt Nam - Móc Khóa kim loại Áo Dái, Việt Nam - Quà Tặng Lưu Niệm Việt Nam",https://down-vn.img.susercontent.com/file/vn-11134207-81ztc-mkgq90thu68226,https://shopee.vn/Móc-Khoá-Lưu-Niệm-Việt-Nam-Móc-Khóa-kim-loại-Áo-Dái-Việt-Nam-Quà-Tặng-Lưu-Niệm-Việt-Nam-i.1318557152.28656949885?extraParams=%7B%22display_model_id%22%3A246314880238%2C%22model_selection_logic%22%3A3%7D
80,HaNa Gift & Decor,Thành phố Hồ Chí Minh,https://shopee.vn/search?shop=1318557152,Magnet Lưu Niệm Việt Nam - Nam Châm Tủ Lạnh kim loại - Quà Tặng Lưu Niệm Việt Nam,42.000 ₫,Đặc sản chất lượng - Magnet Lưu Niệm Việt Nam - Nam Châm Tủ Lạnh kim loại - Quà Tặng Lưu Niệm Việt Nam,https://down-vn.img.susercontent.com/file/vn-11134207-81ztc-mkgpti2la2h112,https://shopee.vn/Magnet-Lưu-Niệm-Việt-Nam-Nam-Châm-Tủ-Lạnh-kim-loại-Quà-Tặng-Lưu-Niệm-Việt-Nam-i.1318557152.25990503095?extraParams=%7B%22display_model_id%22%3A188149545388%2C%22model_selection_logic%22%3A3%7D
81,Nam Xanh Thực Phẩm Từ Tự Nhiên,Thành phố Hồ Chí Minh,https://shopee.vn/search?shop=240526633,"Hộp Gừng Ăn Vặt Nam Xanh, Gừng Nướng Mật Ong, Giữ Ấm Cơ Thể, Khử Hôi Miệng, Ăn Vặt Healthy, Hộp 80g",85.000 ₫,"Đặc sản chất lượng - Hộp Gừng Ăn Vặt Nam Xanh, Gừng Nướng Mật Ong, Giữ Ấm Cơ Thể, Khử Hôi Miệng, Ăn Vặt Healthy, Hộp 80g",https://down-vn.img.susercontent.com/file/vn-11134207-81ztc-mpa97jy6kdn2bc,https://shopee.vn/Hộp-Gừng-Ăn-Vặt-Nam-Xanh-Gừng-Nướng-Mật-Ong-Giữ-Ấm-Cơ-Thể-Khử-Hôi-Miệng-Ăn-Vặt-Healthy-Hộp-80g-i.240526633.12107910627?extraParams=%7B%22display_model_id%22%3A120344137793%2C%22model_selection_logic%22%3A3%7D
82,Nam Xanh Thực Phẩm Từ Tự Nhiên,Thành phố Hồ Chí Minh,https://shopee.vn/search?shop=240526633,"Trái Cây Sấy Ăn Vặt Nam Xanh, Tắc Sấy Dẻo Mật Ong, Dùng Kèm Trà Nóng, Nguyên Liệu Tự Nhiên",68.000 ₫,"Đặc sản chất lượng - Trái Cây Sấy Ăn Vặt Nam Xanh, Tắc Sấy Dẻo Mật Ong, Dùng Kèm Trà Nóng, Nguyên Liệu Tự Nhiên",https://down-vn.img.susercontent.com/file/vn-11134207-81ztc-mp1st9vkxczz40,https://shopee.vn/Trái-Cây-Sấy-Ăn-Vặt-Nam-Xanh-Tắc-Sấy-Dẻo-Mật-Ong-Dùng-Kèm-Trà-Nóng-Nguyên-Liệu-Tự-Nhiên-i.240526633.6523610058?extraParams=%7B%22display_model_id%22%3A56124575275%2C%22model_selection_logic%22%3A3%7D
83,Nam Xanh Thực Phẩm Từ Tự Nhiên,Thành phố Hồ Chí Minh,https://shopee.vn/search?shop=240526633,"Hộp Gừng Sấy Ăn Vặt Nam Xanh, Gừng Sấy Tắc Mật Ong, Gừng Non, Không Xơ Ít Cay, Nguyên Liệu Tự Nhiên",50.000 ₫,"Đặc sản chất lượng - Hộp Gừng Sấy Ăn Vặt Nam Xanh, Gừng Sấy Tắc Mật Ong, Gừng Non, Không Xơ Ít Cay, Nguyên Liệu Tự Nhiên",https://down-vn.img.susercontent.com/file/vn-11134207-81ztc-mp9145p6xkhs84,https://shopee.vn/Hộp-Gừng-Sấy-Ăn-Vặt-Nam-Xanh-Gừng-Sấy-Tắc-Mật-Ong-Gừng-Non-Không-Xơ-Ít-Cay-Nguyên-Liệu-Tự-Nhiên-i.240526633.3823661193?extraParams=%7B%22display_model_id%22%3A83544090821%2C%22model_selection_logic%22%3A3%7D
84,Nam Xanh Thực Phẩm Từ Tự Nhiên,Thành phố Hồ Chí Minh,https://shopee.vn/search?shop=240526633,"Trái Cây Ăn Vặt, Tắc Sấy Dẻo, Nguyên Liệu Tự Nhiên, Không Chất Bảo Quản, Ăn Vặt Healthy, Hộp 140g",64.800 ₫,"Đặc sản chất lượng - Trái Cây Ăn Vặt, Tắc Sấy Dẻo, Nguyên Liệu Tự Nhiên, Không Chất Bảo Quản, Ăn Vặt Healthy, Hộp 140g",https://down-vn.img.susercontent.com/file/vn-11134207-81ztc-mp1st9vkxczz40,https://shopee.vn/Trái-Cây-Ăn-Vặt-Tắc-Sấy-Dẻo-Nguyên-Liệu-Tự-Nhiên-Không-Chất-Bảo-Quản-Ăn-Vặt-Healthy-Hộp-140g-i.240526633.16893205691?extraParams=%7B%22display_model_id%22%3A183957317775%2C%22model_selection_logic%22%3A3%7D
85,Nam Xanh Thực Phẩm Từ Tự Nhiên,Thành phố Hồ Chí Minh,https://shopee.vn/search?shop=240526633,"Hộp Gừng Nướng Ăn Vặt Nam Xanh, Giữ Ấm Cơ Thể, Khử Hôi Miệng, Ăn Vặt Healthy, Không Chất Bảo Quản",80.000 ₫,"Đặc sản chất lượng - Hộp Gừng Nướng Ăn Vặt Nam Xanh, Giữ Ấm Cơ Thể, Khử Hôi Miệng, Ăn Vặt Healthy, Không Chất Bảo Quản",https://down-vn.img.susercontent.com/file/vn-11134207-81ztc-mofh2ed4qdqlc0,https://shopee.vn/Hộp-Gừng-Nướng-Ăn-Vặt-Nam-Xanh-Giữ-Ấm-Cơ-Thể-Khử-Hôi-Miệng-Ăn-Vặt-Healthy-Không-Chất-Bảo-Quản-i.240526633.5022984267?extraParams=%7B%22display_model_id%22%3A15663580137%2C%22model_selection_logic%22%3A3%7D
86,Nam Xanh Thực Phẩm Từ Tự Nhiên,Thành phố Hồ Chí Minh,https://shopee.vn/search?shop=240526633,"Hộp Trái Cây Sấy Ăn Vặt Nam Xanh, Mơ Sấy Dẻo, Mơ Tây Bắc Tách Nước, Ăn Vặt Healthy, Hộp Giấy",69.880 ₫,"Đặc sản chất lượng - Hộp Trái Cây Sấy Ăn Vặt Nam Xanh, Mơ Sấy Dẻo, Mơ Tây Bắc Tách Nước, Ăn Vặt Healthy, Hộp Giấy",https://down-vn.img.susercontent.com/file/vn-11134207-81ztc-mof5wxkbbj0pf5,https://shopee.vn/Hộp-Trái-Cây-Sấy-Ăn-Vặt-Nam-Xanh-Mơ-Sấy-Dẻo-Mơ-Tây-Bắc-Tách-Nước-Ăn-Vặt-Healthy-Hộp-Giấy-i.240526633.3962120233?extraParams=%7B%22display_model_id%22%3A84302528943%2C%22model_selection_logic%22%3A3%7D
87,Nam Xanh Thực Phẩm Từ Tự Nhiên,Thành phố Hồ Chí Minh,https://shopee.vn/search?shop=240526633,"Đồ Ăn Vặt Healthy Nam Xanh, Vỏ Bưởi Sấy Phủ Mơ Muối, Nguyên Liệu Tự Nhiên, Không Chất Bảo Quản",35.300 ₫,"Đặc sản chất lượng - Đồ Ăn Vặt Healthy Nam Xanh, Vỏ Bưởi Sấy Phủ Mơ Muối, Nguyên Liệu Tự Nhiên, Không Chất Bảo Quản",https://down-vn.img.susercontent.com/file/vn-11134207-7ras8-m3a7nmpqg7os03,https://shopee.vn/Đồ-Ăn-Vặt-Healthy-Nam-Xanh-Vỏ-Bưởi-Sấy-Phủ-Mơ-Muối-Nguyên-Liệu-Tự-Nhiên-Không-Chất-Bảo-Quản-i.240526633.21174953652?extraParams=%7B%22display_model_id%22%3A186217360236%2C%22model_selection_logic%22%3A3%7D
88,Nam Xanh Thực Phẩm Từ Tự Nhiên,Thành phố Hồ Chí Minh,https://shopee.vn/search?shop=240526633,"Túi Gừng Nướng Ăn Vặt Nam Xanh, Gừng Nướng Mật Ong, Ăn Vặt Healthy, Khử Hôi Miệng, Túi 10 Gói Nhỏ",69.000 ₫,"Đặc sản chất lượng - Túi Gừng Nướng Ăn Vặt Nam Xanh, Gừng Nướng Mật Ong, Ăn Vặt Healthy, Khử Hôi Miệng, Túi 10 Gói Nhỏ",https://down-vn.img.susercontent.com/file/vn-11134207-81ztc-mop3lczq0bgs4b,https://shopee.vn/Túi-Gừng-Nướng-Ăn-Vặt-Nam-Xanh-Gừng-Nướng-Mật-Ong-Ăn-Vặt-Healthy-Khử-Hôi-Miệng-Túi-10-Gói-Nhỏ-i.240526633.11047737390?extraParams=%7B%22display_model_id%22%3A120344785359%2C%22model_selection_logic%22%3A3%7D
89,Nam Xanh Thực Phẩm Từ Tự Nhiên,Thành phố Hồ Chí Minh,https://shopee.vn/search?shop=240526633,Nam Xanh Hạt Sen Sấy Dừa Mật Ong 100G (130G),165.000 ₫,Đặc sản chất lượng - Nam Xanh Hạt Sen Sấy Dừa Mật Ong 100G (130G),https://down-vn.img.susercontent.com/file/vn-11134207-820l4-mdzk1xebnn5u46,https://shopee.vn/Nam-Xanh-Hạt-Sen-Sấy-Dừa-Mật-Ong-100G-(130G)-i.240526633.4827592003?extraParams=%7B%22display_model_id%22%3A32100264348%2C%22model_selection_logic%22%3A3%7D
90,Nam Xanh Thực Phẩm Từ Tự Nhiên,Thành phố Hồ Chí Minh,https://shopee.vn/search?shop=240526633,"Túi Trái Cây Sấy Ăn Vặt, Xoài Loại 1, Ăn Vặt Healthy, Nguyên Liệu Tự Nhiên, Không Chất Bảo Quản",86.000 ₫,"Đặc sản chất lượng - Túi Trái Cây Sấy Ăn Vặt, Xoài Loại 1, Ăn Vặt Healthy, Nguyên Liệu Tự Nhiên, Không Chất Bảo Quản",https://down-vn.img.susercontent.com/file/vn-11134207-81ztc-mp7tqzzzkxzi93,https://shopee.vn/Túi-Trái-Cây-Sấy-Ăn-Vặt-Xoài-Loại-1-Ăn-Vặt-Healthy-Nguyên-Liệu-Tự-Nhiên-Không-Chất-Bảo-Quản-i.240526633.7162739218?extraParams=%7B%22display_model_id%22%3A51810117395%2C%22model_selection_logic%22%3A3%7D
91,Tổng Kho Đồ Đồng Mỹ nghệ 99,Tỉnh Bắc Ninh,https://shopee.vn/search?shop=438805744,"Đồng xu âm dương, xin đài , gieo quẻ, chiêu tài bằng đồng nguyên chất",18.000 ₫,"Đặc sản chất lượng - Đồng xu âm dương, xin đài , gieo quẻ, chiêu tài bằng đồng nguyên chất",https://down-vn.img.susercontent.com/file/vn-11134207-7ra0g-m7etu72whsl8aa,https://shopee.vn/Đồng-xu-âm-dương-xin-đài-gieo-quẻ-chiêu-tài-bằng-đồng-nguyên-chất-i.438805744.29729789713?extraParams=%7B%22display_model_id%22%3A291470250663%2C%22model_selection_logic%22%3A3%7D
92,Tổng Kho Đồ Đồng Mỹ nghệ 99,Tỉnh Bắc Ninh,https://shopee.vn/search?shop=438805744,"hoa sen đồng - bó hoa sen bằng đồng 10-15bông , có kèm lọ và không kèm lọ",550.000 ₫,"Đặc sản chất lượng - hoa sen đồng - bó hoa sen bằng đồng 10-15bông , có kèm lọ và không kèm lọ",https://down-vn.img.susercontent.com/file/vn-11134207-820l4-mi0fnlvcyi2u4b,https://shopee.vn/hoa-sen-đồng-bó-hoa-sen-bằng-đồng-10-15bông-có-kèm-lọ-và-không-kèm-lọ-i.438805744.43400586205?extraParams=%7B%22display_model_id%22%3A265046126391%2C%22model_selection_logic%22%3A3%7D
93,Tổng Kho Đồ Đồng Mỹ nghệ 99,Tỉnh Bắc Ninh,https://shopee.vn/search?shop=438805744,Trống đồng lưu niệm - quà tặng mặt trống đồng hoa văn các mẫu cao cấp .có kèm hộp đỏ và kệ gỗ,280.000 ₫,Đặc sản chất lượng - Trống đồng lưu niệm - quà tặng mặt trống đồng hoa văn các mẫu cao cấp .có kèm hộp đỏ và kệ gỗ,https://down-vn.img.susercontent.com/file/vn-11134207-7ra0g-m7hr4rin7il40a,https://shopee.vn/Trống-đồng-lưu-niệm-quà-tặng-mặt-trống-đồng-hoa-văn-các-mẫu-cao-cấp-.có-kèm-hộp-đỏ-và-kệ-gỗ-i.438805744.26430009552?extraParams=%7B%22display_model_id%22%3A227535378819%2C%22model_selection_logic%22%3A3%7D
94,Tổng Kho Đồ Đồng Mỹ nghệ 99,Tỉnh Bắc Ninh,https://shopee.vn/search?shop=438805744,Hồ Lô phong thuỷ bằng đồng,83.300 ₫,Đặc sản chất lượng - Hồ Lô phong thuỷ bằng đồng,https://down-vn.img.susercontent.com/file/vn-11134207-7ra0g-m81wohgpgvb6fd,https://shopee.vn/Hồ-Lô-phong-thuỷ-bằng-đồng-i.438805744.28681595746?extraParams=%7B%22display_model_id%22%3A218373391065%2C%22model_selection_logic%22%3A3%7D
95,Tổng Kho Đồ Đồng Mỹ nghệ 99,Tỉnh Bắc Ninh,https://shopee.vn/search?shop=438805744,"cồng chiêng nhạc cụ bằng đồng, nhạc cụ truyền thống kích thước 30cm,40cm,50cm",420.000 ₫,"Đặc sản chất lượng - cồng chiêng nhạc cụ bằng đồng, nhạc cụ truyền thống kích thước 30cm,40cm,50cm",https://down-vn.img.susercontent.com/file/vn-11134207-820l4-mgm5447de68cbd,https://shopee.vn/cồng-chiêng-nhạc-cụ-bằng-đồng-nhạc-cụ-truyền-thống-kích-thước-30cm-40cm-50cm-i.438805744.43017849298?extraParams=%7B%22display_model_id%22%3A430060910439%2C%22model_selection_logic%22%3A3%7D
96,Tổng Kho Đồ Đồng Mỹ nghệ 99,Tỉnh Bắc Ninh,https://shopee.vn/search?shop=438805744,"chập cheng mua lân, múa trống, chũm choẹ, chập chiêng bằng inox 304 size 20-30cm(1 cặp gồm 2 chiếc)",70.000 ₫,"Đặc sản chất lượng - chập cheng mua lân, múa trống, chũm choẹ, chập chiêng bằng inox 304 size 20-30cm(1 cặp gồm 2 chiếc)",https://down-vn.img.susercontent.com/file/vn-11134207-820l4-mebrr11rki6a68,https://shopee.vn/chập-cheng-mua-lân-múa-trống-chũm-choẹ-chập-chiêng-bằng-inox-304-size-20-30cm(1-cặp-gồm-2-chiếc)-i.438805744.40614893131?extraParams=%7B%22display_model_id%22%3A291233700230%2C%22model_selection_logic%22%3A3%7D
97,Tổng Kho Đồ Đồng Mỹ nghệ 99,Tỉnh Bắc Ninh,https://shopee.vn/search?shop=438805744,Trống đồng lưu niệm- quà tặng mặt trống đồng hoa văn sắc nét đủ bôi kệ gỗ và hộp quà đi kèm,250.000 ₫,Đặc sản chất lượng - Trống đồng lưu niệm- quà tặng mặt trống đồng hoa văn sắc nét đủ bôi kệ gỗ và hộp quà đi kèm,https://down-vn.img.susercontent.com/file/vn-11134207-7ras8-mc057pt29or27e,https://shopee.vn/Trống-đồng-lưu-niệm-quà-tặng-mặt-trống-đồng-hoa-văn-sắc-nét-đủ-bôi-kệ-gỗ-và-hộp-quà-đi-kèm-i.438805744.41107952762?extraParams=%7B%22display_model_id%22%3A227930436361%2C%22model_selection_logic%22%3A3%7D
98,Tổng Kho Đồ Đồng Mỹ nghệ 99,Tỉnh Bắc Ninh,https://shopee.vn/search?shop=438805744,"Trống đồng đông sơn, trống đồng mini để bàn trang trí - quà tặng- lưu niệm",899.000 ₫,"Đặc sản chất lượng - Trống đồng đông sơn, trống đồng mini để bàn trang trí - quà tặng- lưu niệm",https://down-vn.img.susercontent.com/file/vn-11134207-7ra0g-m7g4qw4j8ghi37,https://shopee.vn/Trống-đồng-đông-sơn-trống-đồng-mini-để-bàn-trang-trí-quà-tặng-lưu-niệm-i.438805744.29979876557?extraParams=%7B%22display_model_id%22%3A242911498614%2C%22model_selection_logic%22%3A3%7D
99,Tổng Kho Đồ Đồng Mỹ nghệ 99,Tỉnh Bắc Ninh,https://shopee.vn/search?shop=438805744,Trống đồng lưu niệm- trống đồng đông sơn- trống đồng mini để bàn,890.000 ₫,Đặc sản chất lượng - Trống đồng lưu niệm- trống đồng đông sơn- trống đồng mini để bàn,https://down-vn.img.susercontent.com/file/vn-11134207-820l4-mivf1hedet5057,https://shopee.vn/Trống-đồng-lưu-niệm-trống-đồng-đông-sơn-trống-đồng-mini-để-bàn-i.438805744.42057111646?extraParams=%7B%22display_model_id%22%3A280602970177%2C%22model_selection_logic%22%3A3%7D
100,Tổng Kho Đồ Đồng Mỹ nghệ 99,Tỉnh Bắc Ninh,https://shopee.vn/search?shop=438805744,"Nón đãi vàng , máng đãi vàng thủ công đường kính 40-46-50cm",321.000 ₫,"Đặc sản chất lượng - Nón đãi vàng , máng đãi vàng thủ công đường kính 40-46-50cm",https://down-vn.img.susercontent.com/file/vn-11134207-81ztc-mmsynudciyo83f,https://shopee.vn/Nón-đãi-vàng-máng-đãi-vàng-thủ-công-đường-kính-40-46-50cm-i.438805744.57908421536?extraParams=%7B%22display_model_id%22%3A380750622492%2C%22model_selection_logic%22%3A3%7D
101,Vũ Long Bamboo,Thành phố Hà Nội,https://shopee.vn/search?shop=1344409784,"Cốc tre vẽ tay hình cô gái, phong cảnh Việt Nam đặc sắc, ống cắm bút, ống đựng bút, quà tặng lưu niệm handmade độc đáo",50.000 ₫,"Đặc sản chất lượng - Cốc tre vẽ tay hình cô gái, phong cảnh Việt Nam đặc sắc, ống cắm bút, ống đựng bút, quà tặng lưu niệm handmade độc đáo",https://down-vn.img.susercontent.com/file/vn-11134207-7r98o-lzik299kq4i567,https://shopee.vn/Cốc-tre-vẽ-tay-hình-cô-gái-phong-cảnh-Việt-Nam-đặc-sắc-ống-cắm-bút-ống-đựng-bút-quà-tặng-lưu-niệm-handmade-độc-đáo-i.1344409784.29359435085?extraParams=%7B%22display_model_id%22%3A109249028214%2C%22model_selection_logic%22%3A3%7D
102,Vũ Long Bamboo,Thành phố Hà Nội,https://shopee.vn/search?shop=1344409784,(Xưởng sx) ĐẾ COASTER LÓT LY CỐC BẰNG MÂY ĐAN và SỨ THỦ CÔNG BẰNG TAY - QUÀ TẶNG LƯU NIỆM MỸ NGHỆ VIỆT NAM,20.000 ₫,Đặc sản chất lượng - (Xưởng sx) ĐẾ COASTER LÓT LY CỐC BẰNG MÂY ĐAN và SỨ THỦ CÔNG BẰNG TAY - QUÀ TẶNG LƯU NIỆM MỸ NGHỆ VIỆT NAM,https://down-vn.img.susercontent.com/file/vn-11134207-7r98o-lziheknrdefhb7,https://shopee.vn/(Xưởng-sx)-ĐẾ-COASTER-LÓT-LY-CỐC-BẰNG-MÂY-ĐAN-và-SỨ-THỦ-CÔNG-BẰNG-TAY-QUÀ-TẶNG-LƯU-NIỆM-MỸ-NGHỆ-VIỆT-NAM-i.1344409784.26709427382?extraParams=%7B%22display_model_id%22%3A88991022004%2C%22model_selection_logic%22%3A3%7D
103,Vũ Long Bamboo,Thành phố Hà Nội,https://shopee.vn/search?shop=1344409784,"(Combo siêu hời) Bộ bàn ghế mây sò tự nhiên nhỏ gọn, tiện lợi phù hợp bộ Cafe/ ban công gia đình / Homestay",470.000 ₫,"Đặc sản chất lượng - (Combo siêu hời) Bộ bàn ghế mây sò tự nhiên nhỏ gọn, tiện lợi phù hợp bộ Cafe/ ban công gia đình / Homestay",https://down-vn.img.susercontent.com/file/vn-11134207-7r98o-lzh70x7pca01b6,https://shopee.vn/(Combo-siêu-hời)-Bộ-bàn-ghế-mây-sò-tự-nhiên-nhỏ-gọn-tiện-lợi-phù-hợp-bộ-Cafe-ban-công-gia-đình-Homestay-i.1344409784.28709304802?extraParams=%7B%22display_model_id%22%3A99632392002%2C%22model_selection_logic%22%3A3%7D
104,Vũ Long Bamboo,Thành phố Hà Nội,https://shopee.vn/search?shop=1344409784,Tranh phong cảnh trên chất liệu mành tre đặc sắc kích thước rộng 30 x dài 50cm dễ gấp gọn dùng để treo tường hoặc tặng,40.000 ₫,Đặc sản chất lượng - Tranh phong cảnh trên chất liệu mành tre đặc sắc kích thước rộng 30 x dài 50cm dễ gấp gọn dùng để treo tường hoặc tặng,https://down-vn.img.susercontent.com/file/vn-11134207-7r98o-lzhoqmc8emh923,https://shopee.vn/Tranh-phong-cảnh-trên-chất-liệu-mành-tre-đặc-sắc-kích-thước-rộng-30-x-dài-50cm-dễ-gấp-gọn-dùng-để-treo-tường-hoặc-tặng-i.1344409784.28209363103?extraParams=%7B%22display_model_id%22%3A241478853517%2C%22model_selection_logic%22%3A3%7D
105,Vũ Long Bamboo,Thành phố Hà Nội,https://shopee.vn/search?shop=1344409784,"(xưởng sx) Nón lá múa tặng kèm quai nón biểu diễn văn nghệ, nón lá xứ Huế trắng sáng mỏng nhẹ đường kính 40cm",55.000 ₫,"Đặc sản chất lượng - (xưởng sx) Nón lá múa tặng kèm quai nón biểu diễn văn nghệ, nón lá xứ Huế trắng sáng mỏng nhẹ đường kính 40cm",https://down-vn.img.susercontent.com/file/vn-11134207-7r98o-lzivbxqcqo997a,https://shopee.vn/(xưởng-sx)-Nón-lá-múa-tặng-kèm-quai-nón-biểu-diễn-văn-nghệ-nón-lá-xứ-Huế-trắng-sáng-mỏng-nhẹ-đường-kính-40cm-i.1344409784.29709468765?extraParams=%7B%22display_model_id%22%3A187764187735%2C%22model_selection_logic%22%3A3%7D
106,Vũ Long Bamboo,Thành phố Hà Nội,https://shopee.vn/search?shop=1344409784,"(Xưởng SX- Hoả tốc) Nón lá vẽ phong cảnh đa dạng, nón vẽ sen đườg kính 40cm được chọn mẫu, nón huế vẽ phong cảnh đặc sắc",70.000 ₫,"Đặc sản chất lượng - (Xưởng SX- Hoả tốc) Nón lá vẽ phong cảnh đa dạng, nón vẽ sen đườg kính 40cm được chọn mẫu, nón huế vẽ phong cảnh đặc sắc",https://down-vn.img.susercontent.com/file/vn-11134207-7r98o-lzhlcow1u0y542,https://shopee.vn/(Xưởng-SX-Hoả-tốc)-Nón-lá-vẽ-phong-cảnh-đa-dạng-nón-vẽ-sen-đườg-kính-40cm-được-chọn-mẫu-nón-huế-vẽ-phong-cảnh-đặc-sắc-i.1344409784.26959370285?extraParams=%7B%22display_model_id%22%3A195347374640%2C%22model_selection_logic%22%3A3%7D
107,Vũ Long Bamboo,Thành phố Hà Nội,https://shopee.vn/search?shop=1344409784,"Đĩa biểu tượng Việt Nam bằng đồng 8cm, hình ảnh đặc trưng Việt Nam, quà tặng, quà lưu niệm tặng khách quốc tế",66.240 ₫,"Đặc sản chất lượng - Đĩa biểu tượng Việt Nam bằng đồng 8cm, hình ảnh đặc trưng Việt Nam, quà tặng, quà lưu niệm tặng khách quốc tế",https://down-vn.img.susercontent.com/file/vn-11134207-7r98o-lzlm28f2moble3,https://shopee.vn/Đĩa-biểu-tượng-Việt-Nam-bằng-đồng-8cm-hình-ảnh-đặc-trưng-Việt-Nam-quà-tặng-quà-lưu-niệm-tặng-khách-quốc-tế-i.1344409784.26009917482?extraParams=%7B%22display_model_id%22%3A185356000272%2C%22model_selection_logic%22%3A3%7D
108,Vũ Long Bamboo,Thành phố Hà Nội,https://shopee.vn/search?shop=1344409784,"( Xưởng sx) Quạt vải Huế lụa cầm tay loại to 28cm, Hàng loại 1 chống mọt, vẽ phong cảnh Việt Nam",25.000 ₫,"Đặc sản chất lượng - ( Xưởng sx) Quạt vải Huế lụa cầm tay loại to 28cm, Hàng loại 1 chống mọt, vẽ phong cảnh Việt Nam",https://down-vn.img.susercontent.com/file/vn-11134207-7r98o-lzipz7qxn1ot8d,https://shopee.vn/(-Xưởng-sx)-Quạt-vải-Huế-lụa-cầm-tay-loại-to-28cm-Hàng-loại-1-chống-mọt-vẽ-phong-cảnh-Việt-Nam-i.1344409784.27259457517?extraParams=%7B%22display_model_id%22%3A241484262666%2C%22model_selection_logic%22%3A3%7D
109,Vũ Long Bamboo,Thành phố Hà Nội,https://shopee.vn/search?shop=1344409784,"(Hoả tốc) Ghế mây Café hỏa tốc, ghế mây sò",235.000 ₫,"Đặc sản chất lượng - (Hoả tốc) Ghế mây Café hỏa tốc, ghế mây sò",https://down-vn.img.susercontent.com/file/vn-11134207-7ras8-m16oadwhu73u68,https://shopee.vn/(Hoả-tốc)-Ghế-mây-Café-hỏa-tốc-ghế-mây-sò-i.1344409784.26663438619?extraParams=%7B%22display_model_id%22%3A236853327488%2C%22model_selection_logic%22%3A3%7D
110,Vũ Long Bamboo,Thành phố Hà Nội,https://shopee.vn/search?shop=1344409784,"(Xưởng SX) Tranh mẹt vẽ phong cảnh đa dạng mẫu mã đường kính 35cm, tranh treo tường trang trí nhà hàng quán ăn đặc sắc",40.000 ₫,"Đặc sản chất lượng - (Xưởng SX) Tranh mẹt vẽ phong cảnh đa dạng mẫu mã đường kính 35cm, tranh treo tường trang trí nhà hàng quán ăn đặc sắc",https://down-vn.img.susercontent.com/file/vn-11134207-7r98o-lziflm19wfc104,https://shopee.vn/(Xưởng-SX)-Tranh-mẹt-vẽ-phong-cảnh-đa-dạng-mẫu-mã-đường-kính-35cm-tranh-treo-tường-trang-trí-nhà-hàng-quán-ăn-đặc-sắc-i.1344409784.28659420173?extraParams=%7B%22display_model_id%22%3A256481899031%2C%22model_selection_logic%22%3A3%7D
111,Mỹ Nghệ Phúc Loan,Thành phố Hồ Chí Minh,https://shopee.vn/search?shop=172203435,Muỗng ăn tráng miệng ốc xà cừ độc đáo | Muỗng trứng cá - Caviar spoon,23.000 ₫,Đặc sản chất lượng - Muỗng ăn tráng miệng ốc xà cừ độc đáo | Muỗng trứng cá - Caviar spoon,https://down-vn.img.susercontent.com/file/0769c82d6b836fd68af88dd42dcb97f3,https://shopee.vn/Muỗng-ăn-tráng-miệng-ốc-xà-cừ-độc-đáo-Muỗng-trứng-cá-Caviar-spoon-i.172203435.18248222565?extraParams=%7B%22display_model_id%22%3A145836381949%2C%22model_selection_logic%22%3A3%7D
112,Mỹ Nghệ Phúc Loan,Thành phố Hồ Chí Minh,https://shopee.vn/search?shop=172203435,Hũ Tròn Đựng Đồ Gỗ Sơn Mài Cẩn Trứng 16cm,350.000 ₫,Đặc sản chất lượng - Hũ Tròn Đựng Đồ Gỗ Sơn Mài Cẩn Trứng 16cm,https://down-vn.img.susercontent.com/file/sg-11134201-22100-xty630psxeiv3e,https://shopee.vn/Hũ-Tròn-Đựng-Đồ-Gỗ-Sơn-Mài-Cẩn-Trứng-16cm-i.172203435.2849017823?extraParams=%7B%22display_model_id%22%3A7178798130%2C%22model_selection_logic%22%3A3%7D
113,Mỹ Nghệ Phúc Loan,Thành phố Hồ Chí Minh,https://shopee.vn/search?shop=172203435,"Bộ 6 Lót Ly Tròn Sơn Mài Truyền Thống Việt Nam Cao Cấp Kèm Hộp | Phụ Kiện Bàn Ăn, Quà Lưu Niệm",450.000 ₫,"Đặc sản chất lượng - Bộ 6 Lót Ly Tròn Sơn Mài Truyền Thống Việt Nam Cao Cấp Kèm Hộp | Phụ Kiện Bàn Ăn, Quà Lưu Niệm",https://down-vn.img.susercontent.com/file/sg-11134201-22110-9fdmtw5stijva1,https://shopee.vn/Bộ-6-Lót-Ly-Tròn-Sơn-Mài-Truyền-Thống-Việt-Nam-Cao-Cấp-Kèm-Hộp-Phụ-Kiện-Bàn-Ăn-Quà-Lưu-Niệm-i.172203435.21160303200?extraParams=%7B%22display_model_id%22%3A137067357085%2C%22model_selection_logic%22%3A3%7D
114,Mỹ Nghệ Phúc Loan,Thành phố Hồ Chí Minh,https://shopee.vn/search?shop=172203435,Hũ kẹo tròn sơn mài trang trí nghệ thuật 10cm,150.000 ₫,Đặc sản chất lượng - Hũ kẹo tròn sơn mài trang trí nghệ thuật 10cm,https://down-vn.img.susercontent.com/file/a2d4821cbeba39aed615522dbe36e308,https://shopee.vn/Hũ-kẹo-tròn-sơn-mài-trang-trí-nghệ-thuật-10cm-i.172203435.2872462863?extraParams=%7B%22display_model_id%22%3A7301418190%2C%22model_selection_logic%22%3A3%7D
115,Mỹ Nghệ Phúc Loan,Thành phố Hồ Chí Minh,https://shopee.vn/search?shop=172203435,Tượng Voi Đá Vểnh Vòi Vui Vẻ Phong Thủy Nhiều Mẫu | Tượng Đá Trang Trí,65.000 ₫,Đặc sản chất lượng - Tượng Voi Đá Vểnh Vòi Vui Vẻ Phong Thủy Nhiều Mẫu | Tượng Đá Trang Trí,https://down-vn.img.susercontent.com/file/sg-11134201-22100-h20uid5b4oivc5,https://shopee.vn/Tượng-Voi-Đá-Vểnh-Vòi-Vui-Vẻ-Phong-Thủy-Nhiều-Mẫu-Tượng-Đá-Trang-Trí-i.172203435.18155001999?extraParams=%7B%22display_model_id%22%3A192762256959%2C%22model_selection_logic%22%3A3%7D
116,Mỹ Nghệ Phúc Loan,Thành phố Hồ Chí Minh,https://shopee.vn/search?shop=172203435,Tranh Sơn Mài Cẩn Trứng Nghệ Thuật Truyền Thống Việt Nam 20x30cm | Mỹ Nghệ Phúc Loan,350.000 ₫,Đặc sản chất lượng - Tranh Sơn Mài Cẩn Trứng Nghệ Thuật Truyền Thống Việt Nam 20x30cm | Mỹ Nghệ Phúc Loan,https://down-vn.img.susercontent.com/file/sg-11134201-22100-duhhmk2bwriv2d,https://shopee.vn/Tranh-Sơn-Mài-Cẩn-Trứng-Nghệ-Thuật-Truyền-Thống-Việt-Nam-20x30cm-Mỹ-Nghệ-Phúc-Loan-i.172203435.19855385673?extraParams=%7B%22display_model_id%22%3A380262802752%2C%22model_selection_logic%22%3A3%7D
117,Mỹ Nghệ Phúc Loan,Thành phố Hồ Chí Minh,https://shopee.vn/search?shop=172203435,Quà Lưu Niệm Gương Mini Hình Cô Gái Việt Nam,70.000 ₫,Đặc sản chất lượng - Quà Lưu Niệm Gương Mini Hình Cô Gái Việt Nam,https://down-vn.img.susercontent.com/file/f71af1083a5b6ab7f68f12667539a3ec,https://shopee.vn/Quà-Lưu-Niệm-Gương-Mini-Hình-Cô-Gái-Việt-Nam-i.172203435.4021155231?extraParams=%7B%22display_model_id%22%3A15126959501%2C%22model_selection_logic%22%3A3%7D
118,Mỹ Nghệ Phúc Loan,Thành phố Hồ Chí Minh,https://shopee.vn/search?shop=172203435,Hộp Nữ Trang Sơn Mài Lót Nhung 9 x 18cm Hình Cô Gái Việt Nam | Hộp Nữ Trang Truyền Thống - Hộp Gỗ Đựng,320.000 ₫,Đặc sản chất lượng - Hộp Nữ Trang Sơn Mài Lót Nhung 9 x 18cm Hình Cô Gái Việt Nam | Hộp Nữ Trang Truyền Thống - Hộp Gỗ Đựng,https://down-vn.img.susercontent.com/file/vn-11134207-820l4-mg6ffz5oytxlc3,https://shopee.vn/Hộp-Nữ-Trang-Sơn-Mài-Lót-Nhung-9-x-18cm-Hình-Cô-Gái-Việt-Nam-Hộp-Nữ-Trang-Truyền-Thống-Hộp-Gỗ-Đựng-i.172203435.3202170842?extraParams=%7B%22display_model_id%22%3A8179628268%2C%22model_selection_logic%22%3A3%7D
119,Mỹ Nghệ Phúc Loan,Thành phố Hồ Chí Minh,https://shopee.vn/search?shop=172203435,Hộp Đựng Khăn Giấy Gỗ Sơn Mài Hình Chữ Nhật Lớn,450.000 ₫,Đặc sản chất lượng - Hộp Đựng Khăn Giấy Gỗ Sơn Mài Hình Chữ Nhật Lớn,https://down-vn.img.susercontent.com/file/vn-11134207-820l4-mge1vipuedxmb3,https://shopee.vn/Hộp-Đựng-Khăn-Giấy-Gỗ-Sơn-Mài-Hình-Chữ-Nhật-Lớn-i.172203435.20552541636?extraParams=%7B%22display_model_id%22%3A380029570670%2C%22model_selection_logic%22%3A3%7D
120,Mỹ Nghệ Phúc Loan,Thành phố Hồ Chí Minh,https://shopee.vn/search?shop=172203435,Hộp Nữ Trang Sơn Mài Lập Thể Nhiều Màu 9x18,330.000 ₫,Đặc sản chất lượng - Hộp Nữ Trang Sơn Mài Lập Thể Nhiều Màu 9x18,https://down-vn.img.susercontent.com/file/5c6f4ac3e8f6e013a0a7f615442a647d,https://shopee.vn/Hộp-Nữ-Trang-Sơn-Mài-Lập-Thể-Nhiều-Màu-9x18-i.172203435.19452445549?extraParams=%7B%22display_model_id%22%3A155947378387%2C%22model_selection_logic%22%3A3%7D
121,HiPs - Quà Huế,Thành phố Huế,https://shopee.vn/search?shop=1240337474,"CÀ PHÊ MUỐI HOÀ TAN CỐ ĐÔ- set 10 gói tiện lợi, tiết kiệm ( Không hộp)",57.000 ₫,"Đặc sản chất lượng - CÀ PHÊ MUỐI HOÀ TAN CỐ ĐÔ- set 10 gói tiện lợi, tiết kiệm ( Không hộp)",https://down-vn.img.susercontent.com/file/vn-11134207-81ztc-mmwmaourp05i7a,https://shopee.vn/CÀ-PHÊ-MUỐI-HOÀ-TAN-CỐ-ĐÔ-set-10-gói-tiện-lợi-tiết-kiệm-(-Không-hộp)-i.1240337474.27061772851?extraParams=%7B%22display_model_id%22%3A205440360900%2C%22model_selection_logic%22%3A3%7D
122,HiPs - Quà Huế,Thành phố Huế,https://shopee.vn/search?shop=1240337474,Bánh Huế - Bánh Ngũ Sắc - Quà Huế hộp 6 cái,59.000 ₫,Đặc sản chất lượng - Bánh Huế - Bánh Ngũ Sắc - Quà Huế hộp 6 cái,https://down-vn.img.susercontent.com/file/vn-11134207-81ztc-mmx240277if5b0,https://shopee.vn/Bánh-Huế-Bánh-Ngũ-Sắc-Quà-Huế-hộp-6-cái-i.1240337474.27150493500?extraParams=%7B%22display_model_id%22%3A245863386600%2C%22model_selection_logic%22%3A3%7D
123,HiPs - Quà Huế,Thành phố Huế,https://shopee.vn/search?shop=1240337474,Bánh ép Huế [combo 4 vị túi kẽm] - Vị Cá chua ngọt - Vị Gà Phôi Mai - Vị tép - Vị bbq - ngon giòn ăn siêu cuốn,79.000 ₫,Đặc sản chất lượng - Bánh ép Huế [combo 4 vị túi kẽm] - Vị Cá chua ngọt - Vị Gà Phôi Mai - Vị tép - Vị bbq - ngon giòn ăn siêu cuốn,https://down-vn.img.susercontent.com/file/vn-11134207-81ztc-mnau6346wbgked,https://shopee.vn/Bánh-ép-Huế-combo-4-vị-túi-kẽm-Vị-Cá-chua-ngọt-Vị-Gà-Phôi-Mai-Vị-tép-Vị-bbq-ngon-giòn-ăn-siêu-cuốn-i.1240337474.49408007992?extraParams=%7B%22display_model_id%22%3A395709456370%2C%22model_selection_logic%22%3A3%7D
124,HiPs - Quà Huế,Thành phố Huế,https://shopee.vn/search?shop=1240337474,"Túi giấy HiPs - Đựng quà Huế, túi giấy trắng thân thiện môi trường (set 5 cái)",40.000 ₫,"Đặc sản chất lượng - Túi giấy HiPs - Đựng quà Huế, túi giấy trắng thân thiện môi trường (set 5 cái)",https://down-vn.img.susercontent.com/file/vn-11134207-820l4-meqs3rn1le6e27,https://shopee.vn/Túi-giấy-HiPs-Đựng-quà-Huế-túi-giấy-trắng-thân-thiện-môi-trường-(set-5-cái)-i.1240337474.42719340954?extraParams=%7B%22display_model_id%22%3A253903865131%2C%22model_selection_logic%22%3A3%7D
125,HiPs - Quà Huế,Thành phố Huế,https://shopee.vn/search?shop=1240337474,Sữa Hạt Sen Hòa Tan - Sen Huế 100% - giàu dinh dưỡng với 4 vị hấp dẫn,165.000 ₫,Đặc sản chất lượng - Sữa Hạt Sen Hòa Tan - Sen Huế 100% - giàu dinh dưỡng với 4 vị hấp dẫn,https://down-vn.img.susercontent.com/file/vn-11134207-81ztc-mnasva15kufc14,https://shopee.vn/Sữa-Hạt-Sen-Hòa-Tan-Sen-Huế-100-giàu-dinh-dưỡng-với-4-vị-hấp-dẫn-i.1240337474.26710911148?extraParams=%7B%22display_model_id%22%3A335814990973%2C%22model_selection_logic%22%3A3%7D
126,HiPs - Quà Huế,Thành phố Huế,https://shopee.vn/search?shop=1240337474,Kèn Gốm - Tu Huýt- sản phẩm gốm Phước Tích,104.500 ₫,Đặc sản chất lượng - Kèn Gốm - Tu Huýt- sản phẩm gốm Phước Tích,https://down-vn.img.susercontent.com/file/vn-11134207-81ztc-mmwo0yf2tjwo57,https://shopee.vn/Kèn-Gốm-Tu-Huýt-sản-phẩm-gốm-Phước-Tích-i.1240337474.25576143189?extraParams=%7B%22display_model_id%22%3A176982703459%2C%22model_selection_logic%22%3A3%7D
127,HiPs - Quà Huế,Thành phố Huế,https://shopee.vn/search?shop=1240337474,Bánh Ép - Đặc Sản Huế - Vị BBQ - Vị tép - Vị Cá - Vị Gà - Thơm giòn,57.000 ₫,Đặc sản chất lượng - Bánh Ép - Đặc Sản Huế - Vị BBQ - Vị tép - Vị Cá - Vị Gà - Thơm giòn,https://down-vn.img.susercontent.com/file/vn-11134207-81ztc-mmwmebxl4wsh25,https://shopee.vn/Bánh-Ép-Đặc-Sản-Huế-Vị-BBQ-Vị-tép-Vị-Cá-Vị-Gà-Thơm-giòn-i.1240337474.25376088677?extraParams=%7B%22display_model_id%22%3A207531188066%2C%22model_selection_logic%22%3A3%7D
128,HiPs - Quà Huế,Thành phố Huế,https://shopee.vn/search?shop=1240337474,"Mứt gừng thẻ - cay dịu, chua nhẹ",95.000 ₫,"Đặc sản chất lượng - Mứt gừng thẻ - cay dịu, chua nhẹ",https://down-vn.img.susercontent.com/file/vn-11134207-81ztc-mmx24wllmzus4b,https://shopee.vn/Mứt-gừng-thẻ-cay-dịu-chua-nhẹ-i.1240337474.47855723083?extraParams=%7B%22display_model_id%22%3A395516098993%2C%22model_selection_logic%22%3A3%7D
129,HiPs - Quà Huế,Thành phố Huế,https://shopee.vn/search?shop=1240337474,Trà Gừng Hoà Tan Vị Hoa Cúc - Sản Xuất Tại Kim Long Huế - Giúp giữ ấm cơ thể và cải thiện giấc ngủ,49.500 ₫,Đặc sản chất lượng - Trà Gừng Hoà Tan Vị Hoa Cúc - Sản Xuất Tại Kim Long Huế - Giúp giữ ấm cơ thể và cải thiện giấc ngủ,https://down-vn.img.susercontent.com/file/vn-11134207-81ztc-mnau4zjimyv99b,https://shopee.vn/Trà-Gừng-Hoà-Tan-Vị-Hoa-Cúc-Sản-Xuất-Tại-Kim-Long-Huế-Giúp-giữ-ấm-cơ-thể-và-cải-thiện-giấc-ngủ-i.1240337474.28162422488?extraParams=%7B%22display_model_id%22%3A215420584926%2C%22model_selection_logic%22%3A3%7D
130,HiPs - Quà Huế,Thành phố Huế,https://shopee.vn/search?shop=1240337474,Trà Gừng Hoà Tan Vị Nguyên Bản - Sản xuất tại Kim Long Huế - giúp hỗ trợ tiêu hoá và làm ấm cơ thể.,38.500 ₫,Đặc sản chất lượng - Trà Gừng Hoà Tan Vị Nguyên Bản - Sản xuất tại Kim Long Huế - giúp hỗ trợ tiêu hoá và làm ấm cơ thể.,https://down-vn.img.susercontent.com/file/vn-11134207-81ztc-mnau3d20fo5eca,https://shopee.vn/Trà-Gừng-Hoà-Tan-Vị-Nguyên-Bản-Sản-xuất-tại-Kim-Long-Huế-giúp-hỗ-trợ-tiêu-hoá-và-làm-ấm-cơ-thể.-i.1240337474.27262422854?extraParams=%7B%22display_model_id%22%3A176702495045%2C%22model_selection_logic%22%3A3%7D
131,TỔNG KHO ĐỒ ĐỒNG VN,Tỉnh Bắc Ninh,https://shopee.vn/search?shop=597000742,Trống Đồng Quà Tặng Dát Vàng Đủ Kích Thước Để Bàn Làm Việc Phong Thủy,1.259.000 ₫,Đặc sản chất lượng - Trống Đồng Quà Tặng Dát Vàng Đủ Kích Thước Để Bàn Làm Việc Phong Thủy,https://down-vn.img.susercontent.com/file/vn-11134207-7ras8-mccbbhxkyezn8c,https://shopee.vn/Trống-Đồng-Quà-Tặng-Dát-Vàng-Đủ-Kích-Thước-Để-Bàn-Làm-Việc-Phong-Thủy-i.597000742.23830980570?extraParams=%7B%22display_model_id%22%3A137466129127%2C%22model_selection_logic%22%3A3%7D
132,TỔNG KHO ĐỒ ĐỒNG VN,Tỉnh Bắc Ninh,https://shopee.vn/search?shop=597000742,Tranh Trống Đồng 60*60cm Họa Tiết Hoa Văn Trống Đồng Ăn Mòn Độ Bền Trọn Đời Khung Composite,1.399.000 ₫,Đặc sản chất lượng - Tranh Trống Đồng 60*60cm Họa Tiết Hoa Văn Trống Đồng Ăn Mòn Độ Bền Trọn Đời Khung Composite,https://down-vn.img.susercontent.com/file/vn-11134207-7r98o-m03e99j56v0v0a,https://shopee.vn/Tranh-Trống-Đồng-60*60cm-Họa-Tiết-Hoa-Văn-Trống-Đồng-Ăn-Mòn-Độ-Bền-Trọn-Đời-Khung-Composite-i.597000742.14692316927?extraParams=%7B%22display_model_id%22%3A126680811557%2C%22model_selection_logic%22%3A3%7D
133,TỔNG KHO ĐỒ ĐỒNG VN,Tỉnh Bắc Ninh,https://shopee.vn/search?shop=597000742,[HÀNG KỸ] Mặt Trống Đồng Đông Sơn Treo Tường ĐK 60cm Thếp V.àng   Cao Cấp Quà Tặng Đồ Đồng Đại Bái,1.199.000 ₫,Đặc sản chất lượng - [HÀNG KỸ] Mặt Trống Đồng Đông Sơn Treo Tường ĐK 60cm Thếp V.àng   Cao Cấp Quà Tặng Đồ Đồng Đại Bái,https://down-vn.img.susercontent.com/file/vn-11134207-7r98o-m07mdq16dnrje8,https://shopee.vn/-HÀNG-KỸ-Mặt-Trống-Đồng-Đông-Sơn-Treo-Tường-ĐK-60cm-Thếp-V.àng-Cao-Cấp-Quà-Tặng-Đồ-Đồng-Đại-Bái-i.597000742.22468098730?extraParams=%7B%22display_model_id%22%3A221609566314%2C%22model_selection_logic%22%3A3%7D
134,TỔNG KHO ĐỒ ĐỒNG VN,Tỉnh Bắc Ninh,https://shopee.vn/search?shop=597000742,Vinh Hoa Phú Quý Tranh Đồng 2m31*1m27 Dát Vàng   Cao Cấp Freeship,5.600.000 ₫,Đặc sản chất lượng - Vinh Hoa Phú Quý Tranh Đồng 2m31*1m27 Dát Vàng   Cao Cấp Freeship,https://down-vn.img.susercontent.com/file/vn-11134207-7r98o-m07anjsj5vjhd8,https://shopee.vn/Vinh-Hoa-Phú-Quý-Tranh-Đồng-2m31*1m27-Dát-Vàng-Cao-Cấp-Freeship-i.597000742.23833100660?extraParams=%7B%22display_model_id%22%3A231276264386%2C%22model_selection_logic%22%3A3%7D
135,TỔNG KHO ĐỒ ĐỒNG VN,Tỉnh Bắc Ninh,https://shopee.vn/search?shop=597000742,Tranh Đồng Quê Hương Cội Nguồn Quê Hương 2m31x1m27 Bằng Đồng Dát V.àng   Khung Gỗ Sồi Nga Tranh Quê Hương Trạm Trổ Kỹ,6.999.000 ₫,Đặc sản chất lượng - Tranh Đồng Quê Hương Cội Nguồn Quê Hương 2m31x1m27 Bằng Đồng Dát V.àng   Khung Gỗ Sồi Nga Tranh Quê Hương Trạm Trổ Kỹ,https://down-vn.img.susercontent.com/file/vn-11134207-7r98o-m0752am7k7hpc3,https://shopee.vn/Tranh-Đồng-Quê-Hương-Cội-Nguồn-Quê-Hương-2m31x1m27-Bằng-Đồng-Dát-V.àng-Khung-Gỗ-Sồi-Nga-Tranh-Quê-Hương-Trạm-Trổ-Kỹ-i.597000742.21822885775?extraParams=%7B%22display_model_id%22%3A181194426124%2C%22model_selection_logic%22%3A3%7D
136,TỔNG KHO ĐỒ ĐỒNG VN,Tỉnh Bắc Ninh,https://shopee.vn/search?shop=597000742,Tranh Mừng Thọ Bằng Đồng 100*60cm Có Ảnh Bố Mẹ Ông Bà Khung Gỗ Đèn Led Miễn Ship,2.900.000 ₫,Đặc sản chất lượng - Tranh Mừng Thọ Bằng Đồng 100*60cm Có Ảnh Bố Mẹ Ông Bà Khung Gỗ Đèn Led Miễn Ship,https://down-vn.img.susercontent.com/file/vn-11134207-7ras8-m446sfjvspfz65,https://shopee.vn/Tranh-Mừng-Thọ-Bằng-Đồng-100*60cm-Có-Ảnh-Bố-Mẹ-Ông-Bà-Khung-Gỗ-Đèn-Led-Miễn-Ship-i.597000742.21760115134?extraParams=%7B%22display_model_id%22%3A193065934945%2C%22model_selection_logic%22%3A3%7D
137,TỔNG KHO ĐỒ ĐỒNG VN,Tỉnh Bắc Ninh,https://shopee.vn/search?shop=597000742,[LOẠI 1] Combo Lư Xông Trầm Bằng Đồng Kèm Đôn Đúc Nguyên Khối Cao 12cm Chạm Trổ Tinh Xảo Đồ Đồng Đại Bái,469.000 ₫,Đặc sản chất lượng - [LOẠI 1] Combo Lư Xông Trầm Bằng Đồng Kèm Đôn Đúc Nguyên Khối Cao 12cm Chạm Trổ Tinh Xảo Đồ Đồng Đại Bái,https://down-vn.img.susercontent.com/file/cd10b72d6b73eb766fb27ab96f991aa5,https://shopee.vn/-LOẠI-1-Combo-Lư-Xông-Trầm-Bằng-Đồng-Kèm-Đôn-Đúc-Nguyên-Khối-Cao-12cm-Chạm-Trổ-Tinh-Xảo-Đồ-Đồng-Đại-Bái-i.597000742.21443124557?extraParams=%7B%22display_model_id%22%3A212186764035%2C%22model_selection_logic%22%3A3%7D
138,TỔNG KHO ĐỒ ĐỒNG VN,Tỉnh Bắc Ninh,https://shopee.vn/search?shop=597000742,"Cây Cắm Hương Vòng Trụ Cắm Hương Vòng Bằng Đồng Vàng Chữ Phúc, Chữ Công Cao 70cm Giúp Bảo Vệ Gia Đình Ý Nghĩa Phong Thủy",220.000 ₫,"Đặc sản chất lượng - Cây Cắm Hương Vòng Trụ Cắm Hương Vòng Bằng Đồng Vàng Chữ Phúc, Chữ Công Cao 70cm Giúp Bảo Vệ Gia Đình Ý Nghĩa Phong Thủy",https://down-vn.img.susercontent.com/file/vn-11134207-7r98o-m03cpg8flcktee,https://shopee.vn/Cây-Cắm-Hương-Vòng-Trụ-Cắm-Hương-Vòng-Bằng-Đồng-Vàng-Chữ-Phúc-Chữ-Công-Cao-70cm-Giúp-Bảo-Vệ-Gia-Đình-Ý-Nghĩa-Phong-Thủy-i.597000742.20111561045?extraParams=%7B%22display_model_id%22%3A136033524025%2C%22model_selection_logic%22%3A3%7D
139,TỔNG KHO ĐỒ ĐỒNG VN,Tỉnh Bắc Ninh,https://shopee.vn/search?shop=597000742,Mã Đáo Thành Công Tranh Đồng Treo Tường 2m31 x 1m2  Đồng Vàng   Kèm Đèn Led Phong Thủy,4.600.000 ₫,Đặc sản chất lượng - Mã Đáo Thành Công Tranh Đồng Treo Tường 2m31 x 1m2  Đồng Vàng   Kèm Đèn Led Phong Thủy,https://down-vn.img.susercontent.com/file/vn-11134207-7r98o-m07lb2zk070vdf,https://shopee.vn/Mã-Đáo-Thành-Công-Tranh-Đồng-Treo-Tường-2m31-x-1m2-Đồng-Vàng-Kèm-Đèn-Led-Phong-Thủy-i.597000742.19913936642?extraParams=%7B%22display_model_id%22%3A180785813923%2C%22model_selection_logic%22%3A3%7D
140,TỔNG KHO ĐỒ ĐỒNG VN,Tỉnh Bắc Ninh,https://shopee.vn/search?shop=597000742,"Hoành Phi Câu Đối Cuốn Thư 1m55, 1m76 Hun Màu Giả Cổ Bằng Đồng Vàng Cao Cấp Giá Rẻ - Đồ Đồng Đại Bái Freeship",3.899.000 ₫,"Đặc sản chất lượng - Hoành Phi Câu Đối Cuốn Thư 1m55, 1m76 Hun Màu Giả Cổ Bằng Đồng Vàng Cao Cấp Giá Rẻ - Đồ Đồng Đại Bái Freeship",https://down-vn.img.susercontent.com/file/f2d40e8d733ab5c7af586a094355757c,https://shopee.vn/Hoành-Phi-Câu-Đối-Cuốn-Thư-1m55-1m76-Hun-Màu-Giả-Cổ-Bằng-Đồng-Vàng-Cao-Cấp-Giá-Rẻ-Đồ-Đồng-Đại-Bái-Freeship-i.597000742.19838999894?extraParams=%7B%22display_model_id%22%3A164224773869%2C%22model_selection_logic%22%3A3%7D
141,HẢI ÂU SAIGON,Thành phố Hồ Chí Minh,https://shopee.vn/search?shop=147693060,"Thiệp Handmade, Thiệp Giấy Xoắn (Quilling Cards) - Thiệp Sinh Nhật, Tình Yêu, Chúc Mừng - FLOW 15x15cm",78.000 ₫,"Đặc sản chất lượng - Thiệp Handmade, Thiệp Giấy Xoắn (Quilling Cards) - Thiệp Sinh Nhật, Tình Yêu, Chúc Mừng - FLOW 15x15cm",https://down-vn.img.susercontent.com/file/vn-11134207-7r98o-ls140a2cals41c,https://shopee.vn/Thiệp-Handmade-Thiệp-Giấy-Xoắn-(Quilling-Cards)-Thiệp-Sinh-Nhật-Tình-Yêu-Chúc-Mừng-FLOW-15x15cm-i.147693060.21161141842?extraParams=%7B%22display_model_id%22%3A175046158043%2C%22model_selection_logic%22%3A3%7D
142,HẢI ÂU SAIGON,Thành phố Hồ Chí Minh,https://shopee.vn/search?shop=147693060,"Thiệp Handmade, Thiệp Giấy Xoắn (Quilling Cards) - Thiệp Sinh Nhật, Tình Yêu, Chúc Mừng - OTHER 15x15cm",78.000 ₫,"Đặc sản chất lượng - Thiệp Handmade, Thiệp Giấy Xoắn (Quilling Cards) - Thiệp Sinh Nhật, Tình Yêu, Chúc Mừng - OTHER 15x15cm",https://down-vn.img.susercontent.com/file/vn-11134207-7r98o-lrty6ghjdkn8c2,https://shopee.vn/Thiệp-Handmade-Thiệp-Giấy-Xoắn-(Quilling-Cards)-Thiệp-Sinh-Nhật-Tình-Yêu-Chúc-Mừng-OTHER-15x15cm-i.147693060.16089393732?extraParams=%7B%22display_model_id%22%3A221995271714%2C%22model_selection_logic%22%3A3%7D
143,HẢI ÂU SAIGON,Thành phố Hồ Chí Minh,https://shopee.vn/search?shop=147693060,"Thiệp Handmade, Thiệp Giấy Xoắn (Quilling Cards) - Thiệp Sinh Nhật, Tình Yêu, Chúc Mừng - FLOW 15x15cm",78.000 ₫,"Đặc sản chất lượng - Thiệp Handmade, Thiệp Giấy Xoắn (Quilling Cards) - Thiệp Sinh Nhật, Tình Yêu, Chúc Mừng - FLOW 15x15cm",https://down-vn.img.susercontent.com/file/vn-11134207-7r98o-ls12ezp9x7dle8,https://shopee.vn/Thiệp-Handmade-Thiệp-Giấy-Xoắn-(Quilling-Cards)-Thiệp-Sinh-Nhật-Tình-Yêu-Chúc-Mừng-FLOW-15x15cm-i.147693060.8618448284?extraParams=%7B%22display_model_id%22%3A166344964025%2C%22model_selection_logic%22%3A3%7D
144,HẢI ÂU SAIGON,Thành phố Hồ Chí Minh,https://shopee.vn/search?shop=147693060,Thiệp Giấy Xoắn Tết Sum Vầy Size 13x18cm,80.000 ₫,Đặc sản chất lượng - Thiệp Giấy Xoắn Tết Sum Vầy Size 13x18cm,https://down-vn.img.susercontent.com/file/sg-11134201-22120-ctjjwwe4onlv08,https://shopee.vn/Thiệp-Giấy-Xoắn-Tết-Sum-Vầy-Size-13x18cm-i.147693060.22614984348?extraParams=%7B%22display_model_id%22%3A117871701237%2C%22model_selection_logic%22%3A3%7D
145,HẢI ÂU SAIGON,Thành phố Hồ Chí Minh,https://shopee.vn/search?shop=147693060,"Thiệp Handmade, Thiệp Giấy Xoắn (Quilling Cards) - Thiệp Sinh Nhật, Tình Yêu, Chúc Mừng - BIRD 15x15cm",78.000 ₫,"Đặc sản chất lượng - Thiệp Handmade, Thiệp Giấy Xoắn (Quilling Cards) - Thiệp Sinh Nhật, Tình Yêu, Chúc Mừng - BIRD 15x15cm",https://down-vn.img.susercontent.com/file/vn-11134207-7r98o-lr49zotoe5qx33,https://shopee.vn/Thiệp-Handmade-Thiệp-Giấy-Xoắn-(Quilling-Cards)-Thiệp-Sinh-Nhật-Tình-Yêu-Chúc-Mừng-BIRD-15x15cm-i.147693060.21761140111?extraParams=%7B%22display_model_id%22%3A175046105153%2C%22model_selection_logic%22%3A3%7D
146,HẢI ÂU SAIGON,Thành phố Hồ Chí Minh,https://shopee.vn/search?shop=147693060,"Thiệp Handmade, Thiệp Giấy Xoắn (Quilling Cards) - Thiệp Sinh Nhật, Tình Yêu, Chúc Mừng - FLOW 15x15cm",78.000 ₫,"Đặc sản chất lượng - Thiệp Handmade, Thiệp Giấy Xoắn (Quilling Cards) - Thiệp Sinh Nhật, Tình Yêu, Chúc Mừng - FLOW 15x15cm",https://down-vn.img.susercontent.com/file/vn-11134207-7r98o-ls12ezpal31599,https://shopee.vn/Thiệp-Handmade-Thiệp-Giấy-Xoắn-(Quilling-Cards)-Thiệp-Sinh-Nhật-Tình-Yêu-Chúc-Mừng-FLOW-15x15cm-i.147693060.21161122577?extraParams=%7B%22display_model_id%22%3A226066470811%2C%22model_selection_logic%22%3A3%7D
147,HẢI ÂU SAIGON,Thành phố Hồ Chí Minh,https://shopee.vn/search?shop=147693060,"Thiệp Handmade, Thiệp Giấy Xoắn (Quilling Cards) - Thiệp Sinh Nhật, Tình Yêu, Chúc Mừng - FLOW 15x15cm",78.000 ₫,"Đặc sản chất lượng - Thiệp Handmade, Thiệp Giấy Xoắn (Quilling Cards) - Thiệp Sinh Nhật, Tình Yêu, Chúc Mừng - FLOW 15x15cm",https://down-vn.img.susercontent.com/file/vn-11134207-7r98o-ls140a2c7sm116,https://shopee.vn/Thiệp-Handmade-Thiệp-Giấy-Xoắn-(Quilling-Cards)-Thiệp-Sinh-Nhật-Tình-Yêu-Chúc-Mừng-FLOW-15x15cm-i.147693060.20861142321?extraParams=%7B%22display_model_id%22%3A146215538217%2C%22model_selection_logic%22%3A3%7D
148,HẢI ÂU SAIGON,Thành phố Hồ Chí Minh,https://shopee.vn/search?shop=147693060,"Thiệp Handmade, Thiệp Giấy Xoắn (Quilling Cards) - Thiệp Sinh Nhật, Tình Yêu, Chúc Mừng - SEA 15x15cm",78.000 ₫,"Đặc sản chất lượng - Thiệp Handmade, Thiệp Giấy Xoắn (Quilling Cards) - Thiệp Sinh Nhật, Tình Yêu, Chúc Mừng - SEA 15x15cm",https://down-vn.img.susercontent.com/file/vn-11134207-7r98o-lr2xt3epgog41c,https://shopee.vn/Thiệp-Handmade-Thiệp-Giấy-Xoắn-(Quilling-Cards)-Thiệp-Sinh-Nhật-Tình-Yêu-Chúc-Mừng-SEA-15x15cm-i.147693060.20861133408?extraParams=%7B%22display_model_id%22%3A217013281577%2C%22model_selection_logic%22%3A3%7D
149,HẢI ÂU SAIGON,Thành phố Hồ Chí Minh,https://shopee.vn/search?shop=147693060,"Thiệp Handmade, Thiệp Giấy Xoắn (Quilling Cards) - Thiệp Sinh Nhật, Tình Yêu, Chúc Mừng - ANIMAL 15x15cm",78.000 ₫,"Đặc sản chất lượng - Thiệp Handmade, Thiệp Giấy Xoắn (Quilling Cards) - Thiệp Sinh Nhật, Tình Yêu, Chúc Mừng - ANIMAL 15x15cm",https://down-vn.img.susercontent.com/file/vn-11134207-7r98o-lrzki31rdm84f6,https://shopee.vn/Thiệp-Handmade-Thiệp-Giấy-Xoắn-(Quilling-Cards)-Thiệp-Sinh-Nhật-Tình-Yêu-Chúc-Mừng-ANIMAL-15x15cm-i.147693060.20061139388?extraParams=%7B%22display_model_id%22%3A213124041619%2C%22model_selection_logic%22%3A3%7D
150,HẢI ÂU SAIGON,Thành phố Hồ Chí Minh,https://shopee.vn/search?shop=147693060,"Thiệp Handmade, Thiệp Giấy Xoắn (Quilling Cards) - Thiệp Sinh Nhật, Tình Yêu, Chúc Mừng - ANIMAL 15x15cm",78.000 ₫,"Đặc sản chất lượng - Thiệp Handmade, Thiệp Giấy Xoắn (Quilling Cards) - Thiệp Sinh Nhật, Tình Yêu, Chúc Mừng - ANIMAL 15x15cm",https://down-vn.img.susercontent.com/file/vn-11134207-7r98o-lrzjoxgw3lp590,https://shopee.vn/Thiệp-Handmade-Thiệp-Giấy-Xoắn-(Quilling-Cards)-Thiệp-Sinh-Nhật-Tình-Yêu-Chúc-Mừng-ANIMAL-15x15cm-i.147693060.19961123627?extraParams=%7B%22display_model_id%22%3A193123141775%2C%22model_selection_logic%22%3A3%7D
151,Xưởng mây tre Hà Nội,Thành phố Hà Nội,https://shopee.vn/search?shop=445407593,( Giá rẻ nhất) Quạt vải Huế lụa cầm tay loại 28cm [ Hàng loại 1 chống mọt ] vẽ phong cảnh quà tặng lưu niệm đặc sắc,25.000 ₫,Đặc sản chất lượng - ( Giá rẻ nhất) Quạt vải Huế lụa cầm tay loại 28cm [ Hàng loại 1 chống mọt ] vẽ phong cảnh quà tặng lưu niệm đặc sắc,https://down-vn.img.susercontent.com/file/vn-11134207-7ras8-m0o5j52478bxa6,https://shopee.vn/(-Giá-rẻ-nhất)-Quạt-vải-Huế-lụa-cầm-tay-loại-28cm-Hàng-loại-1-chống-mọt-vẽ-phong-cảnh-quà-tặng-lưu-niệm-đặc-sắc-i.445407593.23075448639?extraParams=%7B%22display_model_id%22%3A221866267377%2C%22model_selection_logic%22%3A3%7D
152,Xưởng mây tre Hà Nội,Thành phố Hà Nội,https://shopee.vn/search?shop=445407593,(Giá rẻ nhất) Lót ly sứ đan viền mây thủ công Nhiều Hoạ Tiết đường kinh 10cm Loại Đẹp - Quà tặng lưu niệm bạn bè quóc tế,15.000 ₫,Đặc sản chất lượng - (Giá rẻ nhất) Lót ly sứ đan viền mây thủ công Nhiều Hoạ Tiết đường kinh 10cm Loại Đẹp - Quà tặng lưu niệm bạn bè quóc tế,https://down-vn.img.susercontent.com/file/vn-11134207-7ras8-m0psi5w1uzu556,https://shopee.vn/(Giá-rẻ-nhất)-Lót-ly-sứ-đan-viền-mây-thủ-công-Nhiều-Hoạ-Tiết-đường-kinh-10cm-Loại-Đẹp-Quà-tặng-lưu-niệm-bạn-bè-quóc-tế-i.445407593.20477535096?extraParams=%7B%22display_model_id%22%3A204784010146%2C%22model_selection_logic%22%3A3%7D
153,Xưởng mây tre Hà Nội,Thành phố Hà Nội,https://shopee.vn/search?shop=445407593,Nón lá mini trang trí (đường kính 7.5cm/9.5cm/12cm/14.5cm/17.5cm),10.000 ₫,Đặc sản chất lượng - Nón lá mini trang trí (đường kính 7.5cm/9.5cm/12cm/14.5cm/17.5cm),https://down-vn.img.susercontent.com/file/vn-11134207-7ras8-m0pook5l1wgf64,https://shopee.vn/Nón-lá-mini-trang-trí-(đường-kính-7.5cm-9.5cm-12cm-14.5cm-17.5cm)-i.445407593.20280299917?extraParams=%7B%22display_model_id%22%3A148226059038%2C%22model_selection_logic%22%3A3%7D
154,Xưởng mây tre Hà Nội,Thành phố Hà Nội,https://shopee.vn/search?shop=445407593,"Nón lá cho bé, nón lá người lớn cỡ nhỡ, nón lá múa hát cho trẻ em, nón trang trí cỡ nhỡ",70.000 ₫,"Đặc sản chất lượng - Nón lá cho bé, nón lá người lớn cỡ nhỡ, nón lá múa hát cho trẻ em, nón trang trí cỡ nhỡ",https://down-vn.img.susercontent.com/file/vn-11134207-7ras8-m0s5qlsvawsva0,https://shopee.vn/Nón-lá-cho-bé-nón-lá-người-lớn-cỡ-nhỡ-nón-lá-múa-hát-cho-trẻ-em-nón-trang-trí-cỡ-nhỡ-i.445407593.14212639993?extraParams=%7B%22display_model_id%22%3A256694294039%2C%22model_selection_logic%22%3A3%7D
155,Xưởng mây tre Hà Nội,Thành phố Hà Nội,https://shopee.vn/search?shop=445407593,"(Xưởng sx) Ghế mây sò cà phê giá rẻ phù hợp ban công, homestay, quán cafe, decor trang trí kích thước nhỏ gọn chắc chắn",120.000 ₫,"Đặc sản chất lượng - (Xưởng sx) Ghế mây sò cà phê giá rẻ phù hợp ban công, homestay, quán cafe, decor trang trí kích thước nhỏ gọn chắc chắn",https://down-vn.img.susercontent.com/file/vn-11134207-7ras8-m0mqn2majbal15,https://shopee.vn/(Xưởng-sx)-Ghế-mây-sò-cà-phê-giá-rẻ-phù-hợp-ban-công-homestay-quán-cafe-decor-trang-trí-kích-thước-nhỏ-gọn-chắc-chắn-i.445407593.10558532324?extraParams=%7B%22display_model_id%22%3A156633330062%2C%22model_selection_logic%22%3A3%7D
156,Xưởng mây tre Hà Nội,Thành phố Hà Nội,https://shopee.vn/search?shop=445407593,"(Giá rẻ nhất) Bàn gỗ me tây nguyên tấm, Bàn Cafe vỉa hè",480.000 ₫,"Đặc sản chất lượng - (Giá rẻ nhất) Bàn gỗ me tây nguyên tấm, Bàn Cafe vỉa hè",https://down-vn.img.susercontent.com/file/vn-11134207-7ras8-m0r5eyq1z94d62,https://shopee.vn/(Giá-rẻ-nhất)-Bàn-gỗ-me-tây-nguyên-tấm-Bàn-Cafe-vỉa-hè-i.445407593.11259402947?extraParams=%7B%22display_model_id%22%3A47555021251%2C%22model_selection_logic%22%3A3%7D
157,Xưởng mây tre Hà Nội,Thành phố Hà Nội,https://shopee.vn/search?shop=445407593,(Xưởng sx) Nón lá làng chuông loại đẹp tặng kèm quai nón,210.000 ₫,Đặc sản chất lượng - (Xưởng sx) Nón lá làng chuông loại đẹp tặng kèm quai nón,https://down-vn.img.susercontent.com/file/vn-11134207-7ras8-m0qzdsywbdzj48,https://shopee.vn/(Xưởng-sx)-Nón-lá-làng-chuông-loại-đẹp-tặng-kèm-quai-nón-i.445407593.22347935065?extraParams=%7B%22display_model_id%22%3A214423355919%2C%22model_selection_logic%22%3A3%7D
158,Xưởng mây tre Hà Nội,Thành phố Hà Nội,https://shopee.vn/search?shop=445407593,"(Giá rẻ nhất) Trang trí, tranh mẹt Đông Hồ tranh mẹt vẽ tay",110.000 ₫,"Đặc sản chất lượng - (Giá rẻ nhất) Trang trí, tranh mẹt Đông Hồ tranh mẹt vẽ tay",https://down-vn.img.susercontent.com/file/vn-11134207-7ras8-m0o6txz6iyz3af,https://shopee.vn/(Giá-rẻ-nhất)-Trang-trí-tranh-mẹt-Đông-Hồ-tranh-mẹt-vẽ-tay-i.445407593.14505001919?extraParams=%7B%22display_model_id%22%3A150230013714%2C%22model_selection_logic%22%3A3%7D
159,Xưởng mây tre Hà Nội,Thành phố Hà Nội,https://shopee.vn/search?shop=445407593,"(Hoả tốc ) Nón lá chụp ảnh áo dài, nón trang trí đường kính 40cm",250.000 ₫,"Đặc sản chất lượng - (Hoả tốc ) Nón lá chụp ảnh áo dài, nón trang trí đường kính 40cm",https://down-vn.img.susercontent.com/file/vn-11134207-7ras8-m0o53rx1nlkdfb,https://shopee.vn/(Hoả-tốc-)-Nón-lá-chụp-ảnh-áo-dài-nón-trang-trí-đường-kính-40cm-i.445407593.13626435316?extraParams=%7B%22display_model_id%22%3A131182795734%2C%22model_selection_logic%22%3A3%7D
160,Xưởng mây tre Hà Nội,Thành phố Hà Nội,https://shopee.vn/search?shop=445407593,(Giá rẻ nhất) Đèn mây tre nơm cá - Hàng xuất khẩu,50.000 ₫,Đặc sản chất lượng - (Giá rẻ nhất) Đèn mây tre nơm cá - Hàng xuất khẩu,https://down-vn.img.susercontent.com/file/vn-11134207-7ras8-m0o5pr8vn3sd2e,https://shopee.vn/(Giá-rẻ-nhất)-Đèn-mây-tre-nơm-cá-Hàng-xuất-khẩu-i.445407593.13441041480?extraParams=%7B%22display_model_id%22%3A108039292445%2C%22model_selection_logic%22%3A3%7D
161,Hồng Chính Souvenir,Tỉnh Ninh Bình,https://shopee.vn/search?shop=1480056962,Nam châm hít tủ lạnh Việt Nam chất liệu gỗ - Vietnam Wooden Magnets,19.500 ₫,Đặc sản chất lượng - Nam châm hít tủ lạnh Việt Nam chất liệu gỗ - Vietnam Wooden Magnets,https://down-vn.img.susercontent.com/file/vn-11134207-7ras8-mcli9aiar6ak61,https://shopee.vn/Nam-châm-hít-tủ-lạnh-Việt-Nam-chất-liệu-gỗ-Vietnam-Wooden-Magnets-i.1480056962.28328736993?extraParams=%7B%22display_model_id%22%3A330641377201%2C%22model_selection_logic%22%3A3%7D
162,Hồng Chính Souvenir,Tỉnh Ninh Bình,https://shopee.vn/search?shop=1480056962,Nam châm Hít tủ lạnh 3D món ăn Việt Nam hàng thủ công - Vietnam handmade magnets,35.000 ₫,Đặc sản chất lượng - Nam châm Hít tủ lạnh 3D món ăn Việt Nam hàng thủ công - Vietnam handmade magnets,https://down-vn.img.susercontent.com/file/vn-11134207-7ras8-mcu25evf28nw0e,https://shopee.vn/Nam-châm-Hít-tủ-lạnh-3D-món-ăn-Việt-Nam-hàng-thủ-công-Vietnam-handmade-magnets-i.1480056962.43860971731?extraParams=%7B%22display_model_id%22%3A282631376609%2C%22model_selection_logic%22%3A3%7D
163,Hồng Chính Souvenir,Tỉnh Ninh Bình,https://shopee.vn/search?shop=1480056962,Móc khóa lưu niệm Món ăn Việt Nam 3D nặn tay thủ công - Vietnam Handmade 3D Food Keychains,35.000 ₫,Đặc sản chất lượng - Móc khóa lưu niệm Món ăn Việt Nam 3D nặn tay thủ công - Vietnam Handmade 3D Food Keychains,https://down-vn.img.susercontent.com/file/vn-11134207-7ras8-mcyr4xbdnhwcb9,https://shopee.vn/Móc-khóa-lưu-niệm-Món-ăn-Việt-Nam-3D-nặn-tay-thủ-công-Vietnam-Handmade-3D-Food-Keychains-i.1480056962.41061376012?extraParams=%7B%22display_model_id%22%3A277631375452%2C%22model_selection_logic%22%3A3%7D
164,Hồng Chính Souvenir,Tỉnh Ninh Bình,https://shopee.vn/search?shop=1480056962,Móc khóa lưu niệm Việt Nam - Móc khóa Gỗ làm Quà tặng lưu niệm - 99 mẫu - Vietnam Wooden Keychains,13.750 ₫,Đặc sản chất lượng - Móc khóa lưu niệm Việt Nam - Móc khóa Gỗ làm Quà tặng lưu niệm - 99 mẫu - Vietnam Wooden Keychains,https://down-vn.img.susercontent.com/file/vn-11134207-7ras8-mcww6nowhpcsbe,https://shopee.vn/Móc-khóa-lưu-niệm-Việt-Nam-Móc-khóa-Gỗ-làm-Quà-tặng-lưu-niệm-99-mẫu-Vietnam-Wooden-Keychains-i.1480056962.29983474871?extraParams=%7B%22display_model_id%22%3A188426805715%2C%22model_selection_logic%22%3A3%7D
165,Hồng Chính Souvenir,Tỉnh Ninh Bình,https://shopee.vn/search?shop=1480056962,"Nam châm lưu niệm, hít tủ lạnh Nón Lá Việt Nam loại 5cm - Vietnam Non La Magnets",15.000 ₫,"Đặc sản chất lượng - Nam châm lưu niệm, hít tủ lạnh Nón Lá Việt Nam loại 5cm - Vietnam Non La Magnets",https://down-vn.img.susercontent.com/file/vn-11134207-7ras8-mcxi8rtj9kqn96,https://shopee.vn/Nam-châm-lưu-niệm-hít-tủ-lạnh-Nón-Lá-Việt-Nam-loại-5cm-Vietnam-Non-La-Magnets-i.1480056962.28380086696?extraParams=%7B%22display_model_id%22%3A159078709780%2C%22model_selection_logic%22%3A3%7D
166,Hồng Chính Souvenir,Tỉnh Ninh Bình,https://shopee.vn/search?shop=1480056962,Móc khóa lưu niệm Việt Nam - Móc khóa gỗ Địa Danh - Vietnamese Wooden Keychains,16.000 ₫,Đặc sản chất lượng - Móc khóa lưu niệm Việt Nam - Móc khóa gỗ Địa Danh - Vietnamese Wooden Keychains,https://down-vn.img.susercontent.com/file/vn-11134207-81ztc-mniprwji6q6a2d,https://shopee.vn/Móc-khóa-lưu-niệm-Việt-Nam-Móc-khóa-gỗ-Địa-Danh-Vietnamese-Wooden-Keychains-i.1480056962.47659541471?extraParams=%7B%22display_model_id%22%3A307672907669%2C%22model_selection_logic%22%3A3%7D
167,Hồng Chính Souvenir,Tỉnh Ninh Bình,https://shopee.vn/search?shop=1480056962,Móc khóa lưu niệm Nón Lá Việt Nam loại 5cm - Vietnam Non La Keychains,15.000 ₫,Đặc sản chất lượng - Móc khóa lưu niệm Nón Lá Việt Nam loại 5cm - Vietnam Non La Keychains,https://down-vn.img.susercontent.com/file/vn-11134207-7ras8-mcxgi9ylmenh4d,https://shopee.vn/Móc-khóa-lưu-niệm-Nón-Lá-Việt-Nam-loại-5cm-Vietnam-Non-La-Keychains-i.1480056962.27230090957?extraParams=%7B%22display_model_id%22%3A167045730205%2C%22model_selection_logic%22%3A3%7D
168,Hồng Chính Souvenir,Tỉnh Ninh Bình,https://shopee.vn/search?shop=1480056962,Magnet lưu niệm Việt Nam - Nam châm Hít tủ lạnh chất liệu nhựa cứng,28.000 ₫,Đặc sản chất lượng - Magnet lưu niệm Việt Nam - Nam châm Hít tủ lạnh chất liệu nhựa cứng,https://down-vn.img.susercontent.com/file/vn-11134207-820l4-mh4weahyj3t896,https://shopee.vn/Magnet-lưu-niệm-Việt-Nam-Nam-châm-Hít-tủ-lạnh-chất-liệu-nhựa-cứng-i.1480056962.45651512856?extraParams=%7B%22display_model_id%22%3A315138332732%2C%22model_selection_logic%22%3A3%7D
169,Hồng Chính Souvenir,Tỉnh Ninh Bình,https://shopee.vn/search?shop=1480056962,Sổ tay lưu niệm Việt Nam A6 chất liệu Gỗ - Vietnam Wooden A6 Notebooks,42.000 ₫,Đặc sản chất lượng - Sổ tay lưu niệm Việt Nam A6 chất liệu Gỗ - Vietnam Wooden A6 Notebooks,https://down-vn.img.susercontent.com/file/vn-11134207-7ras8-mcwys6ijjwvz90,https://shopee.vn/Sổ-tay-lưu-niệm-Việt-Nam-A6-chất-liệu-Gỗ-Vietnam-Wooden-A6-Notebooks-i.1480056962.28828619011?extraParams=%7B%22display_model_id%22%3A242808641156%2C%22model_selection_logic%22%3A3%7D
170,Hồng Chính Souvenir,Tỉnh Ninh Bình,https://shopee.vn/search?shop=1480056962,Nam châm hít tủ lạnh tượng cô gái Việt Nam có chân tự đứng - Vietnamese women magnets,31.500 ₫,Đặc sản chất lượng - Nam châm hít tủ lạnh tượng cô gái Việt Nam có chân tự đứng - Vietnamese women magnets,https://down-vn.img.susercontent.com/file/vn-11134207-820l4-me79x0s09m2v3f,https://shopee.vn/Nam-châm-hít-tủ-lạnh-tượng-cô-gái-Việt-Nam-có-chân-tự-đứng-Vietnamese-women-magnets-i.1480056962.41267334434?extraParams=%7B%22display_model_id%22%3A198686658394%2C%22model_selection_logic%22%3A3%7D
171,Sanny Souvenir,Thành phố Hồ Chí Minh,https://shopee.vn/search?shop=1456589484,Nam châm tủ lạnh địa danh Việt Nam quà tặng lưu niệm Sanny Souvenir,48.000 ₫,Đặc sản chất lượng - Nam châm tủ lạnh địa danh Việt Nam quà tặng lưu niệm Sanny Souvenir,https://down-vn.img.susercontent.com/file/vn-11134207-7ras8-m5k0r4o4ifcmc4,https://shopee.vn/Nam-châm-tủ-lạnh-địa-danh-Việt-Nam-quà-tặng-lưu-niệm-Sanny-Souvenir-i.1456589484.28324115415?extraParams=%7B%22display_model_id%22%3A252520025811%2C%22model_selection_logic%22%3A3%7D
172,Sanny Souvenir,Thành phố Hồ Chí Minh,https://shopee.vn/search?shop=1456589484,Nam châm lưu niệm Việt Nam chủ đề đồ ăn Sanny Souvenir,48.000 ₫,Đặc sản chất lượng - Nam châm lưu niệm Việt Nam chủ đề đồ ăn Sanny Souvenir,https://down-vn.img.susercontent.com/file/vn-11134207-7ras8-m5ateu5si0k7f8,https://shopee.vn/Nam-châm-lưu-niệm-Việt-Nam-chủ-đề-đồ-ăn-Sanny-Souvenir-i.1456589484.29424020762?extraParams=%7B%22display_model_id%22%3A218186897805%2C%22model_selection_logic%22%3A3%7D
173,Sanny Souvenir,Thành phố Hồ Chí Minh,https://shopee.vn/search?shop=1456589484,Nam châm tủ lạnh nón lá Việt Nam 5cm (01 cái),25.000 ₫,Đặc sản chất lượng - Nam châm tủ lạnh nón lá Việt Nam 5cm (01 cái),https://down-vn.img.susercontent.com/file/vn-11134207-7ra0g-m9fcy2kh9pqa3f,https://shopee.vn/Nam-châm-tủ-lạnh-nón-lá-Việt-Nam-5cm-(01-cái)-i.1456589484.27873984011?extraParams=%7B%22display_model_id%22%3A186069637127%2C%22model_selection_logic%22%3A3%7D
174,Sanny Souvenir,Thành phố Hồ Chí Minh,https://shopee.vn/search?shop=1456589484,Móc khóa gỗ quà tặng lưu niệm Việt Nam Sanny Souvenir,25.000 ₫,Đặc sản chất lượng - Móc khóa gỗ quà tặng lưu niệm Việt Nam Sanny Souvenir,https://down-vn.img.susercontent.com/file/vn-11134207-7ras8-m5av9be4anvbe3,https://shopee.vn/Móc-khóa-gỗ-quà-tặng-lưu-niệm-Việt-Nam-Sanny-Souvenir-i.1456589484.28224132034?extraParams=%7B%22display_model_id%22%3A89125131613%2C%22model_selection_logic%22%3A3%7D
175,Sanny Souvenir,Thành phố Hồ Chí Minh,https://shopee.vn/search?shop=1456589484,Nam châm tủ lạnh phụ kiện trang trí bếp Sanny Souvenir,10.916 ₫,Đặc sản chất lượng - Nam châm tủ lạnh phụ kiện trang trí bếp Sanny Souvenir,https://down-vn.img.susercontent.com/file/vn-11134207-7ras8-m5h25kz8s65y83,https://shopee.vn/Nam-châm-tủ-lạnh-phụ-kiện-trang-trí-bếp-Sanny-Souvenir-i.1456589484.28374116586?extraParams=%7B%22display_model_id%22%3A109383162973%2C%22model_selection_logic%22%3A3%7D
176,Sanny Souvenir,Thành phố Hồ Chí Minh,https://shopee.vn/search?shop=1456589484,Magnet lưu niệm Việt Nam địa danh và món ăn Sanny Souvenir,65.000 ₫,Đặc sản chất lượng - Magnet lưu niệm Việt Nam địa danh và món ăn Sanny Souvenir,https://down-vn.img.susercontent.com/file/vn-11134207-7ras8-m5823cdbef6f50,https://shopee.vn/Magnet-lưu-niệm-Việt-Nam-địa-danh-và-món-ăn-Sanny-Souvenir-i.1456589484.26523973554?extraParams=%7B%22display_model_id%22%3A185735138846%2C%22model_selection_logic%22%3A3%7D
177,Sanny Souvenir,Thành phố Hồ Chí Minh,https://shopee.vn/search?shop=1456589484,Thẻ treo hành lý quà tặng lưu niệm Việt Nam chất liệu PVC,75.000 ₫,Đặc sản chất lượng - Thẻ treo hành lý quà tặng lưu niệm Việt Nam chất liệu PVC,https://down-vn.img.susercontent.com/file/vn-11134207-7ras8-mb10x91qzg0n81,https://shopee.vn/Thẻ-treo-hành-lý-quà-tặng-lưu-niệm-Việt-Nam-chất-liệu-PVC-i.1456589484.29124251262?extraParams=%7B%22display_model_id%22%3A237306116842%2C%22model_selection_logic%22%3A3%7D
178,Sanny Souvenir,Thành phố Hồ Chí Minh,https://shopee.vn/search?shop=1456589484,"Bao giữ nhiệt bia, lon nước Stubby Holder quà tặng lưu niệm Việt Nam",55.000 ₫,"Đặc sản chất lượng - Bao giữ nhiệt bia, lon nước Stubby Holder quà tặng lưu niệm Việt Nam",https://down-vn.img.susercontent.com/file/vn-11134207-7ras8-m5bot9dhzf083d,https://shopee.vn/Bao-giữ-nhiệt-bia-lon-nước-Stubby-Holder-quà-tặng-lưu-niệm-Việt-Nam-i.1456589484.26874225660?extraParams=%7B%22display_model_id%22%3A99094483233%2C%22model_selection_logic%22%3A3%7D
179,Sanny Souvenir,Thành phố Hồ Chí Minh,https://shopee.vn/search?shop=1456589484,Nam châm tủ lạnh chủ đề con người Việt Nam Saigonir,48.000 ₫,Đặc sản chất lượng - Nam châm tủ lạnh chủ đề con người Việt Nam Saigonir,https://down-vn.img.susercontent.com/file/vn-11134207-7ras8-m5dnprrdj3vb9c,https://shopee.vn/Nam-châm-tủ-lạnh-chủ-đề-con-người-Việt-Nam-Saigonir-i.1456589484.24590841121?extraParams=%7B%22display_model_id%22%3A168685564715%2C%22model_selection_logic%22%3A3%7D
180,Sanny Souvenir,Thành phố Hồ Chí Minh,https://shopee.vn/search?shop=1456589484,Postcard giấy quà tặng lưu niệm Việt Nam,18.000 ₫,Đặc sản chất lượng - Postcard giấy quà tặng lưu niệm Việt Nam,https://down-vn.img.susercontent.com/file/vn-11134207-7ras8-m589tqqevvur4b,https://shopee.vn/Postcard-giấy-quà-tặng-lưu-niệm-Việt-Nam-i.1456589484.28374006016?extraParams=%7B%22display_model_id%22%3A148987517897%2C%22model_selection_logic%22%3A3%7D
181,Mai anh store 190,Thành phố Hà Nội,https://shopee.vn/search?shop=459198893,Đón gót chân bằng gỗ Hương cao cấp,65.000 ₫,Đặc sản chất lượng - Đón gót chân bằng gỗ Hương cao cấp,https://down-vn.img.susercontent.com/file/57e3c6d5dc6d496efa39923d7f3790ec,https://shopee.vn/Đón-gót-chân-bằng-gỗ-Hương-cao-cấp-i.459198893.13224971835?extraParams=%7B%22display_model_id%22%3A121126245290%2C%22model_selection_logic%22%3A3%7D
182,Mai anh store 190,Thành phố Hà Nội,https://shopee.vn/search?shop=459198893,"xích lô có bánh chạy êm, mô hình xe xích lô cổ",225.000 ₫,"Đặc sản chất lượng - xích lô có bánh chạy êm, mô hình xe xích lô cổ",https://down-vn.img.susercontent.com/file/bc6839e98503d46928e158ed93da2629,https://shopee.vn/xích-lô-có-bánh-chạy-êm-mô-hình-xe-xích-lô-cổ-i.459198893.8363591401?extraParams=%7B%22display_model_id%22%3A252285433596%2C%22model_selection_logic%22%3A3%7D
183,Mai anh store 190,Thành phố Hà Nội,https://shopee.vn/search?shop=459198893,Vòng sừng 6 ly tránh gió mang lại may mắn,65.000 ₫,Đặc sản chất lượng - Vòng sừng 6 ly tránh gió mang lại may mắn,https://down-vn.img.susercontent.com/file/fc142b199549d8b817344fb3f5a48e49,https://shopee.vn/Vòng-sừng-6-ly-tránh-gió-mang-lại-may-mắn-i.459198893.12824274147?extraParams=%7B%22display_model_id%22%3A77480260339%2C%22model_selection_logic%22%3A3%7D
184,Mai anh store 190,Thành phố Hà Nội,https://shopee.vn/search?shop=459198893,"Cây gãi, đấm lưng đa năng",55.000 ₫,"Đặc sản chất lượng - Cây gãi, đấm lưng đa năng",https://down-vn.img.susercontent.com/file/79ee2e5d7fe23b7b2d79fc8381410695,https://shopee.vn/Cây-gãi-đấm-lưng-đa-năng-i.459198893.12624850722?extraParams=%7B%22display_model_id%22%3A131119900867%2C%22model_selection_logic%22%3A3%7D
185,Mai anh store 190,Thành phố Hà Nội,https://shopee.vn/search?shop=459198893,"Lược Sừng Chuôi khía Cao cấp, masage da đầu",58.000 ₫,"Đặc sản chất lượng - Lược Sừng Chuôi khía Cao cấp, masage da đầu",https://down-vn.img.susercontent.com/file/5b5080415eade9e51da8c23506229481,https://shopee.vn/Lược-Sừng-Chuôi-khía-Cao-cấp-masage-da-đầu-i.459198893.12535376222?extraParams=%7B%22display_model_id%22%3A47620080246%2C%22model_selection_logic%22%3A3%7D
186,Mai anh store 190,Thành phố Hà Nội,https://shopee.vn/search?shop=459198893,Lược Sừng chuôi phượng hoàng cao Cấp,43.000 ₫,Đặc sản chất lượng - Lược Sừng chuôi phượng hoàng cao Cấp,https://down-vn.img.susercontent.com/file/vn-11134207-7ras8-m3giqojph0dd77,https://shopee.vn/Lược-Sừng-chuôi-phượng-hoàng-cao-Cấp-i.459198893.12435381183?extraParams=%7B%22display_model_id%22%3A113356938418%2C%22model_selection_logic%22%3A3%7D
187,Mai anh store 190,Thành phố Hà Nội,https://shopee.vn/search?shop=459198893,10 đôi đũa dừa già không hoá chất,27.000 ₫,Đặc sản chất lượng - 10 đôi đũa dừa già không hoá chất,https://down-vn.img.susercontent.com/file/6c54e141f57911e47961bd58e80beb9a,https://shopee.vn/10-đôi-đũa-dừa-già-không-hoá-chất-i.459198893.12334976162?extraParams=%7B%22display_model_id%22%3A103342343498%2C%22model_selection_logic%22%3A3%7D
188,Mai anh store 190,Thành phố Hà Nội,https://shopee.vn/search?shop=459198893,Chóp Sừng Bò Châu phi bấm huyệt,68.000 ₫,Đặc sản chất lượng - Chóp Sừng Bò Châu phi bấm huyệt,https://down-vn.img.susercontent.com/file/0723db9ae15dde796c70065bfda7d627,https://shopee.vn/Chóp-Sừng-Bò-Châu-phi-bấm-huyệt-i.459198893.12334931555?extraParams=%7B%22display_model_id%22%3A131567360062%2C%22model_selection_logic%22%3A3%7D
189,Mai anh store 190,Thành phố Hà Nội,https://shopee.vn/search?shop=459198893,Cạo gió Sừng dày 9mm- đánh bay vết nhăn trên da mặt,75.000 ₫,Đặc sản chất lượng - Cạo gió Sừng dày 9mm- đánh bay vết nhăn trên da mặt,https://down-vn.img.susercontent.com/file/52a42d62779ec45fe500aa0870624daa,https://shopee.vn/Cạo-gió-Sừng-dày-9mm-đánh-bay-vết-nhăn-trên-da-mặt-i.459198893.12035379294?extraParams=%7B%22display_model_id%22%3A85489560658%2C%22model_selection_logic%22%3A3%7D
190,Mai anh store 190,Thành phố Hà Nội,https://shopee.vn/search?shop=459198893,"vòng tay sừng trâu 16ly cho nữ, vòng tay sừng trâu kị gió, thu tài lộc",110.000 ₫,"Đặc sản chất lượng - vòng tay sừng trâu 16ly cho nữ, vòng tay sừng trâu kị gió, thu tài lộc",https://down-vn.img.susercontent.com/file/f3ed3476d2588e1f94a398a97ab389fc,https://shopee.vn/vòng-tay-sừng-trâu-16ly-cho-nữ-vòng-tay-sừng-trâu-kị-gió-thu-tài-lộc-i.459198893.10909359484?extraParams=%7B%22display_model_id%22%3A110511710891%2C%22model_selection_logic%22%3A3%7D
191,quatangeco,Thành phố Hà Nội,https://shopee.vn/search?shop=1585073557,"Bút bi tre khắc tên kèm hộp – Quà tặng doanh nghiệp, thầy cô, sự kiện",15.000 ₫,"Đặc sản chất lượng - Bút bi tre khắc tên kèm hộp – Quà tặng doanh nghiệp, thầy cô, sự kiện",https://down-vn.img.susercontent.com/file/vn-11134207-7ras8-mc31ponpxf8y5c,https://shopee.vn/Bút-bi-tre-khắc-tên-kèm-hộp-–-Quà-tặng-doanh-nghiệp-thầy-cô-sự-kiện-i.1585073557.44159082245?extraParams=%7B%22display_model_id%22%3A253640442746%2C%22model_selection_logic%22%3A3%7D
192,quatangeco,Thành phố Hà Nội,https://shopee.vn/search?shop=1585073557,Bút Tre/Gỗ Khắc Tên - Quà Tặng Học Viên Độc Đáo,21.000 ₫,Đặc sản chất lượng - Bút Tre/Gỗ Khắc Tên - Quà Tặng Học Viên Độc Đáo,https://down-vn.img.susercontent.com/file/vn-11134207-7ras8-mcblyfpuj9er97,https://shopee.vn/Bút-Tre-Gỗ-Khắc-Tên-Quà-Tặng-Học-Viên-Độc-Đáo-i.1585073557.26238788602?extraParams=%7B%22display_model_id%22%3A128373305208%2C%22model_selection_logic%22%3A3%7D
193,quatangeco,Thành phố Hà Nội,https://shopee.vn/search?shop=1585073557,"Quà Tặng Học Sinh - Hộp Bút Gỗ 3D Khắc Tên, lời chúc 🎁🎓",15.000 ₫,"Đặc sản chất lượng - Quà Tặng Học Sinh - Hộp Bút Gỗ 3D Khắc Tên, lời chúc 🎁🎓",https://down-vn.img.susercontent.com/file/vn-11134207-7ras8-mcd2ox31eldo5d,https://shopee.vn/Quà-Tặng-Học-Sinh-Hộp-Bút-Gỗ-3D-Khắc-Tên-lời-chúc-🎁🎓-i.1585073557.41609085699?extraParams=%7B%22display_model_id%22%3A270759837744%2C%22model_selection_logic%22%3A3%7D
194,quatangeco,Thành phố Hà Nội,https://shopee.vn/search?shop=1585073557,"Bình giữ nhiệt Tre khắc logo, tên, lời chúc - Quà tặng độc đáo - lan tỏa giá trị xanh",215.000 ₫,"Đặc sản chất lượng - Bình giữ nhiệt Tre khắc logo, tên, lời chúc - Quà tặng độc đáo - lan tỏa giá trị xanh",https://down-vn.img.susercontent.com/file/vn-11134207-7ras8-mc7kybvcd9lh30,https://shopee.vn/Bình-giữ-nhiệt-Tre-khắc-logo-tên-lời-chúc-Quà-tặng-độc-đáo-lan-tỏa-giá-trị-xanh-i.1585073557.42958564245?extraParams=%7B%22display_model_id%22%3A285721736161%2C%22model_selection_logic%22%3A3%7D
195,quatangeco,Thành phố Hà Nội,https://shopee.vn/search?shop=1585073557,Cốc Tre Khắc Slogan – Khắc Tên Theo Yêu Cầu | Quà Tặng Độc Đáo – Truyền tải thông điệp tích cực!,19.000 ₫,Đặc sản chất lượng - Cốc Tre Khắc Slogan – Khắc Tên Theo Yêu Cầu | Quà Tặng Độc Đáo – Truyền tải thông điệp tích cực!,https://down-vn.img.susercontent.com/file/vn-11134207-7ras8-mcbkfwvoy4scda,https://shopee.vn/Cốc-Tre-Khắc-Slogan-–-Khắc-Tên-Theo-Yêu-Cầu-Quà-Tặng-Độc-Đáo-–-Truyền-tải-thông-điệp-tích-cực!-i.1585073557.29788800677?extraParams=%7B%22display_model_id%22%3A280749259974%2C%22model_selection_logic%22%3A3%7D
196,quatangeco,Thành phố Hà Nội,https://shopee.vn/search?shop=1585073557,"Móc khóa gỗ khắc Logo, Tên, Icon theo yêu cầu - Quà tặng ý nghĩa!",21.000 ₫,"Đặc sản chất lượng - Móc khóa gỗ khắc Logo, Tên, Icon theo yêu cầu - Quà tặng ý nghĩa!",https://down-vn.img.susercontent.com/file/vn-11134207-7ras8-mc7msu2wowh620,https://shopee.vn/Móc-khóa-gỗ-khắc-Logo-Tên-Icon-theo-yêu-cầu-Quà-tặng-ý-nghĩa!-i.1585073557.42508644204?extraParams=%7B%22display_model_id%22%3A275728539678%2C%22model_selection_logic%22%3A3%7D
197,quatangeco,Thành phố Hà Nội,https://shopee.vn/search?shop=1585073557,"Quà Tặng Tri Ân - Thuyền tre khắc ""Tôn sư trọng đạo"" ( tặng kèm bút bi tre)",255.000 ₫,"Đặc sản chất lượng - Quà Tặng Tri Ân - Thuyền tre khắc ""Tôn sư trọng đạo"" ( tặng kèm bút bi tre)",https://down-vn.img.susercontent.com/file/vn-11134207-7ras8-mcbikcsnywjp64,https://shopee.vn/Quà-Tặng-Tri-Ân-Thuyền-tre-khắc-Tôn-sư-trọng-đạo-(-tặng-kèm-bút-bi-tre)-i.1585073557.27988800551?extraParams=%7B%22display_model_id%22%3A275749141185%2C%22model_selection_logic%22%3A3%7D
198,quatangeco,Thành phố Hà Nội,https://shopee.vn/search?shop=1585073557,"Cốc Tre Tự Nhiên Khắc Logo Theo Yêu Cầu – Quà Tặng Thân Thiện Môi Trường Cho Quán Cà Phê, Nhà Hàng, Khách Sạn",65.000 ₫,"Đặc sản chất lượng - Cốc Tre Tự Nhiên Khắc Logo Theo Yêu Cầu – Quà Tặng Thân Thiện Môi Trường Cho Quán Cà Phê, Nhà Hàng, Khách Sạn",https://down-vn.img.susercontent.com/file/vn-11134207-7ras8-mc917x412szpb7,https://shopee.vn/Cốc-Tre-Tự-Nhiên-Khắc-Logo-Theo-Yêu-Cầu-–-Quà-Tặng-Thân-Thiện-Môi-Trường-Cho-Quán-Cà-Phê-Nhà-Hàng-Khách-Sạn-i.1585073557.44210398172?extraParams=%7B%22display_model_id%22%3A265874761312%2C%22model_selection_logic%22%3A3%7D
199,quatangeco,Thành phố Hà Nội,https://shopee.vn/search?shop=1585073557,"Thuyền Tre Decor Khắc ""Thuận Buồm Xuôi Gió"" – Quà Tặng Ý Nghĩa, Sang Trọng",250.000 ₫,"Đặc sản chất lượng - Thuyền Tre Decor Khắc ""Thuận Buồm Xuôi Gió"" – Quà Tặng Ý Nghĩa, Sang Trọng",https://down-vn.img.susercontent.com/file/vn-11134207-7ras8-mcbic972ro3gcb,https://shopee.vn/Thuyền-Tre-Decor-Khắc-Thuận-Buồm-Xuôi-Gió-–-Quà-Tặng-Ý-Nghĩa-Sang-Trọng-i.1585073557.42308909859?extraParams=%7B%22display_model_id%22%3A248636694898%2C%22model_selection_logic%22%3A3%7D
200,quatangeco,Thành phố Hà Nội,https://shopee.vn/search?shop=1585073557,Quà tặng 20-11 – Hộp Bút Gỗ Khắc Tên – Món Quà Tri Ân Thầy Cô Gửi Ngàn Lời Biết Ơn,75.000 ₫,Đặc sản chất lượng - Quà tặng 20-11 – Hộp Bút Gỗ Khắc Tên – Món Quà Tri Ân Thầy Cô Gửi Ngàn Lời Biết Ơn,https://down-vn.img.susercontent.com/file/vn-11134207-7ras8-mca2rmft498cdc,https://shopee.vn/Quà-tặng-20-11-–-Hộp-Bút-Gỗ-Khắc-Tên-–-Món-Quà-Tri-Ân-Thầy-Cô-Gửi-Ngàn-Lời-Biết-Ơn-i.1585073557.28288756343?extraParams=%7B%22display_model_id%22%3A258633303258%2C%22model_selection_logic%22%3A3%7D
201,Mây Tre Đạo Cụ Decor,Thành phố Đà Nẵng,https://shopee.vn/search?shop=48399387,01 Đôi Hoa Tai Được làm Thủ Công Bằng Chất Liệu Gỗ xà Cừ Nhiều Hình Dáng Và Màu Sắc Xinh Xắn,45.900 ₫,Đặc sản chất lượng - 01 Đôi Hoa Tai Được làm Thủ Công Bằng Chất Liệu Gỗ xà Cừ Nhiều Hình Dáng Và Màu Sắc Xinh Xắn,https://down-vn.img.susercontent.com/file/e3ad8ae7597f80358e409c9d03479223,https://shopee.vn/01-Đôi-Hoa-Tai-Được-làm-Thủ-Công-Bằng-Chất-Liệu-Gỗ-xà-Cừ-Nhiều-Hình-Dáng-Và-Màu-Sắc-Xinh-Xắn-i.48399387.9654395938?extraParams=%7B%22display_model_id%22%3A55400928439%2C%22model_selection_logic%22%3A3%7D
202,Mây Tre Đạo Cụ Decor,Thành phố Đà Nẵng,https://shopee.vn/search?shop=48399387,"(Có Ảnh/ Video Thật) Khay Mây Tre  Decor Các Tầng (1 Tầng, 2 Tầng, 3 Tầng) Hàng Đẹp, Có Thể Tháo Rời",45.500 ₫,"Đặc sản chất lượng - (Có Ảnh/ Video Thật) Khay Mây Tre  Decor Các Tầng (1 Tầng, 2 Tầng, 3 Tầng) Hàng Đẹp, Có Thể Tháo Rời",https://down-vn.img.susercontent.com/file/077f0ac98c9d7816556effc3e67dd9be,https://shopee.vn/(Có-Ảnh-Video-Thật)-Khay-Mây-Tre-Decor-Các-Tầng-(1-Tầng-2-Tầng-3-Tầng)-Hàng-Đẹp-Có-Thể-Tháo-Rời-i.48399387.5178466300?extraParams=%7B%22display_model_id%22%3A235597557435%2C%22model_selection_logic%22%3A3%7D
203,Mây Tre Đạo Cụ Decor,Thành phố Đà Nẵng,https://shopee.vn/search?shop=48399387,1kg Lá Bàng Non Tươi Tại Đà Nẵng,50.000 ₫,Đặc sản chất lượng - 1kg Lá Bàng Non Tươi Tại Đà Nẵng,https://down-vn.img.susercontent.com/file/vn-11134211-7ra0g-m6m0n7itv0brbc,https://shopee.vn/1kg-Lá-Bàng-Non-Tươi-Tại-Đà-Nẵng-i.48399387.13133576319?extraParams=%7B%22display_model_id%22%3A121507216400%2C%22model_selection_logic%22%3A3%7D
204,Mây Tre Đạo Cụ Decor,Thành phố Đà Nẵng,https://shopee.vn/search?shop=48399387,[Rẻ Vô Địch] KẸP TÓC HOA ĐẠI - KẸP TÓC HOA SỨ - KẸP TÓC HOTTREND - KẸP TÓC THỜI TRANG,35.000 ₫,Đặc sản chất lượng - [Rẻ Vô Địch] KẸP TÓC HOA ĐẠI - KẸP TÓC HOA SỨ - KẸP TÓC HOTTREND - KẸP TÓC THỜI TRANG,https://down-vn.img.susercontent.com/file/vn-11134211-7ra0g-m6m2psgms1b5bb,https://shopee.vn/-Rẻ-Vô-Địch-KẸP-TÓC-HOA-ĐẠI-KẸP-TÓC-HOA-SỨ-KẸP-TÓC-HOTTREND-KẸP-TÓC-THỜI-TRANG-i.48399387.9151017016?extraParams=%7B%22display_model_id%22%3A59748015748%2C%22model_selection_logic%22%3A3%7D
205,Mây Tre Đạo Cụ Decor,Thành phố Đà Nẵng,https://shopee.vn/search?shop=48399387,"Khẩu Trang Vải Hình Mèo Và Cừu Nhiều Màu Dùng Chống Nắng, Kháng Bụi",19.000 ₫,"Đặc sản chất lượng - Khẩu Trang Vải Hình Mèo Và Cừu Nhiều Màu Dùng Chống Nắng, Kháng Bụi",https://down-vn.img.susercontent.com/file/vn-11134211-7ra0g-m6m2kljuq72w25,https://shopee.vn/Khẩu-Trang-Vải-Hình-Mèo-Và-Cừu-Nhiều-Màu-Dùng-Chống-Nắng-Kháng-Bụi-i.48399387.17120623139?extraParams=%7B%22display_model_id%22%3A142972058011%2C%22model_selection_logic%22%3A3%7D
206,Mây Tre Đạo Cụ Decor,Thành phố Đà Nẵng,https://shopee.vn/search?shop=48399387,"Cam Vàng/ Chanh Thái Lát Sấy Lạnh, Quế Cây, Quả Thông Làm Phụ Kiện Trang Trí Và Làm Quà Giáng Sinh",25.500 ₫,"Đặc sản chất lượng - Cam Vàng/ Chanh Thái Lát Sấy Lạnh, Quế Cây, Quả Thông Làm Phụ Kiện Trang Trí Và Làm Quà Giáng Sinh",https://down-vn.img.susercontent.com/file/e1d85821b3e79f4705e621a3d9411c07,https://shopee.vn/Cam-Vàng-Chanh-Thái-Lát-Sấy-Lạnh-Quế-Cây-Quả-Thông-Làm-Phụ-Kiện-Trang-Trí-Và-Làm-Quà-Giáng-Sinh-i.48399387.15915834640?extraParams=%7B%22display_model_id%22%3A420026965885%2C%22model_selection_logic%22%3A3%7D
207,Mây Tre Đạo Cụ Decor,Thành phố Đà Nẵng,https://shopee.vn/search?shop=48399387,Bó 100 Bông Lúa Mạch Màu Vàng Tài Lộc - Hoa Chưng Tết - Trang Trí Decor Xinh Xắn Và Độc Đáo,129.000 ₫,Đặc sản chất lượng - Bó 100 Bông Lúa Mạch Màu Vàng Tài Lộc - Hoa Chưng Tết - Trang Trí Decor Xinh Xắn Và Độc Đáo,https://down-vn.img.susercontent.com/file/b870f484c16ddd8cf1ae1db5a105ef29,https://shopee.vn/Bó-100-Bông-Lúa-Mạch-Màu-Vàng-Tài-Lộc-Hoa-Chưng-Tết-Trang-Trí-Decor-Xinh-Xắn-Và-Độc-Đáo-i.48399387.15306681680?extraParams=%7B%22display_model_id%22%3A122586059174%2C%22model_selection_logic%22%3A3%7D
208,Mây Tre Đạo Cụ Decor,Thành phố Đà Nẵng,https://shopee.vn/search?shop=48399387,"(Có Ảnh Thật) Bộ Đồ Dùng Cho Khách Sạn: Bàn Chải, Lược, Dao Cạo Và Các Phụ Kiện Đi Kèm",39.900 ₫,"Đặc sản chất lượng - (Có Ảnh Thật) Bộ Đồ Dùng Cho Khách Sạn: Bàn Chải, Lược, Dao Cạo Và Các Phụ Kiện Đi Kèm",https://down-vn.img.susercontent.com/file/vn-11134207-7r98o-lulx1vfzlcmd09,https://shopee.vn/(Có-Ảnh-Thật)-Bộ-Đồ-Dùng-Cho-Khách-Sạn-Bàn-Chải-Lược-Dao-Cạo-Và-Các-Phụ-Kiện-Đi-Kèm-i.48399387.14779836953?extraParams=%7B%22display_model_id%22%3A255725326864%2C%22model_selection_logic%22%3A3%7D
209,Mây Tre Đạo Cụ Decor,Thành phố Đà Nẵng,https://shopee.vn/search?shop=48399387,Combo 10 Cái Cao Sao Vàng Việt Nam [GOLDEN STAR BALM] Dược TW3 3gr,99.000 ₫,Đặc sản chất lượng - Combo 10 Cái Cao Sao Vàng Việt Nam [GOLDEN STAR BALM] Dược TW3 3gr,https://down-vn.img.susercontent.com/file/vn-11134207-7ras8-m1je9ky9cq4zea,https://shopee.vn/Combo-10-Cái-Cao-Sao-Vàng-Việt-Nam-GOLDEN-STAR-BALM-Dược-TW3-3gr-i.48399387.14540818731?extraParams=%7B%22display_model_id%22%3A295396909371%2C%22model_selection_logic%22%3A3%7D
210,Mây Tre Đạo Cụ Decor,Thành phố Đà Nẵng,https://shopee.vn/search?shop=48399387,[Bộ Sưu Tập Đồ Tre Handmade] Bát Tre/ Chén Tre Kích Thước Đường Kính/ Chiều Cao D8*H12 cm và D11*H6 cm/ Chỉ Đựng Đồ Lạnh,45.900 ₫,Đặc sản chất lượng - [Bộ Sưu Tập Đồ Tre Handmade] Bát Tre/ Chén Tre Kích Thước Đường Kính/ Chiều Cao D8*H12 cm và D11*H6 cm/ Chỉ Đựng Đồ Lạnh,https://down-vn.img.susercontent.com/file/e5de28f5de3c3e36d039ddba6ce17530,https://shopee.vn/-Bộ-Sưu-Tập-Đồ-Tre-Handmade-Bát-Tre-Chén-Tre-Kích-Thước-Đường-Kính-Chiều-Cao-D8*H12-cm-và-D11*H6-cm-Chỉ-Đựng-Đồ-Lạnh-i.48399387.13611584924?extraParams=%7B%22display_model_id%22%3A142545748473%2C%22model_selection_logic%22%3A3%7D
211,Quà Tặng Lưu Niệm Độc Đáo,Thành phố Hồ Chí Minh,https://shopee.vn/search?shop=253909899,"Sổ Gỗ Khắc Hình Và Chữ Theo Yêu Cầu - Quà Sinh Nhật, Tri Ân Thầy Cô, Quà Tặng Cho Nữ",69.000 ₫,"Đặc sản chất lượng - Sổ Gỗ Khắc Hình Và Chữ Theo Yêu Cầu - Quà Sinh Nhật, Tri Ân Thầy Cô, Quà Tặng Cho Nữ",https://down-vn.img.susercontent.com/file/vn-11134207-81ztc-mkxiwxmjnrwn03,https://shopee.vn/Sổ-Gỗ-Khắc-Hình-Và-Chữ-Theo-Yêu-Cầu-Quà-Sinh-Nhật-Tri-Ân-Thầy-Cô-Quà-Tặng-Cho-Nữ-i.253909899.8078862452?extraParams=%7B%22display_model_id%22%3A66458827679%2C%22model_selection_logic%22%3A3%7D
212,Quà Tặng Lưu Niệm Độc Đáo,Thành phố Hồ Chí Minh,https://shopee.vn/search?shop=253909899,"Đèn Khắc Hình Và Chữ Theo Yêu Cầu, Đèn Ngủ 3D Trang Trí - Quà Tặng Lưu Niệm, Quà Sinh Nhật Cho Nữ",149.000 ₫,"Đặc sản chất lượng - Đèn Khắc Hình Và Chữ Theo Yêu Cầu, Đèn Ngủ 3D Trang Trí - Quà Tặng Lưu Niệm, Quà Sinh Nhật Cho Nữ",https://down-vn.img.susercontent.com/file/vn-11134207-81ztc-mm2owdk2bg2065,https://shopee.vn/Đèn-Khắc-Hình-Và-Chữ-Theo-Yêu-Cầu-Đèn-Ngủ-3D-Trang-Trí-Quà-Tặng-Lưu-Niệm-Quà-Sinh-Nhật-Cho-Nữ-i.253909899.21288113534?extraParams=%7B%22display_model_id%22%3A360445552487%2C%22model_selection_logic%22%3A3%7D
213,Quà Tặng Lưu Niệm Độc Đáo,Thành phố Hồ Chí Minh,https://shopee.vn/search?shop=253909899,"Đèn Ngủ Khắc Hình Theo Yêu Cầu, Đèn Trang Trí - Quà Tặng Sinh Nhật, Ngày Kỷ Niệm Style Hàn Quốc",99.000 ₫,"Đặc sản chất lượng - Đèn Ngủ Khắc Hình Theo Yêu Cầu, Đèn Trang Trí - Quà Tặng Sinh Nhật, Ngày Kỷ Niệm Style Hàn Quốc",https://down-vn.img.susercontent.com/file/vn-11134207-81ztc-mkoxew9ox91c9b,https://shopee.vn/Đèn-Ngủ-Khắc-Hình-Theo-Yêu-Cầu-Đèn-Trang-Trí-Quà-Tặng-Sinh-Nhật-Ngày-Kỷ-Niệm-Style-Hàn-Quốc-i.253909899.20492718693?extraParams=%7B%22display_model_id%22%3A89431461683%2C%22model_selection_logic%22%3A3%7D
214,Quà Tặng Lưu Niệm Độc Đáo,Thành phố Hồ Chí Minh,https://shopee.vn/search?shop=253909899,"Ly Cốc Gỗ Khắc Hình Và Chữ Theo Yêu Cầu - Quà Sinh Nhật Cho Nữ, Quà Tặng Cho Nam",95.000 ₫,"Đặc sản chất lượng - Ly Cốc Gỗ Khắc Hình Và Chữ Theo Yêu Cầu - Quà Sinh Nhật Cho Nữ, Quà Tặng Cho Nam",https://down-vn.img.susercontent.com/file/vn-11134207-820l4-mgwgrwg5b2tla7,https://shopee.vn/Ly-Cốc-Gỗ-Khắc-Hình-Và-Chữ-Theo-Yêu-Cầu-Quà-Sinh-Nhật-Cho-Nữ-Quà-Tặng-Cho-Nam-i.253909899.9782677038?extraParams=%7B%22display_model_id%22%3A66627769198%2C%22model_selection_logic%22%3A3%7D
215,Quà Tặng Lưu Niệm Độc Đáo,Thành phố Hồ Chí Minh,https://shopee.vn/search?shop=253909899,"Đèn Khắc Hình Và Chữ Style Hàn Quốc - Quà Tặng Sinh Nhật Cho Nữ Và Nam, Quà Lưu Niệm Ý Nghĩa",99.000 ₫,"Đặc sản chất lượng - Đèn Khắc Hình Và Chữ Style Hàn Quốc - Quà Tặng Sinh Nhật Cho Nữ Và Nam, Quà Lưu Niệm Ý Nghĩa",https://down-vn.img.susercontent.com/file/vn-11134207-81ztc-mkrmvmacw8ox13,https://shopee.vn/Đèn-Khắc-Hình-Và-Chữ-Style-Hàn-Quốc-Quà-Tặng-Sinh-Nhật-Cho-Nữ-Và-Nam-Quà-Lưu-Niệm-Ý-Nghĩa-i.253909899.21905384757?extraParams=%7B%22display_model_id%22%3A182579938418%2C%22model_selection_logic%22%3A3%7D
216,Quà Tặng Lưu Niệm Độc Đáo,Thành phố Hồ Chí Minh,https://shopee.vn/search?shop=253909899,"Set quà tặng - Full bộ cốc tre, muỗng, ống hút và hộp quà (Khắc theo yêu cầu) - Quà sinh nhật nam nữ",169.000 ₫,"Đặc sản chất lượng - Set quà tặng - Full bộ cốc tre, muỗng, ống hút và hộp quà (Khắc theo yêu cầu) - Quà sinh nhật nam nữ",https://down-vn.img.susercontent.com/file/vn-11134207-7ra0g-m8wwsnr5wjgi4b,https://shopee.vn/Set-quà-tặng-Full-bộ-cốc-tre-muỗng-ống-hút-và-hộp-quà-(Khắc-theo-yêu-cầu)-Quà-sinh-nhật-nam-nữ-i.253909899.22879534632?extraParams=%7B%22display_model_id%22%3A184564666699%2C%22model_selection_logic%22%3A3%7D
217,Quà Tặng Lưu Niệm Độc Đáo,Thành phố Hồ Chí Minh,https://shopee.vn/search?shop=253909899,"Khung Ảnh Đa Năng Khắc Hình Và Chữ Theo Yêu Cầu - Quà Tặng Tốt Nghiệp, Món Quà Tri Ân Thầy Cô",379.000 ₫,"Đặc sản chất lượng - Khung Ảnh Đa Năng Khắc Hình Và Chữ Theo Yêu Cầu - Quà Tặng Tốt Nghiệp, Món Quà Tri Ân Thầy Cô",https://down-vn.img.susercontent.com/file/vn-11134207-820l4-mhx5zc3ns9398d,https://shopee.vn/Khung-Ảnh-Đa-Năng-Khắc-Hình-Và-Chữ-Theo-Yêu-Cầu-Quà-Tặng-Tốt-Nghiệp-Món-Quà-Tri-Ân-Thầy-Cô-i.253909899.15246408557?extraParams=%7B%22display_model_id%22%3A267233265300%2C%22model_selection_logic%22%3A3%7D
218,Quà Tặng Lưu Niệm Độc Đáo,Thành phố Hồ Chí Minh,https://shopee.vn/search?shop=253909899,"Ví Nữ Mini Khắc Tên Theo Yêu Cầu Phong Cách Hàn Quốc - Quà Sinh Nhật Cho Nữ, Quà Tặng Cho Nữ",49.000 ₫,"Đặc sản chất lượng - Ví Nữ Mini Khắc Tên Theo Yêu Cầu Phong Cách Hàn Quốc - Quà Sinh Nhật Cho Nữ, Quà Tặng Cho Nữ",https://down-vn.img.susercontent.com/file/vn-11134207-81ztc-mllk7gw5j5l074,https://shopee.vn/Ví-Nữ-Mini-Khắc-Tên-Theo-Yêu-Cầu-Phong-Cách-Hàn-Quốc-Quà-Sinh-Nhật-Cho-Nữ-Quà-Tặng-Cho-Nữ-i.253909899.9465398417?extraParams=%7B%22display_model_id%22%3A292420946504%2C%22model_selection_logic%22%3A3%7D
219,Quà Tặng Lưu Niệm Độc Đáo,Thành phố Hồ Chí Minh,https://shopee.vn/search?shop=253909899,"Bình Giữ Nhiệt Khắc Hình Và Chữ - Bình Giữ Nhiệt Vỏ Tre Quà Sinh Nhật, Quà Tặng Cho Nữ",225.000 ₫,"Đặc sản chất lượng - Bình Giữ Nhiệt Khắc Hình Và Chữ - Bình Giữ Nhiệt Vỏ Tre Quà Sinh Nhật, Quà Tặng Cho Nữ",https://down-vn.img.susercontent.com/file/dcb60d7de88cd3c72dd9de9c71ebfd9e,https://shopee.vn/Bình-Giữ-Nhiệt-Khắc-Hình-Và-Chữ-Bình-Giữ-Nhiệt-Vỏ-Tre-Quà-Sinh-Nhật-Quà-Tặng-Cho-Nữ-i.253909899.9275665869?extraParams=%7B%22display_model_id%22%3A39761940212%2C%22model_selection_logic%22%3A3%7D
220,Quà Tặng Lưu Niệm Độc Đáo,Thành phố Hồ Chí Minh,https://shopee.vn/search?shop=253909899,"Set Quà Sinh Nhật, Quà Tặng Tốt Nghiệp Bằng Gỗ Sang Trọng Độc Đáo - Khắc Hình Và Chữ Theo Yêu Cầu",325.000 ₫,"Đặc sản chất lượng - Set Quà Sinh Nhật, Quà Tặng Tốt Nghiệp Bằng Gỗ Sang Trọng Độc Đáo - Khắc Hình Và Chữ Theo Yêu Cầu",https://down-vn.img.susercontent.com/file/vn-11134207-81ztc-mno44sk7uy9ya1,https://shopee.vn/Set-Quà-Sinh-Nhật-Quà-Tặng-Tốt-Nghiệp-Bằng-Gỗ-Sang-Trọng-Độc-Đáo-Khắc-Hình-Và-Chữ-Theo-Yêu-Cầu-i.253909899.23646476186?extraParams=%7B%22display_model_id%22%3A194389521766%2C%22model_selection_logic%22%3A3%7D
221,Minh Nguyệt handmade,Thành phố Hà Nội,https://shopee.vn/search?shop=1440461563,"Túi vải cotton rút dây thêu hoa , áo dài Việt Nam - túi đựng quà tặng nhiều size",15.000 ₫,"Đặc sản chất lượng - Túi vải cotton rút dây thêu hoa , áo dài Việt Nam - túi đựng quà tặng nhiều size",https://down-vn.img.susercontent.com/file/vn-11134207-7ras8-m4hbdfm3nnd363,https://shopee.vn/Túi-vải-cotton-rút-dây-thêu-hoa-áo-dài-Việt-Nam-túi-đựng-quà-tặng-nhiều-size-i.1440461563.27222326085?extraParams=%7B%22display_model_id%22%3A59856158897%2C%22model_selection_logic%22%3A3%7D
222,Minh Nguyệt handmade,Thành phố Hà Nội,https://shopee.vn/search?shop=1440461563,Chuồn chuồn tre thăng bằng - quà tặng lưu niệm việt nam làng nghề Việt,20.000 ₫,Đặc sản chất lượng - Chuồn chuồn tre thăng bằng - quà tặng lưu niệm việt nam làng nghề Việt,https://down-vn.img.susercontent.com/file/vn-11134207-820l4-mg0290z0mz9k04,https://shopee.vn/Chuồn-chuồn-tre-thăng-bằng-quà-tặng-lưu-niệm-việt-nam-làng-nghề-Việt-i.1440461563.28343150520?extraParams=%7B%22display_model_id%22%3A228178134036%2C%22model_selection_logic%22%3A3%7D
223,Minh Nguyệt handmade,Thành phố Hà Nội,https://shopee.vn/search?shop=1440461563,Sổ tay kèm bút bi hình ảnh phong cảnh địa danh việt nam - notebook,67.000 ₫,Đặc sản chất lượng - Sổ tay kèm bút bi hình ảnh phong cảnh địa danh việt nam - notebook,https://down-vn.img.susercontent.com/file/vn-11134207-7ras8-manxs16zs7nl29,https://shopee.vn/Sổ-tay-kèm-bút-bi-hình-ảnh-phong-cảnh-địa-danh-việt-nam-notebook-i.1440461563.42903437383?extraParams=%7B%22display_model_id%22%3A275285554978%2C%22model_selection_logic%22%3A3%7D
224,Minh Nguyệt handmade,Thành phố Hà Nội,https://shopee.vn/search?shop=1440461563,"Lót cốc,lót ly mây,lót ly sứ viền mây - lót mấy tre đan phụ kiện lót bàn ăn decor ,hàng thủ công mỹ nghệ Việt Nam",23.000 ₫,"Đặc sản chất lượng - Lót cốc,lót ly mây,lót ly sứ viền mây - lót mấy tre đan phụ kiện lót bàn ăn decor ,hàng thủ công mỹ nghệ Việt Nam",https://down-vn.img.susercontent.com/file/vn-11134207-7ra0g-ma6p6zwk8t6019,https://shopee.vn/Lót-cốc-lót-ly-mây-lót-ly-sứ-viền-mây-lót-mấy-tre-đan-phụ-kiện-lót-bàn-ăn-decor-hàng-thủ-công-mỹ-nghệ-Việt-Nam-i.1440461563.42852097275?extraParams=%7B%22display_model_id%22%3A305172478789%2C%22model_selection_logic%22%3A3%7D
225,Minh Nguyệt handmade,Thành phố Hà Nội,https://shopee.vn/search?shop=1440461563,Sét thìa nĩa bằng trai chuôi ốc cao cấp ~ muỗng nĩa trai cao cấp ~ quà tặng lưu niệm Việt Nam,50.000 ₫,Đặc sản chất lượng - Sét thìa nĩa bằng trai chuôi ốc cao cấp ~ muỗng nĩa trai cao cấp ~ quà tặng lưu niệm Việt Nam,https://down-vn.img.susercontent.com/file/vn-11134207-7ras8-mb1v4jnclvbrb9,https://shopee.vn/Sét-thìa-nĩa-bằng-trai-chuôi-ốc-cao-cấp-~-muỗng-nĩa-trai-cao-cấp-~-quà-tặng-lưu-niệm-Việt-Nam-i.1440461563.41357740538?extraParams=%7B%22display_model_id%22%3A305655800005%2C%22model_selection_logic%22%3A3%7D
226,Minh Nguyệt handmade,Thành phố Hà Nội,https://shopee.vn/search?shop=1440461563,"VÒNG LỤA BỌC GỖ DÂU TẰM THỜI TRANG, TRÁNH ĐIỀM XUI",97.000 ₫,"Đặc sản chất lượng - VÒNG LỤA BỌC GỖ DÂU TẰM THỜI TRANG, TRÁNH ĐIỀM XUI",https://down-vn.img.susercontent.com/file/vn-11134207-7ra0g-m8tusk8mcepua2,https://shopee.vn/VÒNG-LỤA-BỌC-GỖ-DÂU-TẰM-THỜI-TRANG-TRÁNH-ĐIỀM-XUI-i.1440461563.27134183354?extraParams=%7B%22display_model_id%22%3A167130068514%2C%22model_selection_logic%22%3A3%7D
227,Minh Nguyệt handmade,Thành phố Hà Nội,https://shopee.vn/search?shop=1440461563,"Nón lá Việt Nam , dây nón lá 7 trang trí - chuông nón lá , quà tặng lưu niệm Việt Nam",55.000 ₫,"Đặc sản chất lượng - Nón lá Việt Nam , dây nón lá 7 trang trí - chuông nón lá , quà tặng lưu niệm Việt Nam",https://down-vn.img.susercontent.com/file/vn-11134207-820l4-mfyrjfvy055a74,https://shopee.vn/Nón-lá-Việt-Nam-dây-nón-lá-7-trang-trí-chuông-nón-lá-quà-tặng-lưu-niệm-Việt-Nam-i.1440461563.43524838671?extraParams=%7B%22display_model_id%22%3A277013268633%2C%22model_selection_logic%22%3A3%7D
228,Minh Nguyệt handmade,Thành phố Hà Nội,https://shopee.vn/search?shop=1440461563,Móc khoá nón sứ hình ảnh cô gái dài Việt Nam - quà tặng lưu niệm Việt Nam,12.000 ₫,Đặc sản chất lượng - Móc khoá nón sứ hình ảnh cô gái dài Việt Nam - quà tặng lưu niệm Việt Nam,https://down-vn.img.susercontent.com/file/vn-11134207-7ra0g-m9fmgkhvln5u23,https://shopee.vn/Móc-khoá-nón-sứ-hình-ảnh-cô-gái-dài-Việt-Nam-quà-tặng-lưu-niệm-Việt-Nam-i.1440461563.43651807318?extraParams=%7B%22display_model_id%22%3A295146933997%2C%22model_selection_logic%22%3A3%7D
229,Minh Nguyệt handmade,Thành phố Hà Nội,https://shopee.vn/search?shop=1440461563,"Magnet dính trang trí tủ lạnh  tem sứ in hình phong cảnh ,ẩm thực , con người Việt Nam - quà tặng lưu niệm Việt Nam",40.000 ₫,"Đặc sản chất lượng - Magnet dính trang trí tủ lạnh  tem sứ in hình phong cảnh ,ẩm thực , con người Việt Nam - quà tặng lưu niệm Việt Nam",https://down-vn.img.susercontent.com/file/vn-11134207-7ras8-mdfklryprhkhbd,https://shopee.vn/Magnet-dính-trang-trí-tủ-lạnh-tem-sứ-in-hình-phong-cảnh-ẩm-thực-con-người-Việt-Nam-quà-tặng-lưu-niệm-Việt-Nam-i.1440461563.43763126793?extraParams=%7B%22display_model_id%22%3A243746946178%2C%22model_selection_logic%22%3A3%7D
230,Minh Nguyệt handmade,Thành phố Hà Nội,https://shopee.vn/search?shop=1440461563,Vòng lụa bọc dâu tằm xua đuổi vận xui dây dài 1m2 - Quà Tặng Lưu Niệm Việt Nam,105.000 ₫,Đặc sản chất lượng - Vòng lụa bọc dâu tằm xua đuổi vận xui dây dài 1m2 - Quà Tặng Lưu Niệm Việt Nam,https://down-vn.img.susercontent.com/file/vn-11134207-7ras8-mdayrorju91b74,https://shopee.vn/Vòng-lụa-bọc-dâu-tằm-xua-đuổi-vận-xui-dây-dài-1m2-Quà-Tặng-Lưu-Niệm-Việt-Nam-i.1440461563.27789712096?extraParams=%7B%22display_model_id%22%3A261032465116%2C%22model_selection_logic%22%3A3%7D
231,Rồng Vàng Hoàng Gia,Thành phố Hải Phòng,https://shopee.vn/search?shop=152479717,"BÁNH ĐẬU XANH HỘP LỄ 5 MÀU, 5 VỊ TRÁI CÂY RỒNG VÀNG HOÀNG GIA 100G",20.000 ₫,"Đặc sản chất lượng - BÁNH ĐẬU XANH HỘP LỄ 5 MÀU, 5 VỊ TRÁI CÂY RỒNG VÀNG HOÀNG GIA 100G",https://down-vn.img.susercontent.com/file/vn-11134207-7ras8-m2f29isfy2lwba,https://shopee.vn/BÁNH-ĐẬU-XANH-HỘP-LỄ-5-MÀU-5-VỊ-TRÁI-CÂY-RỒNG-VÀNG-HOÀNG-GIA-100G-i.152479717.24088183652?extraParams=%7B%22display_model_id%22%3A207963312031%2C%22model_selection_logic%22%3A3%7D
232,Rồng Vàng Hoàng Gia,Thành phố Hải Phòng,https://shopee.vn/search?shop=152479717,BÁNH ĐẬU XANH VỊ TRUYỀN THỐNG RỒNG VÀNG HOÀNG GIA 300G - OCOP 4 SAO - ĐẶC SẢN HẢI DƯƠNG,49.450 ₫,Đặc sản chất lượng - BÁNH ĐẬU XANH VỊ TRUYỀN THỐNG RỒNG VÀNG HOÀNG GIA 300G - OCOP 4 SAO - ĐẶC SẢN HẢI DƯƠNG,https://down-vn.img.susercontent.com/file/vn-11134207-7ra0g-m7x5r3fe3qlqd4,https://shopee.vn/BÁNH-ĐẬU-XANH-VỊ-TRUYỀN-THỐNG-RỒNG-VÀNG-HOÀNG-GIA-300G-OCOP-4-SAO-ĐẶC-SẢN-HẢI-DƯƠNG-i.152479717.28560817358?extraParams=%7B%22display_model_id%22%3A147457157277%2C%22model_selection_logic%22%3A3%7D
233,Rồng Vàng Hoàng Gia,Thành phố Hải Phòng,https://shopee.vn/search?shop=152479717,BÁNH ĐẬU XANH HỘP LỄ VỊ ĐẬU XANH TRUYỀN THỐNG 100G RỒNG VÀNG HOÀNG GIA,20.000 ₫,Đặc sản chất lượng - BÁNH ĐẬU XANH HỘP LỄ VỊ ĐẬU XANH TRUYỀN THỐNG 100G RỒNG VÀNG HOÀNG GIA,https://down-vn.img.susercontent.com/file/vn-11134207-7ras8-m2g5y1rcsxiq72,https://shopee.vn/BÁNH-ĐẬU-XANH-HỘP-LỄ-VỊ-ĐẬU-XANH-TRUYỀN-THỐNG-100G-RỒNG-VÀNG-HOÀNG-GIA-i.152479717.29767225053?extraParams=%7B%22display_model_id%22%3A252001273440%2C%22model_selection_logic%22%3A3%7D
234,Rồng Vàng Hoàng Gia,Thành phố Hải Phòng,https://shopee.vn/search?shop=152479717,BÁNH ĐẬU XANH TRUYỀN THỐNG NGUYÊN VỊ HG20 RỒNG VÀNG HOÀNG GIA 300G - HƯƠNG VỊ TUỔI THƠ,55.000 ₫,Đặc sản chất lượng - BÁNH ĐẬU XANH TRUYỀN THỐNG NGUYÊN VỊ HG20 RỒNG VÀNG HOÀNG GIA 300G - HƯƠNG VỊ TUỔI THƠ,https://down-vn.img.susercontent.com/file/vn-11134207-7ras8-m5ycmilvdayg78,https://shopee.vn/BÁNH-ĐẬU-XANH-TRUYỀN-THỐNG-NGUYÊN-VỊ-HG20-RỒNG-VÀNG-HOÀNG-GIA-300G-HƯƠNG-VỊ-TUỔI-THƠ-i.152479717.25951481953?extraParams=%7B%22display_model_id%22%3A177953907818%2C%22model_selection_logic%22%3A3%7D
235,Rồng Vàng Hoàng Gia,Thành phố Hải Phòng,https://shopee.vn/search?shop=152479717,"[OCOP] Bột Đậu Xanh Dinh Dưỡng Rồng Vàng Hoàng Gia 400g - Thơm ngon, bổ dưỡng",69.000 ₫,"Đặc sản chất lượng - [OCOP] Bột Đậu Xanh Dinh Dưỡng Rồng Vàng Hoàng Gia 400g - Thơm ngon, bổ dưỡng",https://down-vn.img.susercontent.com/file/vn-11134207-7r98o-loccf3orxb7b23,https://shopee.vn/-OCOP-Bột-Đậu-Xanh-Dinh-Dưỡng-Rồng-Vàng-Hoàng-Gia-400g-Thơm-ngon-bổ-dưỡng-i.152479717.25901510920?extraParams=%7B%22display_model_id%22%3A207160433725%2C%22model_selection_logic%22%3A3%7D
236,Rồng Vàng Hoàng Gia,Thành phố Hải Phòng,https://shopee.vn/search?shop=152479717,"[OCOP] BÁNH ĐẬU XANH TRÁI CÂY 24 RỒNG VÀNG HOÀNG GIA, ÍT NGỌT, OCOP 4 SAO - ĐẶC SẢN HẢI DƯƠNG",48.000 ₫,"Đặc sản chất lượng - [OCOP] BÁNH ĐẬU XANH TRÁI CÂY 24 RỒNG VÀNG HOÀNG GIA, ÍT NGỌT, OCOP 4 SAO - ĐẶC SẢN HẢI DƯƠNG",https://down-vn.img.susercontent.com/file/vn-11134207-7r98o-lu9ipduf3867de,https://shopee.vn/-OCOP-BÁNH-ĐẬU-XANH-TRÁI-CÂY-24-RỒNG-VÀNG-HOÀNG-GIA-ÍT-NGỌT-OCOP-4-SAO-ĐẶC-SẢN-HẢI-DƯƠNG-i.152479717.25601506344?extraParams=%7B%22display_model_id%22%3A59724525306%2C%22model_selection_logic%22%3A3%7D
237,Rồng Vàng Hoàng Gia,Thành phố Hải Phòng,https://shopee.vn/search?shop=152479717,"[OCOP] Chè Đậu Đen Cốt Dừa Rồng Vàng Hoàng Gia 400g - Mát Lạnh, Thơm Ngon, Giải Nhiệt Mùa Hè",69.000 ₫,"Đặc sản chất lượng - [OCOP] Chè Đậu Đen Cốt Dừa Rồng Vàng Hoàng Gia 400g - Mát Lạnh, Thơm Ngon, Giải Nhiệt Mùa Hè",https://down-vn.img.susercontent.com/file/vn-11134207-7r98o-loccq6g85f2j31,https://shopee.vn/-OCOP-Chè-Đậu-Đen-Cốt-Dừa-Rồng-Vàng-Hoàng-Gia-400g-Mát-Lạnh-Thơm-Ngon-Giải-Nhiệt-Mùa-Hè-i.152479717.25251566815?extraParams=%7B%22display_model_id%22%3A197161904134%2C%22model_selection_logic%22%3A3%7D
238,Rồng Vàng Hoàng Gia,Thành phố Hải Phòng,https://shopee.vn/search?shop=152479717,"[OCOP 5 SAO] Bánh đậu xanh 3 vị Ít ngọt, cao cấp - thượng hạng/ trà xanh/ sầu riêng - 170G/ 300G",60.000 ₫,"Đặc sản chất lượng - [OCOP 5 SAO] Bánh đậu xanh 3 vị Ít ngọt, cao cấp - thượng hạng/ trà xanh/ sầu riêng - 170G/ 300G",https://down-vn.img.susercontent.com/file/vn-11134207-7ra0g-m9so6g0rj1xe82,https://shopee.vn/-OCOP-5-SAO-Bánh-đậu-xanh-3-vị-Ít-ngọt-cao-cấp-thượng-hạng-trà-xanh-sầu-riêng-170G-300G-i.152479717.21295452203?extraParams=%7B%22display_model_id%22%3A204769667529%2C%22model_selection_logic%22%3A3%7D
239,Rồng Vàng Hoàng Gia,Thành phố Hải Phòng,https://shopee.vn/search?shop=152479717,BÁNH ĐẬU XANH VỊ KHOAI MÔN RỒNG VÀNG HOÀNG GIA 300G - OCOP 4 SAO - ĐẶC SẢN HẢI DƯƠNG,49.450 ₫,Đặc sản chất lượng - BÁNH ĐẬU XANH VỊ KHOAI MÔN RỒNG VÀNG HOÀNG GIA 300G - OCOP 4 SAO - ĐẶC SẢN HẢI DƯƠNG,https://down-vn.img.susercontent.com/file/vn-11134207-7ra0g-m7x5sfnriszo35,https://shopee.vn/BÁNH-ĐẬU-XANH-VỊ-KHOAI-MÔN-RỒNG-VÀNG-HOÀNG-GIA-300G-OCOP-4-SAO-ĐẶC-SẢN-HẢI-DƯƠNG-i.152479717.15598485468?extraParams=%7B%22display_model_id%22%3A158438433415%2C%22model_selection_logic%22%3A3%7D
240,Rồng Vàng Hoàng Gia,Thành phố Hải Phòng,https://shopee.vn/search?shop=152479717,BÁNH ĐẬU XANH TRUYỀN THỐNG H25 RỒNG VÀNG HOÀNG GIA - 300G,55.000 ₫,Đặc sản chất lượng - BÁNH ĐẬU XANH TRUYỀN THỐNG H25 RỒNG VÀNG HOÀNG GIA - 300G,https://down-vn.img.susercontent.com/file/vn-11134207-7ra0g-m6ng0dh8k3oh95,https://shopee.vn/BÁNH-ĐẬU-XANH-TRUYỀN-THỐNG-H25-RỒNG-VÀNG-HOÀNG-GIA-300G-i.152479717.21695420992?extraParams=%7B%22display_model_id%22%3A88833428104%2C%22model_selection_logic%22%3A3%7D
241,Fap Decor,Thành phố Hồ Chí Minh,https://shopee.vn/search?shop=795616439,SAN HÔ BÔNG RẠN XANH TỰ NHIÊN PHONG THỦY CAO CẤP HÀNG HIẾM TRANG TRÍ THỦY SINH BỂ CÁ - FAPDECOR,52.000 ₫,Đặc sản chất lượng - SAN HÔ BÔNG RẠN XANH TỰ NHIÊN PHONG THỦY CAO CẤP HÀNG HIẾM TRANG TRÍ THỦY SINH BỂ CÁ - FAPDECOR,https://down-vn.img.susercontent.com/file/153cae8ba961bbbd4266c5dc2f007d61,https://shopee.vn/SAN-HÔ-BÔNG-RẠN-XANH-TỰ-NHIÊN-PHONG-THỦY-CAO-CẤP-HÀNG-HIẾM-TRANG-TRÍ-THỦY-SINH-BỂ-CÁ-FAPDECOR-i.795616439.18618470621?extraParams=%7B%22display_model_id%22%3A201426539137%2C%22model_selection_logic%22%3A3%7D
242,Fap Decor,Thành phố Hồ Chí Minh,https://shopee.vn/search?shop=795616439,SAN HÔ BÔNG RẠN PHONG THỦY LOẠI LỚN ĐẸP TRANG TRÍ BỂ CÁ THỦY SINH DECOR NHÀ - FAPDECOR,48.000 ₫,Đặc sản chất lượng - SAN HÔ BÔNG RẠN PHONG THỦY LOẠI LỚN ĐẸP TRANG TRÍ BỂ CÁ THỦY SINH DECOR NHÀ - FAPDECOR,https://down-vn.img.susercontent.com/file/vn-11134201-23020-za6qx0gpornv62,https://shopee.vn/SAN-HÔ-BÔNG-RẠN-PHONG-THỦY-LOẠI-LỚN-ĐẸP-TRANG-TRÍ-BỂ-CÁ-THỦY-SINH-DECOR-NHÀ-FAPDECOR-i.795616439.19718467860?extraParams=%7B%22display_model_id%22%3A137413241881%2C%22model_selection_logic%22%3A3%7D
243,Fap Decor,Thành phố Hồ Chí Minh,https://shopee.vn/search?shop=795616439,SAN HÔ BÔNG RẠN MINI BIỂN PHONG THỦY TRANG TRÍ BỂ CÁ TRANG TRÍ THỦY SINH DECOR BÀN LÀM VIỆC - FAPDECOR,26.000 ₫,Đặc sản chất lượng - SAN HÔ BÔNG RẠN MINI BIỂN PHONG THỦY TRANG TRÍ BỂ CÁ TRANG TRÍ THỦY SINH DECOR BÀN LÀM VIỆC - FAPDECOR,https://down-vn.img.susercontent.com/file/vn-11134207-7qukw-lg1ucibexr3e72,https://shopee.vn/SAN-HÔ-BÔNG-RẠN-MINI-BIỂN-PHONG-THỦY-TRANG-TRÍ-BỂ-CÁ-TRANG-TRÍ-THỦY-SINH-DECOR-BÀN-LÀM-VIỆC-FAPDECOR-i.795616439.19218460391?extraParams=%7B%22display_model_id%22%3A207495561340%2C%22model_selection_logic%22%3A3%7D
244,Fap Decor,Thành phố Hồ Chí Minh,https://shopee.vn/search?shop=795616439,SAN HÔ BÁNH BAO PHONG THỦY HÀNG ĐẸP TRANG TRÍ THỦY SINH TIỂU CẢNH SETUP BỂ CÁ - FAPDECOR,14.000 ₫,Đặc sản chất lượng - SAN HÔ BÁNH BAO PHONG THỦY HÀNG ĐẸP TRANG TRÍ THỦY SINH TIỂU CẢNH SETUP BỂ CÁ - FAPDECOR,https://down-vn.img.susercontent.com/file/a19daca97900a37424324b40328eae04,https://shopee.vn/SAN-HÔ-BÁNH-BAO-PHONG-THỦY-HÀNG-ĐẸP-TRANG-TRÍ-THỦY-SINH-TIỂU-CẢNH-SETUP-BỂ-CÁ-FAPDECOR-i.795616439.19418482820?extraParams=%7B%22display_model_id%22%3A230647493037%2C%22model_selection_logic%22%3A3%7D
245,Fap Decor,Thành phố Hồ Chí Minh,https://shopee.vn/search?shop=795616439,"(15K 1 CỤC)BÔNG RẠN BIỂN SAN HÔ PHONG THỦY SIÊU ĐẸP THỜI TRANG DECOR THỦY SINH, TRANG TRÍ NHÀ CỬA ĐẸP",34.000 ₫,"Đặc sản chất lượng - (15K 1 CỤC)BÔNG RẠN BIỂN SAN HÔ PHONG THỦY SIÊU ĐẸP THỜI TRANG DECOR THỦY SINH, TRANG TRÍ NHÀ CỬA ĐẸP",https://down-vn.img.susercontent.com/file/a57eeaac19ee6d7e878f5f826b455e82,https://shopee.vn/(15K-1-CỤC)BÔNG-RẠN-BIỂN-SAN-HÔ-PHONG-THỦY-SIÊU-ĐẸP-THỜI-TRANG-DECOR-THỦY-SINH-TRANG-TRÍ-NHÀ-CỬA-ĐẸP-i.795616439.18944912391?extraParams=%7B%22display_model_id%22%3A202270886003%2C%22model_selection_logic%22%3A3%7D
246,Fap Decor,Thành phố Hồ Chí Minh,https://shopee.vn/search?shop=795616439,"{Gía Rẻ} Vỏ ốc biển trang trí nhiều mẫu, phụ kiện vỏ ốc xà cừ trang trí decor hàng đẹp",33.000 ₫,"Đặc sản chất lượng - {Gía Rẻ} Vỏ ốc biển trang trí nhiều mẫu, phụ kiện vỏ ốc xà cừ trang trí decor hàng đẹp",https://down-vn.img.susercontent.com/file/sg-11134201-22120-338gczfk4olva9,https://shopee.vn/-Gía-Rẻ-Vỏ-ốc-biển-trang-trí-nhiều-mẫu-phụ-kiện-vỏ-ốc-xà-cừ-trang-trí-decor-hàng-đẹp-i.795616439.12798030884?extraParams=%7B%22display_model_id%22%3A156505821080%2C%22model_selection_logic%22%3A3%7D
247,Fap Decor,Thành phố Hồ Chí Minh,https://shopee.vn/search?shop=795616439,"Vòng Cổ - Vòng Cổ Mix Vỏ Ốc Chất Liệu Full Vỏ Ốc Thời Trang, Checkin, Trang Trí, Decor - FAPDECOR",49.000 ₫,"Đặc sản chất lượng - Vòng Cổ - Vòng Cổ Mix Vỏ Ốc Chất Liệu Full Vỏ Ốc Thời Trang, Checkin, Trang Trí, Decor - FAPDECOR",https://down-vn.img.susercontent.com/file/vn-11134207-7r98o-llt31kmq034v51,https://shopee.vn/Vòng-Cổ-Vòng-Cổ-Mix-Vỏ-Ốc-Chất-Liệu-Full-Vỏ-Ốc-Thời-Trang-Checkin-Trang-Trí-Decor-FAPDECOR-i.795616439.21793221848?extraParams=%7B%22display_model_id%22%3A222037723758%2C%22model_selection_logic%22%3A3%7D
248,Fap Decor,Thành phố Hồ Chí Minh,https://shopee.vn/search?shop=795616439,"VỎ ỐC LỢN GÂM BÔNG ĐIÊU KHẮC HỌA TIẾT KỶ NIỆM NHIỀU ĐỊA DANH, TRANG TRÍ NHÀ CỬA - FAPDECOREH",49.000 ₫,"Đặc sản chất lượng - VỎ ỐC LỢN GÂM BÔNG ĐIÊU KHẮC HỌA TIẾT KỶ NIỆM NHIỀU ĐỊA DANH, TRANG TRÍ NHÀ CỬA - FAPDECOREH",https://down-vn.img.susercontent.com/file/vn-11134207-7r98o-llt31kmpc7hb1d,https://shopee.vn/VỎ-ỐC-LỢN-GÂM-BÔNG-ĐIÊU-KHẮC-HỌA-TIẾT-KỶ-NIỆM-NHIỀU-ĐỊA-DANH-TRANG-TRÍ-NHÀ-CỬA-FAPDECOREH-i.795616439.18893232160?extraParams=%7B%22display_model_id%22%3A194589792708%2C%22model_selection_logic%22%3A3%7D
249,Fap Decor,Thành phố Hồ Chí Minh,https://shopee.vn/search?shop=795616439,Gạt Vỏ Ốc Giá Bóng Vàng Mỹ Nghệ ĐẾ SAN HÔ DÙ Làm Gạt Tàn Thuố.c Đẹp Lạ - FAPDECOR,28.000 ₫,Đặc sản chất lượng - Gạt Vỏ Ốc Giá Bóng Vàng Mỹ Nghệ ĐẾ SAN HÔ DÙ Làm Gạt Tàn Thuố.c Đẹp Lạ - FAPDECOR,https://down-vn.img.susercontent.com/file/vn-11134207-7r98o-llszf7hlnhsv1c,https://shopee.vn/Gạt-Vỏ-Ốc-Giá-Bóng-Vàng-Mỹ-Nghệ-ĐẾ-SAN-HÔ-DÙ-Làm-Gạt-Tàn-Thuố.c-Đẹp-Lạ-FAPDECOR-i.795616439.22680622354?extraParams=%7B%22display_model_id%22%3A148369545684%2C%22model_selection_logic%22%3A3%7D
250,Fap Decor,Thành phố Hồ Chí Minh,https://shopee.vn/search?shop=795616439,"ĐÈN NGỦ VỎ ỐC GÂM BÔNG  ĐIÊU KHẮC NHA TRANG BÓNG LED SIÊU TIẾT KIỆM ĐIỆN, MÓN QUÀ CỦA BIỂN - FAPDECOR",63.000 ₫,"Đặc sản chất lượng - ĐÈN NGỦ VỎ ỐC GÂM BÔNG  ĐIÊU KHẮC NHA TRANG BÓNG LED SIÊU TIẾT KIỆM ĐIỆN, MÓN QUÀ CỦA BIỂN - FAPDECOR",https://down-vn.img.susercontent.com/file/vn-11134207-7r98o-llt31kmpm1njd8,https://shopee.vn/ĐÈN-NGỦ-VỎ-ỐC-GÂM-BÔNG-ĐIÊU-KHẮC-NHA-TRANG-BÓNG-LED-SIÊU-TIẾT-KIỆM-ĐIỆN-MÓN-QUÀ-CỦA-BIỂN-FAPDECOR-i.795616439.20784280102?extraParams=%7B%22display_model_id%22%3A109007619090%2C%22model_selection_logic%22%3A3%7D
251,INEW SHOP,Thành phố Hà Nội,https://shopee.vn/search?shop=902632123,Bộ ấm trà du lịch phải có cho những người đam mê trà Một ấm ba ly Bộ dụng cụ trà Kung Fu ngoài trời,95.893 ₫,Đặc sản chất lượng - Bộ ấm trà du lịch phải có cho những người đam mê trà Một ấm ba ly Bộ dụng cụ trà Kung Fu ngoài trời,https://down-vn.img.susercontent.com/file/vn-11134207-7qukw-lkddvl3u07to78,https://shopee.vn/Bộ-ấm-trà-du-lịch-phải-có-cho-những-người-đam-mê-trà-Một-ấm-ba-ly-Bộ-dụng-cụ-trà-Kung-Fu-ngoài-trời-i.902632123.22976622397?extraParams=%7B%22display_model_id%22%3A235512744387%2C%22model_selection_logic%22%3A3%7D
252,INEW SHOP,Thành phố Hà Nội,https://shopee.vn/search?shop=902632123,trọng lượng rất nhẹ dễ dàng mang theo dễ dàng gấp ghế mặt trăng ghế bãi biển,243.390 ₫,Đặc sản chất lượng - trọng lượng rất nhẹ dễ dàng mang theo dễ dàng gấp ghế mặt trăng ghế bãi biển,https://down-vn.img.susercontent.com/file/vn-11134207-7qukw-lkd9eftz5l7g8b,https://shopee.vn/trọng-lượng-rất-nhẹ-dễ-dàng-mang-theo-dễ-dàng-gấp-ghế-mặt-trăng-ghế-bãi-biển-i.902632123.23476619655?extraParams=%7B%22display_model_id%22%3A196950683879%2C%22model_selection_logic%22%3A3%7D
253,INEW SHOP,Thành phố Hà Nội,https://shopee.vn/search?shop=902632123,"Bình giữ nhiệt inox thông minh hiển thị nhiệt độ, dạng thẳng dùng trên xe, dày hơn",85.500 ₫,"Đặc sản chất lượng - Bình giữ nhiệt inox thông minh hiển thị nhiệt độ, dạng thẳng dùng trên xe, dày hơn",https://down-vn.img.susercontent.com/file/cn-11134207-820l4-mnmmbdmbvi1224,https://shopee.vn/Bình-giữ-nhiệt-inox-thông-minh-hiển-thị-nhiệt-độ-dạng-thẳng-dùng-trên-xe-dày-hơn-i.902632123.18591839988?extraParams=%7B%22display_model_id%22%3A206950761835%2C%22model_selection_logic%22%3A3%7D
254,INEW SHOP,Thành phố Hà Nội,https://shopee.vn/search?shop=902632123,Cốc thép không gỉ 2 lớp đơn giản Cốc cà phê đá Americano Cốc rơm có giá trị cao có nắp đậy bằng tay cầm,77.140 ₫,Đặc sản chất lượng - Cốc thép không gỉ 2 lớp đơn giản Cốc cà phê đá Americano Cốc rơm có giá trị cao có nắp đậy bằng tay cầm,https://down-vn.img.susercontent.com/file/vn-11134207-7qukw-lkdbtzngvzxk5c,https://shopee.vn/Cốc-thép-không-gỉ-2-lớp-đơn-giản-Cốc-cà-phê-đá-Americano-Cốc-rơm-có-giá-trị-cao-có-nắp-đậy-bằng-tay-cầm-i.902632123.23076611569?extraParams=%7B%22display_model_id%22%3A186950752321%2C%22model_selection_logic%22%3A3%7D
255,INEW SHOP,Thành phố Hà Nội,https://shopee.vn/search?shop=902632123,"Cắm trại ngoài trời Công suất lớn Picnic Giỏ,Giỏ lưu trữ đa chức năng,Hộp lưu trữ có thể gập lại",180.500 ₫,"Đặc sản chất lượng - Cắm trại ngoài trời Công suất lớn Picnic Giỏ,Giỏ lưu trữ đa chức năng,Hộp lưu trữ có thể gập lại",https://down-vn.img.susercontent.com/file/cn-11134207-7ras8-md1hkk635nc9c0,https://shopee.vn/Cắm-trại-ngoài-trời-Công-suất-lớn-Picnic-Giỏ-Giỏ-lưu-trữ-đa-chức-năng-Hộp-lưu-trữ-có-thể-gập-lại-i.902632123.21791827076?extraParams=%7B%22display_model_id%22%3A176039152785%2C%22model_selection_logic%22%3A3%7D
256,INEW SHOP,Thành phố Hà Nội,https://shopee.vn/search?shop=902632123,quạt điện cầm tay dễ dàng mang theo gió mạnh điều chỉnh gió quạt điện mini USB,121.163 ₫,Đặc sản chất lượng - quạt điện cầm tay dễ dàng mang theo gió mạnh điều chỉnh gió quạt điện mini USB,https://down-vn.img.susercontent.com/file/cn-11134207-7r98o-lpbglhd8fxlj70,https://shopee.vn/quạt-điện-cầm-tay-dễ-dàng-mang-theo-gió-mạnh-điều-chỉnh-gió-quạt-điện-mini-USB-i.902632123.22251124105?extraParams=%7B%22display_model_id%22%3A206950712011%2C%22model_selection_logic%22%3A3%7D
257,INEW SHOP,Thành phố Hà Nội,https://shopee.vn/search?shop=902632123,Bình Giữ Nhiệt Inox 316 Mới Cốc Di Động 2 Lớp bình nước giữ nhiệt,89.627 ₫,Đặc sản chất lượng - Bình Giữ Nhiệt Inox 316 Mới Cốc Di Động 2 Lớp bình nước giữ nhiệt,https://down-vn.img.susercontent.com/file/cn-11134207-7r98o-m0cjzypv7vwu70,https://shopee.vn/Bình-Giữ-Nhiệt-Inox-316-Mới-Cốc-Di-Động-2-Lớp-bình-nước-giữ-nhiệt-i.902632123.26911712623?extraParams=%7B%22display_model_id%22%3A195402508803%2C%22model_selection_logic%22%3A3%7D
258,INEW SHOP,Thành phố Hà Nội,https://shopee.vn/search?shop=902632123,Đơn Giản Yến Mạch Cốc Ăn Sáng Sữa Chua Cốc Thủy Tinh Cốc Sữa Salad Cốc Thủy Tinh Có Thìa,49.400 ₫,Đặc sản chất lượng - Đơn Giản Yến Mạch Cốc Ăn Sáng Sữa Chua Cốc Thủy Tinh Cốc Sữa Salad Cốc Thủy Tinh Có Thìa,https://down-vn.img.susercontent.com/file/cn-11134207-820l4-mny5mhbc5fyge1,https://shopee.vn/Đơn-Giản-Yến-Mạch-Cốc-Ăn-Sáng-Sữa-Chua-Cốc-Thủy-Tinh-Cốc-Sữa-Salad-Cốc-Thủy-Tinh-Có-Thìa-i.902632123.55207960559?extraParams=%7B%22display_model_id%22%3A360706613684%2C%22model_selection_logic%22%3A3%7D
259,INEW SHOP,Thành phố Hà Nội,https://shopee.vn/search?shop=902632123,Bộ quà tặng lưu niệm Quà tặng dịp lễ Quà tặng trong đám cưới Quà sinh nhật Ly Quà tặng khai trương,94.999 ₫,Đặc sản chất lượng - Bộ quà tặng lưu niệm Quà tặng dịp lễ Quà tặng trong đám cưới Quà sinh nhật Ly Quà tặng khai trương,https://down-vn.img.susercontent.com/file/cn-11134207-7ras8-m6wcohe61oqz77,https://shopee.vn/Bộ-quà-tặng-lưu-niệm-Quà-tặng-dịp-lễ-Quà-tặng-trong-đám-cưới-Quà-sinh-nhật-Ly-Quà-tặng-khai-trương-i.902632123.24792066490?extraParams=%7B%22display_model_id%22%3A129260429081%2C%22model_selection_logic%22%3A3%7D
260,INEW SHOP,Thành phố Hà Nội,https://shopee.vn/search?shop=902632123,ly giữ nhiệt Cốc cà phê ống hút dung tích lớn 316 Cốc giữ nhiệt bằng thép không gỉ Cốc ô tô di động bình nước giữ nhiệt,143.449 ₫,Đặc sản chất lượng - ly giữ nhiệt Cốc cà phê ống hút dung tích lớn 316 Cốc giữ nhiệt bằng thép không gỉ Cốc ô tô di động bình nước giữ nhiệt,https://down-vn.img.susercontent.com/file/cn-11134207-820l4-mofa16pqb8y7a0,https://shopee.vn/ly-giữ-nhiệt-Cốc-cà-phê-ống-hút-dung-tích-lớn-316-Cốc-giữ-nhiệt-bằng-thép-không-gỉ-Cốc-ô-tô-di-động-bình-nước-giữ-nhiệt-i.902632123.28368587109?extraParams=%7B%22display_model_id%22%3A252100873769%2C%22model_selection_logic%22%3A3%7D
261,Minh hoạ chữa lành,Thành phố Hồ Chí Minh,https://shopee.vn/search?shop=2075783,"Postcard thay lời nhắn dễ thương, vui nhộn-Phiên bản giấy khen-SIZE A6-minhhoachualanh",20.000 ₫,"Đặc sản chất lượng - Postcard thay lời nhắn dễ thương, vui nhộn-Phiên bản giấy khen-SIZE A6-minhhoachualanh",https://down-vn.img.susercontent.com/file/vn-11134207-81ztc-mk3gm70c4xs79c,https://shopee.vn/Postcard-thay-lời-nhắn-dễ-thương-vui-nhộn-Phiên-bản-giấy-khen-SIZE-A6-minhhoachualanh-i.2075783.42074792391?extraParams=%7B%22display_model_id%22%3A244155174490%2C%22model_selection_logic%22%3A3%7D
262,Minh hoạ chữa lành,Thành phố Hồ Chí Minh,https://shopee.vn/search?shop=2075783,"M02-Mini card, card cute-Card bo góc cán holo cầu vồng, kèm lời nhắn tích cực tạo động lực-Để ví hoặc ốp lưng điện thoại",13.000 ₫,"Đặc sản chất lượng - M02-Mini card, card cute-Card bo góc cán holo cầu vồng, kèm lời nhắn tích cực tạo động lực-Để ví hoặc ốp lưng điện thoại",https://down-vn.img.susercontent.com/file/vn-11134207-81ztc-mlm5dfp5rls2a4,https://shopee.vn/M02-Mini-card-card-cute-Card-bo-góc-cán-holo-cầu-vồng-kèm-lời-nhắn-tích-cực-tạo-động-lực-Để-ví-hoặc-ốp-lưng-điện-thoại-i.2075783.47103667624?extraParams=%7B%22display_model_id%22%3A395623680456%2C%22model_selection_logic%22%3A3%7D
263,Minh hoạ chữa lành,Thành phố Hồ Chí Minh,https://shopee.vn/search?shop=2075783,"M05-Mini card,card cute-Card bo góc cán holo cầu vồng, kèm lời nhắn tích cực tạo động lực-Để ví hoặc ốp lưng điện thoại",13.000 ₫,"Đặc sản chất lượng - M05-Mini card,card cute-Card bo góc cán holo cầu vồng, kèm lời nhắn tích cực tạo động lực-Để ví hoặc ốp lưng điện thoại",https://down-vn.img.susercontent.com/file/vn-11134207-81ztc-moc9d8z40ft734,https://shopee.vn/M05-Mini-card-card-cute-Card-bo-góc-cán-holo-cầu-vồng-kèm-lời-nhắn-tích-cực-tạo-động-lực-Để-ví-hoặc-ốp-lưng-điện-thoại-i.2075783.52010106693?extraParams=%7B%22display_model_id%22%3A370888727566%2C%22model_selection_logic%22%3A3%7D
264,Minh hoạ chữa lành,Thành phố Hồ Chí Minh,https://shopee.vn/search?shop=2075783,"M03-Mini card,card cute-Card bo góc cán holo cầu vồng, kèm lời nhắn tích cực tạo động lực-Để ví hoặc ốp lưng điện thoại",13.000 ₫,"Đặc sản chất lượng - M03-Mini card,card cute-Card bo góc cán holo cầu vồng, kèm lời nhắn tích cực tạo động lực-Để ví hoặc ốp lưng điện thoại",https://down-vn.img.susercontent.com/file/vn-11134207-81ztc-moqz8sf1wd8r5f,https://shopee.vn/M03-Mini-card-card-cute-Card-bo-góc-cán-holo-cầu-vồng-kèm-lời-nhắn-tích-cực-tạo-động-lực-Để-ví-hoặc-ốp-lưng-điện-thoại-i.2075783.43123022866?extraParams=%7B%22display_model_id%22%3A234647760918%2C%22model_selection_logic%22%3A3%7D
265,Minh hoạ chữa lành,Thành phố Hồ Chí Minh,https://shopee.vn/search?shop=2075783,"M01-Mini card cute-Card bo góc,cán holo cầu vồng-kèm lời nhắn tạo động lực,năng lượng tích cực-Để ví, ốp lưng điện thoại",13.000 ₫,"Đặc sản chất lượng - M01-Mini card cute-Card bo góc,cán holo cầu vồng-kèm lời nhắn tạo động lực,năng lượng tích cực-Để ví, ốp lưng điện thoại",https://down-vn.img.susercontent.com/file/vn-11134207-820l4-mjz2zvd6pkw309,https://shopee.vn/M01-Mini-card-cute-Card-bo-góc-cán-holo-cầu-vồng-kèm-lời-nhắn-tạo-động-lực-năng-lượng-tích-cực-Để-ví-ốp-lưng-điện-thoại-i.2075783.57052974261?extraParams=%7B%22display_model_id%22%3A277249423031%2C%22model_selection_logic%22%3A3%7D
266,Minh hoạ chữa lành,Thành phố Hồ Chí Minh,https://shopee.vn/search?shop=2075783,"H01-Pin-Ghim cài-Huy hiệu dễ thương, vui vẻ, vô tri-Dùng cài áo, balo, túi xách-minhhoachualanh",35.000 ₫,"Đặc sản chất lượng - H01-Pin-Ghim cài-Huy hiệu dễ thương, vui vẻ, vô tri-Dùng cài áo, balo, túi xách-minhhoachualanh",https://down-vn.img.susercontent.com/file/vn-11134207-81ztc-mlm218j14uf81d,https://shopee.vn/H01-Pin-Ghim-cài-Huy-hiệu-dễ-thương-vui-vẻ-vô-tri-Dùng-cài-áo-balo-túi-xách-minhhoachualanh-i.2075783.57556558600?extraParams=%7B%22display_model_id%22%3A277442833793%2C%22model_selection_logic%22%3A3%7D
267,Minh hoạ chữa lành,Thành phố Hồ Chí Minh,https://shopee.vn/search?shop=2075783,Phonecharm-Luckycharm-Dây đeo phụ kiện-Móc khoá-Móc treo điện thoại-Chiêu tài đón lộc-minhhoachualanh,39.000 ₫,Đặc sản chất lượng - Phonecharm-Luckycharm-Dây đeo phụ kiện-Móc khoá-Móc treo điện thoại-Chiêu tài đón lộc-minhhoachualanh,https://down-vn.img.susercontent.com/file/vn-11134207-820l4-mh5xxncfmqrwee,https://shopee.vn/Phonecharm-Luckycharm-Dây-đeo-phụ-kiện-Móc-khoá-Móc-treo-điện-thoại-Chiêu-tài-đón-lộc-minhhoachualanh-i.2075783.56051529763?extraParams=%7B%22display_model_id%22%3A380140645440%2C%22model_selection_logic%22%3A3%7D
268,Minh hoạ chữa lành,Thành phố Hồ Chí Minh,https://shopee.vn/search?shop=2075783,"D01-Lót ly gốm thấm nước - quà sinh nhật - quà tốt nghiệp, hoàn thành KPI, dễ thương, đáng iu-minhhoachualanh",89.000 ₫,"Đặc sản chất lượng - D01-Lót ly gốm thấm nước - quà sinh nhật - quà tốt nghiệp, hoàn thành KPI, dễ thương, đáng iu-minhhoachualanh",https://down-vn.img.susercontent.com/file/vn-11134207-81ztc-mo8b4zyvj0g823,https://shopee.vn/D01-Lót-ly-gốm-thấm-nước-quà-sinh-nhật-quà-tốt-nghiệp-hoàn-thành-KPI-dễ-thương-đáng-iu-minhhoachualanh-i.2075783.48410500680?extraParams=%7B%22display_model_id%22%3A292616045690%2C%22model_selection_logic%22%3A3%7D
269,Minh hoạ chữa lành,Thành phố Hồ Chí Minh,https://shopee.vn/search?shop=2075783,"D03-Lót ly gốm thấm nước mang thông điệp dễ thương, đáng iu - minhhoachualanh",89.000 ₫,"Đặc sản chất lượng - D03-Lót ly gốm thấm nước mang thông điệp dễ thương, đáng iu - minhhoachualanh",https://down-vn.img.susercontent.com/file/vn-11134207-81ztc-mo820qhi08asb5,https://shopee.vn/D03-Lót-ly-gốm-thấm-nước-mang-thông-điệp-dễ-thương-đáng-iu-minhhoachualanh-i.2075783.40630880033?extraParams=%7B%22display_model_id%22%3A234689529524%2C%22model_selection_logic%22%3A3%7D
270,Minh hoạ chữa lành,Thành phố Hồ Chí Minh,https://shopee.vn/search?shop=2075783,"M04-Mini card, card cute-Card bo góc cán holo cầu vồng, kèm lời nhắn tích cực tạo động lực-Để ví hoặc ốp lưng điện thoại",13.000 ₫,"Đặc sản chất lượng - M04-Mini card, card cute-Card bo góc cán holo cầu vồng, kèm lời nhắn tích cực tạo động lực-Để ví hoặc ốp lưng điện thoại",https://down-vn.img.susercontent.com/file/vn-11134207-81ztc-mk3sn9i7cc908d,https://shopee.vn/M04-Mini-card-card-cute-Card-bo-góc-cán-holo-cầu-vồng-kèm-lời-nhắn-tích-cực-tạo-động-lực-Để-ví-hoặc-ốp-lưng-điện-thoại-i.2075783.40318799052?extraParams=%7B%22display_model_id%22%3A345509829858%2C%22model_selection_logic%22%3A3%7D
271,Shop Dụng Cụ Sưu Tầm Tiền Tem,Thành phố Hồ Chí Minh,https://shopee.vn/search?shop=49713710,"Tờ tiền lưu niệm Zimbabwe 100 Tỷ Đô la siêu khủng , cực độc làm quà tặng , lì xì Tết",9.896 ₫,"Đặc sản chất lượng - Tờ tiền lưu niệm Zimbabwe 100 Tỷ Đô la siêu khủng , cực độc làm quà tặng , lì xì Tết",https://down-vn.img.susercontent.com/file/vn-11134207-820l4-mg7jrqpo6dxk38,https://shopee.vn/Tờ-tiền-lưu-niệm-Zimbabwe-100-Tỷ-Đô-la-siêu-khủng-cực-độc-làm-quà-tặng-lì-xì-Tết-i.49713710.20465979271?extraParams=%7B%22display_model_id%22%3A365007651897%2C%22model_selection_logic%22%3A3%7D
272,Shop Dụng Cụ Sưu Tầm Tiền Tem,Thành phố Hồ Chí Minh,https://shopee.vn/search?shop=49713710,"MIẾNG DÁN CHIP CHỐNG BỨC XẠ ĐIỆN TỪ NHẬT BẢN HITOKI HÌNH MÈO THẦN TÀI , NGĂN BỨC XẠ ĐIỆN THOẠI",28.238 ₫,"Đặc sản chất lượng - MIẾNG DÁN CHIP CHỐNG BỨC XẠ ĐIỆN TỪ NHẬT BẢN HITOKI HÌNH MÈO THẦN TÀI , NGĂN BỨC XẠ ĐIỆN THOẠI",https://down-vn.img.susercontent.com/file/vn-11134207-820l4-mg4sndvut4w93f,https://shopee.vn/MIẾNG-DÁN-CHIP-CHỐNG-BỨC-XẠ-ĐIỆN-TỪ-NHẬT-BẢN-HITOKI-HÌNH-MÈO-THẦN-TÀI-NGĂN-BỨC-XẠ-ĐIỆN-THOẠI-i.49713710.15389702349?extraParams=%7B%22display_model_id%22%3A191201209156%2C%22model_selection_logic%22%3A3%7D
273,Shop Dụng Cụ Sưu Tầm Tiền Tem,Thành phố Hồ Chí Minh,https://shopee.vn/search?shop=49713710,"(Đã Xiin Lộc) Ông Thần Tài Mạ Vàng Kèm Túi Gấm Phúc Lộc, Làm Quà Tặng Cực Vip Ngày Vía Thần Tài Mùng 10",8.343 ₫,"Đặc sản chất lượng - (Đã Xiin Lộc) Ông Thần Tài Mạ Vàng Kèm Túi Gấm Phúc Lộc, Làm Quà Tặng Cực Vip Ngày Vía Thần Tài Mùng 10",https://down-vn.img.susercontent.com/file/vn-11134207-7r98o-m05gx7d02sq5aa,https://shopee.vn/(Đã-Xiin-Lộc)-Ông-Thần-Tài-Mạ-Vàng-Kèm-Túi-Gấm-Phúc-Lộc-Làm-Quà-Tặng-Cực-Vip-Ngày-Vía-Thần-Tài-Mùng-10-i.49713710.12868479576?extraParams=%7B%22display_model_id%22%3A220030434946%2C%22model_selection_logic%22%3A3%7D
274,Shop Dụng Cụ Sưu Tầm Tiền Tem,Thành phố Hồ Chí Minh,https://shopee.vn/search?shop=49713710,(Chính hãng ) Nụ Ước Nguyện 4 Mặt- Thu Hút Tài Lộc- Vận May- Trả Nợ- Thu Nợ-Cầu Được Ước Thấy,69.152 ₫,Đặc sản chất lượng - (Chính hãng ) Nụ Ước Nguyện 4 Mặt- Thu Hút Tài Lộc- Vận May- Trả Nợ- Thu Nợ-Cầu Được Ước Thấy,https://down-vn.img.susercontent.com/file/vn-11134207-820l4-mhzm09fml3pffd,https://shopee.vn/(Chính-hãng-)-Nụ-Ước-Nguyện-4-Mặt-Thu-Hút-Tài-Lộc-Vận-May-Trả-Nợ-Thu-Nợ-Cầu-Được-Ước-Thấy-i.49713710.22241888573?extraParams=%7B%22display_model_id%22%3A325261932407%2C%22model_selection_logic%22%3A3%7D
275,Shop Dụng Cụ Sưu Tầm Tiền Tem,Thành phố Hồ Chí Minh,https://shopee.vn/search?shop=49713710,"Chip Ngăn Bức Xạ Điện Từ Hàn Quốc GC - 24K Gold, Miếng Dán Điện Thoại Chống Bức Xạ Có Hại Với Con Người",10.601 ₫,"Đặc sản chất lượng - Chip Ngăn Bức Xạ Điện Từ Hàn Quốc GC - 24K Gold, Miếng Dán Điện Thoại Chống Bức Xạ Có Hại Với Con Người",https://down-vn.img.susercontent.com/file/vn-11134207-7r98o-m05iiq33tlzj28,https://shopee.vn/Chip-Ngăn-Bức-Xạ-Điện-Từ-Hàn-Quốc-GC-24K-Gold-Miếng-Dán-Điện-Thoại-Chống-Bức-Xạ-Có-Hại-Với-Con-Người-i.49713710.13256065689?extraParams=%7B%22display_model_id%22%3A172877902510%2C%22model_selection_logic%22%3A3%7D
276,Shop Dụng Cụ Sưu Tầm Tiền Tem,Thành phố Hồ Chí Minh,https://shopee.vn/search?shop=49713710,Nụ Ước Nguyện 4 mặt Mua may bán đắt - Tặng kèm văn khấn - Hộp 31 Nụ,69.152 ₫,Đặc sản chất lượng - Nụ Ước Nguyện 4 mặt Mua may bán đắt - Tặng kèm văn khấn - Hộp 31 Nụ,https://down-vn.img.susercontent.com/file/vn-11134207-820l4-mhzoe52wqdq936,https://shopee.vn/Nụ-Ước-Nguyện-4-mặt-Mua-may-bán-đắt-Tặng-kèm-văn-khấn-Hộp-31-Nụ-i.49713710.23246166162?extraParams=%7B%22display_model_id%22%3A390261875079%2C%22model_selection_logic%22%3A3%7D
277,Shop Dụng Cụ Sưu Tầm Tiền Tem,Thành phố Hồ Chí Minh,https://shopee.vn/search?shop=49713710,"Móc Khóa 12 Con Giáp Dạ Quang, Gồm 4 Món Dây 5 Xu, Bầu Rỗng, Mặt Phật Bản Mệnh, phát sáng dễ dàng tìm",81.850 ₫,"Đặc sản chất lượng - Móc Khóa 12 Con Giáp Dạ Quang, Gồm 4 Món Dây 5 Xu, Bầu Rỗng, Mặt Phật Bản Mệnh, phát sáng dễ dàng tìm",https://down-vn.img.susercontent.com/file/vn-11134207-7ra0g-m8ztenifif0n98,https://shopee.vn/Móc-Khóa-12-Con-Giáp-Dạ-Quang-Gồm-4-Món-Dây-5-Xu-Bầu-Rỗng-Mặt-Phật-Bản-Mệnh-phát-sáng-dễ-dàng-tìm-i.49713710.13195673996?extraParams=%7B%22display_model_id%22%3A201744811967%2C%22model_selection_logic%22%3A3%7D
278,Shop Dụng Cụ Sưu Tầm Tiền Tem,Thành phố Hồ Chí Minh,https://shopee.vn/search?shop=49713710,"Túi Nhung Chữ Phúc Lộc rút dây 7 x 9 đựng Xu, Trang Sức, Đồ Phong Thủy",8.626 ₫,"Đặc sản chất lượng - Túi Nhung Chữ Phúc Lộc rút dây 7 x 9 đựng Xu, Trang Sức, Đồ Phong Thủy",https://down-vn.img.susercontent.com/file/vn-11134207-820l4-mg4muqqd8j6474,https://shopee.vn/Túi-Nhung-Chữ-Phúc-Lộc-rút-dây-7-x-9-đựng-Xu-Trang-Sức-Đồ-Phong-Thủy-i.49713710.19466451241?extraParams=%7B%22display_model_id%22%3A156378998254%2C%22model_selection_logic%22%3A3%7D
279,Shop Dụng Cụ Sưu Tầm Tiền Tem,Thành phố Hồ Chí Minh,https://shopee.vn/search?shop=49713710,Miếng Dán Điện Thoại Tài Lộc Bình An Dán Điện Thoại Máy Tính Bảng,11.024 ₫,Đặc sản chất lượng - Miếng Dán Điện Thoại Tài Lộc Bình An Dán Điện Thoại Máy Tính Bảng,https://down-vn.img.susercontent.com/file/33c48697e8e8b027c7cc9ad5badd71f4,https://shopee.vn/Miếng-Dán-Điện-Thoại-Tài-Lộc-Bình-An-Dán-Điện-Thoại-Máy-Tính-Bảng-i.49713710.16957936700?extraParams=%7B%22display_model_id%22%3A162257517389%2C%22model_selection_logic%22%3A3%7D
280,Shop Dụng Cụ Sưu Tầm Tiền Tem,Thành phố Hồ Chí Minh,https://shopee.vn/search?shop=49713710,"Miếng Dán Điện Thoại Tài Lộc HỒ LY 9 ĐUÔI Đẹp Lung, Linh Phù Hợp Các Loại Điện Thoại, Laptop, Bỏ Ví",8.485 ₫,"Đặc sản chất lượng - Miếng Dán Điện Thoại Tài Lộc HỒ LY 9 ĐUÔI Đẹp Lung, Linh Phù Hợp Các Loại Điện Thoại, Laptop, Bỏ Ví",https://down-vn.img.susercontent.com/file/11a0dd31aa03047d98eb76a6a656c00f,https://shopee.vn/Miếng-Dán-Điện-Thoại-Tài-Lộc-HỒ-LY-9-ĐUÔI-Đẹp-Lung-Linh-Phù-Hợp-Các-Loại-Điện-Thoại-Laptop-Bỏ-Ví-i.49713710.16832763953?extraParams=%7B%22display_model_id%22%3A97260501341%2C%22model_selection_logic%22%3A3%7D
281,TAYTA Group,Tỉnh Tây Ninh,https://shopee.vn/search?shop=66513379,"Đồ chơi lắp ghép Mô hình giấy 3D Lăng Bác - Bộ Lắp Ghép DIY Handmade Trang Trí, Sưu Tầm TAYTA",199.000 ₫,"Đặc sản chất lượng - Đồ chơi lắp ghép Mô hình giấy 3D Lăng Bác - Bộ Lắp Ghép DIY Handmade Trang Trí, Sưu Tầm TAYTA",https://down-vn.img.susercontent.com/file/f820336e53df0b2e67af0865debef171,https://shopee.vn/Đồ-chơi-lắp-ghép-Mô-hình-giấy-3D-Lăng-Bác-Bộ-Lắp-Ghép-DIY-Handmade-Trang-Trí-Sưu-Tầm-TAYTA-i.66513379.7182260163?extraParams=%7B%22display_model_id%22%3A91148935945%2C%22model_selection_logic%22%3A3%7D
282,TAYTA Group,Tỉnh Tây Ninh,https://shopee.vn/search?shop=66513379,Mô hình giấy 3D xe tăng 390 húc Cổng Dinh Độc Lập - Bộ lắp ráp DIY Handmade lịch sử Việt Nam - TAYTA,90.000 ₫,Đặc sản chất lượng - Mô hình giấy 3D xe tăng 390 húc Cổng Dinh Độc Lập - Bộ lắp ráp DIY Handmade lịch sử Việt Nam - TAYTA,https://down-vn.img.susercontent.com/file/9711f6513fa510be9595f89d0d54932e,https://shopee.vn/Mô-hình-giấy-3D-xe-tăng-390-húc-Cổng-Dinh-Độc-Lập-Bộ-lắp-ráp-DIY-Handmade-lịch-sử-Việt-Nam-TAYTA-i.66513379.9443447988?extraParams=%7B%22display_model_id%22%3A165534883558%2C%22model_selection_logic%22%3A3%7D
283,TAYTA Group,Tỉnh Tây Ninh,https://shopee.vn/search?shop=66513379,"Thiệp 3D Trang Trí Giáng Sinh Nhiều Mẫu Cây Thông, Máng Cỏ Tuyết Trắng Đẹp Lung Linh Mẫu Mới Nhất",119.000 ₫,"Đặc sản chất lượng - Thiệp 3D Trang Trí Giáng Sinh Nhiều Mẫu Cây Thông, Máng Cỏ Tuyết Trắng Đẹp Lung Linh Mẫu Mới Nhất",https://down-vn.img.susercontent.com/file/vn-11134207-7r98o-m0dvdbiya1v189,https://shopee.vn/Thiệp-3D-Trang-Trí-Giáng-Sinh-Nhiều-Mẫu-Cây-Thông-Máng-Cỏ-Tuyết-Trắng-Đẹp-Lung-Linh-Mẫu-Mới-Nhất-i.66513379.12152663251?extraParams=%7B%22display_model_id%22%3A122401234947%2C%22model_selection_logic%22%3A3%7D
284,TAYTA Group,Tỉnh Tây Ninh,https://shopee.vn/search?shop=66513379,Thiệp 3D Tháp Rùa Hà Nội Món Quà Lưu Niệm Ấn Tượng,210.000 ₫,Đặc sản chất lượng - Thiệp 3D Tháp Rùa Hà Nội Món Quà Lưu Niệm Ấn Tượng,https://down-vn.img.susercontent.com/file/1885338c13db430c932cb40d80282683,https://shopee.vn/Thiệp-3D-Tháp-Rùa-Hà-Nội-Món-Quà-Lưu-Niệm-Ấn-Tượng-i.66513379.19935187086?extraParams=%7B%22display_model_id%22%3A201805940646%2C%22model_selection_logic%22%3A3%7D
285,TAYTA Group,Tỉnh Tây Ninh,https://shopee.vn/search?shop=66513379,Mô hình giấy 3D Bến Nhà Rồng tự lắp ghép - Bộ Lắp Ráp DIY Handmade Quà Lưu Niệm TAYTA,210.000 ₫,Đặc sản chất lượng - Mô hình giấy 3D Bến Nhà Rồng tự lắp ghép - Bộ Lắp Ráp DIY Handmade Quà Lưu Niệm TAYTA,https://down-vn.img.susercontent.com/file/7ae163fab81b8706928083d2d8bea55f,https://shopee.vn/Mô-hình-giấy-3D-Bến-Nhà-Rồng-tự-lắp-ghép-Bộ-Lắp-Ráp-DIY-Handmade-Quà-Lưu-Niệm-TAYTA-i.66513379.4082264162?extraParams=%7B%22display_model_id%22%3A24799344560%2C%22model_selection_logic%22%3A3%7D
286,TAYTA Group,Tỉnh Tây Ninh,https://shopee.vn/search?shop=66513379,Thiệp 3D Pop Up Hà Nội Phố Cổ Quán Xá Handmade Quà Lưu Niệm - TAYTA,114.000 ₫,Đặc sản chất lượng - Thiệp 3D Pop Up Hà Nội Phố Cổ Quán Xá Handmade Quà Lưu Niệm - TAYTA,https://down-vn.img.susercontent.com/file/e3b5372189d9bff2be8e2e1a90901e64,https://shopee.vn/Thiệp-3D-Pop-Up-Hà-Nội-Phố-Cổ-Quán-Xá-Handmade-Quà-Lưu-Niệm-TAYTA-i.66513379.6974304781?extraParams=%7B%22display_model_id%22%3A63154359673%2C%22model_selection_logic%22%3A3%7D
287,TAYTA Group,Tỉnh Tây Ninh,https://shopee.vn/search?shop=66513379,Mô Hình Giấy 3D Nhà Thờ Lớn Hà Nội 17x35x19cm Tự Lắp Ráp Quà Lưu Niệm - TAYTA,210.000 ₫,Đặc sản chất lượng - Mô Hình Giấy 3D Nhà Thờ Lớn Hà Nội 17x35x19cm Tự Lắp Ráp Quà Lưu Niệm - TAYTA,https://down-vn.img.susercontent.com/file/69aefc23935eeecaac0dbbd13183df85,https://shopee.vn/Mô-Hình-Giấy-3D-Nhà-Thờ-Lớn-Hà-Nội-17x35x19cm-Tự-Lắp-Ráp-Quà-Lưu-Niệm-TAYTA-i.66513379.5669211280?extraParams=%7B%22display_model_id%22%3A42428150007%2C%22model_selection_logic%22%3A3%7D
288,TAYTA Group,Tỉnh Tây Ninh,https://shopee.vn/search?shop=66513379,Lồng Đèn Hoa Sen Nhựa Trang Trí Phật Đản Mới Nhất - TAYTA NHIỀU MẪU,105.000 ₫,Đặc sản chất lượng - Lồng Đèn Hoa Sen Nhựa Trang Trí Phật Đản Mới Nhất - TAYTA NHIỀU MẪU,https://down-vn.img.susercontent.com/file/vn-11134207-7ra0g-m7lph9fw7pfn4b,https://shopee.vn/Lồng-Đèn-Hoa-Sen-Nhựa-Trang-Trí-Phật-Đản-Mới-Nhất-TAYTA-NHIỀU-MẪU-i.66513379.22932983344?extraParams=%7B%22display_model_id%22%3A195853927562%2C%22model_selection_logic%22%3A3%7D
289,TAYTA Group,Tỉnh Tây Ninh,https://shopee.vn/search?shop=66513379,[Tặng kit Thánh Giá mới] Bộ Lắp Ghép Mô Hình 3D Nhà Thờ Đức Bà Sài Gòn TAYTA,210.000 ₫,Đặc sản chất lượng - [Tặng kit Thánh Giá mới] Bộ Lắp Ghép Mô Hình 3D Nhà Thờ Đức Bà Sài Gòn TAYTA,https://down-vn.img.susercontent.com/file/vn-11134207-7ras8-m2xoazwf1xve9f,https://shopee.vn/-Tặng-kit-Thánh-Giá-mới-Bộ-Lắp-Ghép-Mô-Hình-3D-Nhà-Thờ-Đức-Bà-Sài-Gòn-TAYTA-i.66513379.4569201817?extraParams=%7B%22display_model_id%22%3A42427846753%2C%22model_selection_logic%22%3A3%7D
290,TAYTA Group,Tỉnh Tây Ninh,https://shopee.vn/search?shop=66513379,Lồng Đèn Gỗ Hoa Sen hình Đức Phật trang trí Phật Đản mẫu mới nhất - TAYTA,125.000 ₫,Đặc sản chất lượng - Lồng Đèn Gỗ Hoa Sen hình Đức Phật trang trí Phật Đản mẫu mới nhất - TAYTA,https://down-vn.img.susercontent.com/file/a20cb3bcf4650f51f68e5d8f772bf14f,https://shopee.vn/Lồng-Đèn-Gỗ-Hoa-Sen-hình-Đức-Phật-trang-trí-Phật-Đản-mẫu-mới-nhất-TAYTA-i.66513379.8638754472?extraParams=%7B%22display_model_id%22%3A25229920786%2C%22model_selection_logic%22%3A3%7D
291,Quà tặng VoVi PlasticFree,Thành phố Hà Nội,https://shopee.vn/search?shop=350805812,"[KHẮC THEO YÊU CẦU] Móc chìa khóa da PU, thép chống gỉ khắc thú vị tặng bạn bè, người thân",19.000 ₫,"Đặc sản chất lượng - [KHẮC THEO YÊU CẦU] Móc chìa khóa da PU, thép chống gỉ khắc thú vị tặng bạn bè, người thân",https://down-vn.img.susercontent.com/file/vn-11134207-7ra0g-macjrkm72475e5,https://shopee.vn/-KHẮC-THEO-YÊU-CẦU-Móc-chìa-khóa-da-PU-thép-chống-gỉ-khắc-thú-vị-tặng-bạn-bè-người-thân-i.350805812.23853462585?extraParams=%7B%22display_model_id%22%3A300210561547%2C%22model_selection_logic%22%3A3%7D
292,Quà tặng VoVi PlasticFree,Thành phố Hà Nội,https://shopee.vn/search?shop=350805812,"Bộ sổ bút quà tặng KHẮC THEO YÊU CẦU doanh nghiệp CÓ KÈM TÚI ĐỰNG tặng thầy cô, khách hàng SS02",179.000 ₫,"Đặc sản chất lượng - Bộ sổ bút quà tặng KHẮC THEO YÊU CẦU doanh nghiệp CÓ KÈM TÚI ĐỰNG tặng thầy cô, khách hàng SS02",https://down-vn.img.susercontent.com/file/vn-11134207-820l4-mf21o66lrjexad,https://shopee.vn/Bộ-sổ-bút-quà-tặng-KHẮC-THEO-YÊU-CẦU-doanh-nghiệp-CÓ-KÈM-TÚI-ĐỰNG-tặng-thầy-cô-khách-hàng-SS02-i.350805812.23873824515?extraParams=%7B%22display_model_id%22%3A232770746581%2C%22model_selection_logic%22%3A3%7D
293,Quà tặng VoVi PlasticFree,Thành phố Hà Nội,https://shopee.vn/search?shop=350805812,"Quà tặng bộ cốc tre KHẮC THEO YÊU CẦU, ống hút tre, quà lưu niệm, tặng sinh nhật ý nghĩa, độc đáo QT02",149.000 ₫,"Đặc sản chất lượng - Quà tặng bộ cốc tre KHẮC THEO YÊU CẦU, ống hút tre, quà lưu niệm, tặng sinh nhật ý nghĩa, độc đáo QT02",https://down-vn.img.susercontent.com/file/vn-11134207-7ra0g-m6q9dbe2b0agfa,https://shopee.vn/Quà-tặng-bộ-cốc-tre-KHẮC-THEO-YÊU-CẦU-ống-hút-tre-quà-lưu-niệm-tặng-sinh-nhật-ý-nghĩa-độc-đáo-QT02-i.350805812.8539236127?extraParams=%7B%22display_model_id%22%3A49416684417%2C%22model_selection_logic%22%3A3%7D
294,Quà tặng VoVi PlasticFree,Thành phố Hà Nội,https://shopee.vn/search?shop=350805812,"Set quà tặng valentine, sinh nhật xinh xắn tặng người yêu, bạn bè, người thân V01",162.000 ₫,"Đặc sản chất lượng - Set quà tặng valentine, sinh nhật xinh xắn tặng người yêu, bạn bè, người thân V01",https://down-vn.img.susercontent.com/file/vn-11134207-23010-kpc4p4rnbtmv39,https://shopee.vn/Set-quà-tặng-valentine-sinh-nhật-xinh-xắn-tặng-người-yêu-bạn-bè-người-thân-V01-i.350805812.19771883308?extraParams=%7B%22display_model_id%22%3A137353449971%2C%22model_selection_logic%22%3A3%7D
295,Quà tặng VoVi PlasticFree,Thành phố Hà Nội,https://shopee.vn/search?shop=350805812,Cốc tre (ly tre) khắc theo yêu cầu,20.000 ₫,Đặc sản chất lượng - Cốc tre (ly tre) khắc theo yêu cầu,https://down-vn.img.susercontent.com/file/051895c4c8f1c1524f4417866d0a0b34,https://shopee.vn/Cốc-tre-(ly-tre)-khắc-theo-yêu-cầu-i.350805812.7885373481?extraParams=%7B%22display_model_id%22%3A310586013563%2C%22model_selection_logic%22%3A3%7D
296,The Măng Đen Đặc Sản Đại Ngàn,Thành phố Hồ Chí Minh,https://shopee.vn/search?shop=632066947,Dâu Tây Sấy Thăng Hoa Giòn Nguyên Vị Tự Nhiên The Măng Đen Đặc Sản Tây Nguyên Đại Ngàn Hộp 100g,148.000 ₫,Đặc sản chất lượng - Dâu Tây Sấy Thăng Hoa Giòn Nguyên Vị Tự Nhiên The Măng Đen Đặc Sản Tây Nguyên Đại Ngàn Hộp 100g,https://down-vn.img.susercontent.com/file/vn-11134207-820l4-mdwpnjlmoyrnd4,https://shopee.vn/Dâu-Tây-Sấy-Thăng-Hoa-Giòn-Nguyên-Vị-Tự-Nhiên-The-Măng-Đen-Đặc-Sản-Tây-Nguyên-Đại-Ngàn-Hộp-100g-i.632066947.11799699484?extraParams=%7B%22display_model_id%22%3A165919698866%2C%22model_selection_logic%22%3A3%7D
297,The Măng Đen Đặc Sản Đại Ngàn,Thành phố Hồ Chí Minh,https://shopee.vn/search?shop=632066947,Mãng Cầu Sấy Dẻo Không Đường Ngon Ngọt Tự Nhiên Tốt Cho Sức Khỏe Đặc Sản Trái Cây Sấy The Măng Đen,78.000 ₫,Đặc sản chất lượng - Mãng Cầu Sấy Dẻo Không Đường Ngon Ngọt Tự Nhiên Tốt Cho Sức Khỏe Đặc Sản Trái Cây Sấy The Măng Đen,https://down-vn.img.susercontent.com/file/vn-11134207-81ztc-ml4senmsadqh2b,https://shopee.vn/Mãng-Cầu-Sấy-Dẻo-Không-Đường-Ngon-Ngọt-Tự-Nhiên-Tốt-Cho-Sức-Khỏe-Đặc-Sản-Trái-Cây-Sấy-The-Măng-Đen-i.632066947.19580209054?extraParams=%7B%22display_model_id%22%3A98715296434%2C%22model_selection_logic%22%3A3%7D
298,The Măng Đen Đặc Sản Đại Ngàn,Thành phố Hồ Chí Minh,https://shopee.vn/search?shop=632066947,Xoài Sấy Dẻo Nguyên Vị Tự Nhiên Chua Ngọt Không Xơ Đặc Sản Trái Cây Sấy The Măng Đen,58.000 ₫,Đặc sản chất lượng - Xoài Sấy Dẻo Nguyên Vị Tự Nhiên Chua Ngọt Không Xơ Đặc Sản Trái Cây Sấy The Măng Đen,https://down-vn.img.susercontent.com/file/vn-11134207-7ras8-mbqdz71ge9hqf4,https://shopee.vn/Xoài-Sấy-Dẻo-Nguyên-Vị-Tự-Nhiên-Chua-Ngọt-Không-Xơ-Đặc-Sản-Trái-Cây-Sấy-The-Măng-Đen-i.632066947.15397415347?extraParams=%7B%22display_model_id%22%3A216720606826%2C%22model_selection_logic%22%3A3%7D
299,The Măng Đen Đặc Sản Đại Ngàn,Thành phố Hồ Chí Minh,https://shopee.vn/search?shop=632066947,Dâu Tây Sấy Dẻo Nguyên Vị Chua Ngọt Tự Nhiên Đặc Sản Trái Cây Sấy The Măng Đen Ăn Vặt Rất Ngon,79.000 ₫,Đặc sản chất lượng - Dâu Tây Sấy Dẻo Nguyên Vị Chua Ngọt Tự Nhiên Đặc Sản Trái Cây Sấy The Măng Đen Ăn Vặt Rất Ngon,https://down-vn.img.susercontent.com/file/vn-11134207-7ras8-mcg5qsomlttxbf,https://shopee.vn/Dâu-Tây-Sấy-Dẻo-Nguyên-Vị-Chua-Ngọt-Tự-Nhiên-Đặc-Sản-Trái-Cây-Sấy-The-Măng-Đen-Ăn-Vặt-Rất-Ngon-i.632066947.23941447123?extraParams=%7B%22display_model_id%22%3A196720595123%2C%22model_selection_logic%22%3A3%7D
300,The Măng Đen Đặc Sản Đại Ngàn,Thành phố Hồ Chí Minh,https://shopee.vn/search?shop=632066947,Chuối Sấy Giòn Mè Gừng Chuẩn OCOP The Măng Đen Hộp 200g Đặc Sản Tây Nguyên Giòn và Thơm Chất Lượng,88.000 ₫,Đặc sản chất lượng - Chuối Sấy Giòn Mè Gừng Chuẩn OCOP The Măng Đen Hộp 200g Đặc Sản Tây Nguyên Giòn và Thơm Chất Lượng,https://down-vn.img.susercontent.com/file/vn-11134207-820l4-meocw9ts7dhfb0,https://shopee.vn/Chuối-Sấy-Giòn-Mè-Gừng-Chuẩn-OCOP-The-Măng-Đen-Hộp-200g-Đặc-Sản-Tây-Nguyên-Giòn-và-Thơm-Chất-Lượng-i.632066947.22739684773?extraParams=%7B%22display_model_id%22%3A216784691179%2C%22model_selection_logic%22%3A3%7D
301,The Măng Đen Đặc Sản Đại Ngàn,Thành phố Hồ Chí Minh,https://shopee.vn/search?shop=632066947,"Hạt Đười Ươi Bay Đặc Sản The Măng Đen Kon Tum Ngâm Nước Uống Giải Nhiệt, Mát Gan, Thanh Lọc Cơ Thể",259.000 ₫,"Đặc sản chất lượng - Hạt Đười Ươi Bay Đặc Sản The Măng Đen Kon Tum Ngâm Nước Uống Giải Nhiệt, Mát Gan, Thanh Lọc Cơ Thể",https://down-vn.img.susercontent.com/file/vn-11134207-81ztc-mnqvpsz2zkecd2,https://shopee.vn/Hạt-Đười-Ươi-Bay-Đặc-Sản-The-Măng-Đen-Kon-Tum-Ngâm-Nước-Uống-Giải-Nhiệt-Mát-Gan-Thanh-Lọc-Cơ-Thể-i.632066947.23137004583?extraParams=%7B%22display_model_id%22%3A175916245511%2C%22model_selection_logic%22%3A3%7D
302,The Măng Đen Đặc Sản Đại Ngàn,Thành phố Hồ Chí Minh,https://shopee.vn/search?shop=632066947,Chuối Sấy Dẻo Nguyên Vị Tự Nhiên Ngon Ngọt Ăn Vặt Tốt Cho Sức Khỏe Đặc Sản Trái Cây Sấy The Măng Đen,49.000 ₫,Đặc sản chất lượng - Chuối Sấy Dẻo Nguyên Vị Tự Nhiên Ngon Ngọt Ăn Vặt Tốt Cho Sức Khỏe Đặc Sản Trái Cây Sấy The Măng Đen,https://down-vn.img.susercontent.com/file/vn-11134207-7ras8-mbqdsq9r0xqtfa,https://shopee.vn/Chuối-Sấy-Dẻo-Nguyên-Vị-Tự-Nhiên-Ngon-Ngọt-Ăn-Vặt-Tốt-Cho-Sức-Khỏe-Đặc-Sản-Trái-Cây-Sấy-The-Măng-Đen-i.632066947.18378832568?extraParams=%7B%22display_model_id%22%3A167615414754%2C%22model_selection_logic%22%3A3%7D
303,The Măng Đen Đặc Sản Đại Ngàn,Thành phố Hồ Chí Minh,https://shopee.vn/search?shop=632066947,Hạt Macca Sấy Mộc Nguyên Vị Giòn Bùi Béo The Măng Đen Đặc Sản Tây Nguyên Đại Ngàn Hộp 250g,139.000 ₫,Đặc sản chất lượng - Hạt Macca Sấy Mộc Nguyên Vị Giòn Bùi Béo The Măng Đen Đặc Sản Tây Nguyên Đại Ngàn Hộp 250g,https://down-vn.img.susercontent.com/file/vn-11134207-820l4-mdwq26ucr8jmd9,https://shopee.vn/Hạt-Macca-Sấy-Mộc-Nguyên-Vị-Giòn-Bùi-Béo-The-Măng-Đen-Đặc-Sản-Tây-Nguyên-Đại-Ngàn-Hộp-250g-i.632066947.23370657594?extraParams=%7B%22display_model_id%22%3A196810007473%2C%22model_selection_logic%22%3A3%7D
304,The Măng Đen Đặc Sản Đại Ngàn,Thành phố Hồ Chí Minh,https://shopee.vn/search?shop=632066947,Hạt Kơ Nia Hạt Cầy Rang Củi Nguyên Vị Hộp 250g Thơm Bùi Béo Đặc Sản Tây Nguyên Đại Ngàn,99.000 ₫,Đặc sản chất lượng - Hạt Kơ Nia Hạt Cầy Rang Củi Nguyên Vị Hộp 250g Thơm Bùi Béo Đặc Sản Tây Nguyên Đại Ngàn,https://down-vn.img.susercontent.com/file/vn-11134207-820l4-mgg9dbzucd8vcb,https://shopee.vn/Hạt-Kơ-Nia-Hạt-Cầy-Rang-Củi-Nguyên-Vị-Hộp-250g-Thơm-Bùi-Béo-Đặc-Sản-Tây-Nguyên-Đại-Ngàn-i.632066947.23969690130?extraParams=%7B%22display_model_id%22%3A194335113298%2C%22model_selection_logic%22%3A3%7D
305,The Măng Đen Đặc Sản Đại Ngàn,Thành phố Hồ Chí Minh,https://shopee.vn/search?shop=632066947,Bột Cacao Nguyên chất Giàu Dinh Dưỡng The Măng Đen Đặc Sản Tây Nguyên Đại Ngàn Hộp 250g,163.581 ₫,Đặc sản chất lượng - Bột Cacao Nguyên chất Giàu Dinh Dưỡng The Măng Đen Đặc Sản Tây Nguyên Đại Ngàn Hộp 250g,https://down-vn.img.susercontent.com/file/vn-11134207-81ztc-mn1en96oxczo30,https://shopee.vn/Bột-Cacao-Nguyên-chất-Giàu-Dinh-Dưỡng-The-Măng-Đen-Đặc-Sản-Tây-Nguyên-Đại-Ngàn-Hộp-250g-i.632066947.22936999013?extraParams=%7B%22display_model_id%22%3A59314047482%2C%22model_selection_logic%22%3A3%7D
306,HALLABOX,Thành phố Hồ Chí Minh,https://shopee.vn/search?shop=449089458,"Set Quà Tặng Sinh Nhật Cho Nữ, Quà Tặng Tốt Nghiệp, Quà Kỷ Niệm Ý Nghĩa Thiết Thiết Thực Sách & Ly Thủy Tinh HALLABOX",316.550 ₫,"Đặc sản chất lượng - Set Quà Tặng Sinh Nhật Cho Nữ, Quà Tặng Tốt Nghiệp, Quà Kỷ Niệm Ý Nghĩa Thiết Thiết Thực Sách & Ly Thủy Tinh HALLABOX",https://down-vn.img.susercontent.com/file/vn-11134207-81ztc-mo9nuc9zqnf340,https://shopee.vn/Set-Quà-Tặng-Sinh-Nhật-Cho-Nữ-Quà-Tặng-Tốt-Nghiệp-Quà-Kỷ-Niệm-Ý-Nghĩa-Thiết-Thiết-Thực-Sách-Ly-Thủy-Tinh-HALLABOX-i.449089458.40627718902?extraParams=%7B%22display_model_id%22%3A325386963437%2C%22model_selection_logic%22%3A3%7D
307,HALLABOX,Thành phố Hồ Chí Minh,https://shopee.vn/search?shop=449089458,"(Có gói quà, nhiều mẫu) Ly Thủy Tinh 500ml Kèm Ống hút & Lót ly Trendy Cao Cấp Chịu Nhiệt  HALLABOX",174.050 ₫,"Đặc sản chất lượng - (Có gói quà, nhiều mẫu) Ly Thủy Tinh 500ml Kèm Ống hút & Lót ly Trendy Cao Cấp Chịu Nhiệt  HALLABOX",https://down-vn.img.susercontent.com/file/vn-11134207-81ztc-mp56ghlr4x6ob7,https://shopee.vn/(Có-gói-quà-nhiều-mẫu)-Ly-Thủy-Tinh-500ml-Kèm-Ống-hút-Lót-ly-Trendy-Cao-Cấp-Chịu-Nhiệt-HALLABOX-i.449089458.56460619205?extraParams=%7B%22display_model_id%22%3A346007792664%2C%22model_selection_logic%22%3A3%7D
308,HALLABOX,Thành phố Hồ Chí Minh,https://shopee.vn/search?shop=449089458,"(Có gói quà) Ly Thủy Tinh Tên Riêng Theo Yêu Cầu 500ml Kèm Ống hút & Lót ly Cao Cấp Chịu Nhiệt, làm quà tặng HALLABOX",193.050 ₫,"Đặc sản chất lượng - (Có gói quà) Ly Thủy Tinh Tên Riêng Theo Yêu Cầu 500ml Kèm Ống hút & Lót ly Cao Cấp Chịu Nhiệt, làm quà tặng HALLABOX",https://down-vn.img.susercontent.com/file/vn-11134207-81ztc-mp12d71ywpou66,https://shopee.vn/(Có-gói-quà)-Ly-Thủy-Tinh-Tên-Riêng-Theo-Yêu-Cầu-500ml-Kèm-Ống-hút-Lót-ly-Cao-Cấp-Chịu-Nhiệt-làm-quà-tặng-HALLABOX-i.449089458.50661620700?extraParams=%7B%22display_model_id%22%3A421008881986%2C%22model_selection_logic%22%3A3%7D
309,HALLABOX,Thành phố Hồ Chí Minh,https://shopee.vn/search?shop=449089458,Ly Thủy Tinh 500ml Kèm Ống hút & Lót ly Trendy Cao Cấp Chịu Nhiệt Enjoy The Little Things HALLABOX,174.050 ₫,Đặc sản chất lượng - Ly Thủy Tinh 500ml Kèm Ống hút & Lót ly Trendy Cao Cấp Chịu Nhiệt Enjoy The Little Things HALLABOX,https://down-vn.img.susercontent.com/file/vn-11134207-81ztc-mob4d3fh0etr67,https://shopee.vn/Ly-Thủy-Tinh-500ml-Kèm-Ống-hút-Lót-ly-Trendy-Cao-Cấp-Chịu-Nhiệt-Enjoy-The-Little-Things-HALLABOX-i.449089458.27944836583?extraParams=%7B%22display_model_id%22%3A340930656095%2C%22model_selection_logic%22%3A3%7D
310,HALLABOX,Thành phố Hồ Chí Minh,https://shopee.vn/search?shop=449089458,"Set quà tặng cho nữ, quà sinh nhật, quà kỷ niệm, quà tặng khách hàng, độc đáo tặng bạn bè khách hàng HALLABOX",193.050 ₫,"Đặc sản chất lượng - Set quà tặng cho nữ, quà sinh nhật, quà kỷ niệm, quà tặng khách hàng, độc đáo tặng bạn bè khách hàng HALLABOX",https://down-vn.img.susercontent.com/file/vn-11134207-81ztc-mp2bx0fl2rdaa2,https://shopee.vn/Set-quà-tặng-cho-nữ-quà-sinh-nhật-quà-kỷ-niệm-quà-tặng-khách-hàng-độc-đáo-tặng-bạn-bè-khách-hàng-HALLABOX-i.449089458.56301952948?extraParams=%7B%22display_model_id%22%3A326046423584%2C%22model_selection_logic%22%3A3%7D
311,HALLABOX,Thành phố Hồ Chí Minh,https://shopee.vn/search?shop=449089458,"Quà tặng, quà kỷ niệm, quà sinh nhật, quà tặng giáng sinh Noel giỏ cây nấm dễ thương tặng người yêu bạn bè Hallabox",174.050 ₫,"Đặc sản chất lượng - Quà tặng, quà kỷ niệm, quà sinh nhật, quà tặng giáng sinh Noel giỏ cây nấm dễ thương tặng người yêu bạn bè Hallabox",https://down-vn.img.susercontent.com/file/vn-11134207-820l4-mfgfsa4i4wln42,https://shopee.vn/Quà-tặng-quà-kỷ-niệm-quà-sinh-nhật-quà-tặng-giáng-sinh-Noel-giỏ-cây-nấm-dễ-thương-tặng-người-yêu-bạn-bè-Hallabox-i.449089458.40772956121?extraParams=%7B%22display_model_id%22%3A425353719378%2C%22model_selection_logic%22%3A3%7D
312,TIỆM QUÀ FUTI,Thành phố Hồ Chí Minh,https://shopee.vn/search?shop=1649864012,"PostCard Viết tay, Thiệp Giấy In Hình Valentine, Thiệp Viết Tay Đáng Yêu Ghi Lời Chúc",7.000 ₫,"Đặc sản chất lượng - PostCard Viết tay, Thiệp Giấy In Hình Valentine, Thiệp Viết Tay Đáng Yêu Ghi Lời Chúc",https://down-vn.img.susercontent.com/file/vn-11134207-820l4-mjuz8kdmx69ve4,https://shopee.vn/PostCard-Viết-tay-Thiệp-Giấy-In-Hình-Valentine-Thiệp-Viết-Tay-Đáng-Yêu-Ghi-Lời-Chúc-i.1649864012.43678374963?extraParams=%7B%22display_model_id%22%3A395492605512%2C%22model_selection_logic%22%3A3%7D
313,TIỆM QUÀ FUTI,Thành phố Hồ Chí Minh,https://shopee.vn/search?shop=1649864012,"[QUÀ TẶNG] Giấy Chứng Nhận Tình Yêu, Giấy Cam Kết Yêu Thương Tặng Người Yêu Dịp Valentine, Kỷ Niệm",20.000 ₫,"Đặc sản chất lượng - [QUÀ TẶNG] Giấy Chứng Nhận Tình Yêu, Giấy Cam Kết Yêu Thương Tặng Người Yêu Dịp Valentine, Kỷ Niệm",https://down-vn.img.susercontent.com/file/vn-11134207-820l4-mjpfs3b99zb675,https://shopee.vn/-QUÀ-TẶNG-Giấy-Chứng-Nhận-Tình-Yêu-Giấy-Cam-Kết-Yêu-Thương-Tặng-Người-Yêu-Dịp-Valentine-Kỷ-Niệm-i.1649864012.45355426293?extraParams=%7B%22display_model_id%22%3A430492601743%2C%22model_selection_logic%22%3A3%7D
314,TIỆM QUÀ FUTI,Thành phố Hồ Chí Minh,https://shopee.vn/search?shop=1649864012,"Lọ Quà Tặng Chữa Lành, Lọ Vitamin Love, Gửi Gắm Yêu Thương - Quà Tặng Người Yêu, Bạn Gái",52.000 ₫,"Đặc sản chất lượng - Lọ Quà Tặng Chữa Lành, Lọ Vitamin Love, Gửi Gắm Yêu Thương - Quà Tặng Người Yêu, Bạn Gái",https://down-vn.img.susercontent.com/file/vn-11134207-7r98o-lxxv5a7lhhaxa2,https://shopee.vn/Lọ-Quà-Tặng-Chữa-Lành-Lọ-Vitamin-Love-Gửi-Gắm-Yêu-Thương-Quà-Tặng-Người-Yêu-Bạn-Gái-i.1649864012.51605402570?extraParams=%7B%22display_model_id%22%3A340735952824%2C%22model_selection_logic%22%3A3%7D
315,TIỆM QUÀ FUTI,Thành phố Hồ Chí Minh,https://shopee.vn/search?shop=1649864012,"Túi Phước Omamori May Mắn - Túi Gấm Thêu Nhật Bản Thu Hút Tài Lộc, Tình Yêu, Mang Theo Hàng Ngày",40.000 ₫,"Đặc sản chất lượng - Túi Phước Omamori May Mắn - Túi Gấm Thêu Nhật Bản Thu Hút Tài Lộc, Tình Yêu, Mang Theo Hàng Ngày",https://down-vn.img.susercontent.com/file/vn-11134207-81ztc-mo0trjmxr18l4f,https://shopee.vn/Túi-Phước-Omamori-May-Mắn-Túi-Gấm-Thêu-Nhật-Bản-Thu-Hút-Tài-Lộc-Tình-Yêu-Mang-Theo-Hàng-Ngày-i.1649864012.41930677974?extraParams=%7B%22display_model_id%22%3A49955394030%2C%22model_selection_logic%22%3A3%7D
316,TIỆM QUÀ FUTI,Thành phố Hồ Chí Minh,https://shopee.vn/search?shop=1649864012,"Hộp Quà Tặng Ly Sứ Và Móc Khóa Gấu, Quà Tặng Tốt Nghiệp, Sinh Nhật Người Yêu Grad Box",35.000 ₫,"Đặc sản chất lượng - Hộp Quà Tặng Ly Sứ Và Móc Khóa Gấu, Quà Tặng Tốt Nghiệp, Sinh Nhật Người Yêu Grad Box",https://down-vn.img.susercontent.com/file/vn-11134207-81ztc-mmvfie0c9zicf3,https://shopee.vn/Hộp-Quà-Tặng-Ly-Sứ-Và-Móc-Khóa-Gấu-Quà-Tặng-Tốt-Nghiệp-Sinh-Nhật-Người-Yêu-Grad-Box-i.1649864012.48505426072?extraParams=%7B%22display_model_id%22%3A435736633531%2C%22model_selection_logic%22%3A3%7D
317,TIỆM QUÀ FUTI,Thành phố Hồ Chí Minh,https://shopee.vn/search?shop=1649864012,"Linh Phù Tây Tạng - Túi Phước May Mắn, Cầu Bình An, Tài Lộc",35.000 ₫,"Đặc sản chất lượng - Linh Phù Tây Tạng - Túi Phước May Mắn, Cầu Bình An, Tài Lộc",https://down-vn.img.susercontent.com/file/vn-11134207-81ztc-mp7ffg636cjz81,https://shopee.vn/Linh-Phù-Tây-Tạng-Túi-Phước-May-Mắn-Cầu-Bình-An-Tài-Lộc-i.1649864012.51960886410?extraParams=%7B%22display_model_id%22%3A395950310413%2C%22model_selection_logic%22%3A3%7D
318,TIỆM QUÀ FUTI,Thành phố Hồ Chí Minh,https://shopee.vn/search?shop=1649864012,Túi Giấy Xi Măng Giấy Dày - Túi Giấy Kraft đựng có quai Đựng Hộp Quà,9.000 ₫,Đặc sản chất lượng - Túi Giấy Xi Măng Giấy Dày - Túi Giấy Kraft đựng có quai Đựng Hộp Quà,https://down-vn.img.susercontent.com/file/vn-11134207-7r98o-lxamogvbzftn3c,https://shopee.vn/Túi-Giấy-Xi-Măng-Giấy-Dày-Túi-Giấy-Kraft-đựng-có-quai-Đựng-Hộp-Quà-i.1649864012.56155393134?extraParams=%7B%22display_model_id%22%3A330793291808%2C%22model_selection_logic%22%3A3%7D
319,TIỆM QUÀ FUTI,Thành phố Hồ Chí Minh,https://shopee.vn/search?shop=1649864012,"Que Khuếch Tán Tinh Dầu Làm Thơm Phòng, Que Mây Tự Nhiên Giúp Khử Mùi Tỏa Hương Xa",9.000 ₫,"Đặc sản chất lượng - Que Khuếch Tán Tinh Dầu Làm Thơm Phòng, Que Mây Tự Nhiên Giúp Khử Mùi Tỏa Hương Xa",https://down-vn.img.susercontent.com/file/vn-11134207-7qukw-lgrig2ftcoj6a9,https://shopee.vn/Que-Khuếch-Tán-Tinh-Dầu-Làm-Thơm-Phòng-Que-Mây-Tự-Nhiên-Giúp-Khử-Mùi-Tỏa-Hương-Xa-i.1649864012.47555413427?extraParams=%7B%22display_model_id%22%3A375492557949%2C%22model_selection_logic%22%3A3%7D
320,@ANAN,Thành phố Hà Nội,https://shopee.vn/search?shop=1188180459,Móc khóa ngọc vô sự bài kiếm lai tuế tuế bình an khắc chữ kèm dây tủa rua xanh cổ trang quà lưu niệm R1,115.000 ₫,Đặc sản chất lượng - Móc khóa ngọc vô sự bài kiếm lai tuế tuế bình an khắc chữ kèm dây tủa rua xanh cổ trang quà lưu niệm R1,https://down-vn.img.susercontent.com/file/vn-11134207-7ra0g-m6b8lu5j2gw3b5,https://shopee.vn/Móc-khóa-ngọc-vô-sự-bài-kiếm-lai-tuế-tuế-bình-an-khắc-chữ-kèm-dây-tủa-rua-xanh-cổ-trang-quà-lưu-niệm-R1-i.1188180459.27526360600?extraParams=%7B%22display_model_id%22%3A198218324363%2C%22model_selection_logic%22%3A3%7D
321,@ANAN,Thành phố Hà Nội,https://shopee.vn/search?shop=1188180459,Cuốn sổ tay Kiếm Lai quà lưu niệm sưu tập ghi chép tặng kèm thẻ bài kẹp sách R05,200.000 ₫,Đặc sản chất lượng - Cuốn sổ tay Kiếm Lai quà lưu niệm sưu tập ghi chép tặng kèm thẻ bài kẹp sách R05,https://down-vn.img.susercontent.com/file/vn-11134207-7ras8-manwywoq5b4c52,https://shopee.vn/Cuốn-sổ-tay-Kiếm-Lai-quà-lưu-niệm-sưu-tập-ghi-chép-tặng-kèm-thẻ-bài-kẹp-sách-R05-i.1188180459.29687267398?extraParams=%7B%22display_model_id%22%3A168950150840%2C%22model_selection_logic%22%3A3%7D
322,@ANAN,Thành phố Hà Nội,https://shopee.vn/search?shop=1188180459,Trâm ngọc bích khắc chữ nguyên khối quà tặng lưu niệm ý nghĩa châm cài tóc trang sức cổ trang cosplay Kiếm Lai T01,500.000 ₫,Đặc sản chất lượng - Trâm ngọc bích khắc chữ nguyên khối quà tặng lưu niệm ý nghĩa châm cài tóc trang sức cổ trang cosplay Kiếm Lai T01,https://down-vn.img.susercontent.com/file/vn-11134207-7ra0g-m8n4xk6zgf422a,https://shopee.vn/Trâm-ngọc-bích-khắc-chữ-nguyên-khối-quà-tặng-lưu-niệm-ý-nghĩa-châm-cài-tóc-trang-sức-cổ-trang-cosplay-Kiếm-Lai-T01-i.1188180459.26933661897?extraParams=%7B%22display_model_id%22%3A208432082054%2C%22model_selection_logic%22%3A3%7D
323,@ANAN,Thành phố Hà Nội,https://shopee.vn/search?shop=1188180459,Bình hoa gốm sứ 3D thủ công trang trí decor mini để bàn hồng trắng pastel quà lưu niệm đạo cụ phụ kiện PK08,240.000 ₫,Đặc sản chất lượng - Bình hoa gốm sứ 3D thủ công trang trí decor mini để bàn hồng trắng pastel quà lưu niệm đạo cụ phụ kiện PK08,https://down-vn.img.susercontent.com/file/vn-11134207-81ztc-mmharb7idpfn51,https://shopee.vn/Bình-hoa-gốm-sứ-3D-thủ-công-trang-trí-decor-mini-để-bàn-hồng-trắng-pastel-quà-lưu-niệm-đạo-cụ-phụ-kiện-PK08-i.1188180459.51608003064?extraParams=%7B%22display_model_id%22%3A277495310323%2C%22model_selection_logic%22%3A3%7D
324,@ANAN,Thành phố Hà Nội,https://shopee.vn/search?shop=1188180459,Mô hình lắp ráp thuyền gỗ nhỏ tăng trí thông minh trang trí decor bàn lm việc lego thủ công quà tặng sưu tầm DC01,135.000 ₫,Đặc sản chất lượng - Mô hình lắp ráp thuyền gỗ nhỏ tăng trí thông minh trang trí decor bàn lm việc lego thủ công quà tặng sưu tầm DC01,https://down-vn.img.susercontent.com/file/vn-11134207-820l4-mive4bokveo49a,https://shopee.vn/Mô-hình-lắp-ráp-thuyền-gỗ-nhỏ-tăng-trí-thông-minh-trang-trí-decor-bàn-lm-việc-lego-thủ-công-quà-tặng-sưu-tầm-DC01-i.1188180459.44753944617?extraParams=%7B%22display_model_id%22%3A375373945656%2C%22model_selection_logic%22%3A3%7D
325,@ANAN,Thành phố Hà Nội,https://shopee.vn/search?shop=1188180459,Quạt lông công tròn phụ kiện decor đạo cụ trang trí cầm tay cổ điển PK02,256.000 ₫,Đặc sản chất lượng - Quạt lông công tròn phụ kiện decor đạo cụ trang trí cầm tay cổ điển PK02,https://down-vn.img.susercontent.com/file/vn-11134207-820l4-mivez2e6hfr5c6,https://shopee.vn/Quạt-lông-công-tròn-phụ-kiện-decor-đạo-cụ-trang-trí-cầm-tay-cổ-điển-PK02-i.1188180459.42977657488?extraParams=%7B%22display_model_id%22%3A420374084064%2C%22model_selection_logic%22%3A3%7D
326,@ANAN,Thành phố Hà Nội,https://shopee.vn/search?shop=1188180459,Quạt tròn thêu cầm tay cổ điển hán phục Trung Quốc thêu hoa tử vi họa tiết độc đáo quạt cô dâu đạo cụ cán dài PK03,335.000 ₫,Đặc sản chất lượng - Quạt tròn thêu cầm tay cổ điển hán phục Trung Quốc thêu hoa tử vi họa tiết độc đáo quạt cô dâu đạo cụ cán dài PK03,https://down-vn.img.susercontent.com/file/vn-11134207-81ztc-mmh860uh0vep89,https://shopee.vn/Quạt-tròn-thêu-cầm-tay-cổ-điển-hán-phục-Trung-Quốc-thêu-hoa-tử-vi-họa-tiết-độc-đáo-quạt-cô-dâu-đạo-cụ-cán-dài-PK03-i.1188180459.54408002058?extraParams=%7B%22display_model_id%22%3A435710748970%2C%22model_selection_logic%22%3A3%7D
327,@ANAN,Thành phố Hà Nội,https://shopee.vn/search?shop=1188180459,Quạt lông công tròn cầm tay ghim 7 lông thân tre tím mặt sau họa tiết thêu thủ công đính phụ kiện đá độc đáo PK06,400.000 ₫,Đặc sản chất lượng - Quạt lông công tròn cầm tay ghim 7 lông thân tre tím mặt sau họa tiết thêu thủ công đính phụ kiện đá độc đáo PK06,https://down-vn.img.susercontent.com/file/vn-11134207-81ztc-mmh9xw9046ww99,https://shopee.vn/Quạt-lông-công-tròn-cầm-tay-ghim-7-lông-thân-tre-tím-mặt-sau-họa-tiết-thêu-thủ-công-đính-phụ-kiện-đá-độc-đáo-PK06-i.1188180459.52758002575?extraParams=%7B%22display_model_id%22%3A267495411031%2C%22model_selection_logic%22%3A3%7D
328,Svietnam.com,Thành phố Hồ Chí Minh,https://shopee.vn/search?shop=237125302,Hít nam châm cô gái đứng Việt Nam,25.000 ₫,Đặc sản chất lượng - Hít nam châm cô gái đứng Việt Nam,https://down-vn.img.susercontent.com/file/vn-11134207-820l4-mfaunngqiln2cc,https://shopee.vn/Hít-nam-châm-cô-gái-đứng-Việt-Nam-i.237125302.42822531230?extraParams=%7B%22display_model_id%22%3A330466520219%2C%22model_selection_logic%22%3A3%7D
329,Svietnam.com,Thành phố Hồ Chí Minh,https://shopee.vn/search?shop=237125302,Magnet Lưu Niệm Việt Nam - Nam Châm Tủ Lạnh quạt gỗ 3D hình địa danh- Quà Tặng Lưu Niệm Việt Nam,25.000 ₫,Đặc sản chất lượng - Magnet Lưu Niệm Việt Nam - Nam Châm Tủ Lạnh quạt gỗ 3D hình địa danh- Quà Tặng Lưu Niệm Việt Nam,https://down-vn.img.susercontent.com/file/vn-11134207-81ztc-mleywjh9d1xhec,https://shopee.vn/Magnet-Lưu-Niệm-Việt-Nam-Nam-Châm-Tủ-Lạnh-quạt-gỗ-3D-hình-địa-danh-Quà-Tặng-Lưu-Niệm-Việt-Nam-i.237125302.52106733734?extraParams=%7B%22display_model_id%22%3A259227250117%2C%22model_selection_logic%22%3A3%7D
330,Svietnam.com,Thành phố Hồ Chí Minh,https://shopee.vn/search?shop=237125302,Móc khóa gỗ ẩm thực món ăn Việt,10.000 ₫,Đặc sản chất lượng - Móc khóa gỗ ẩm thực món ăn Việt,https://down-vn.img.susercontent.com/file/vn-11134207-7r98o-m07h0o6h1dhr5b,https://shopee.vn/Móc-khóa-gỗ-ẩm-thực-món-ăn-Việt-i.237125302.25336085836?extraParams=%7B%22display_model_id%22%3A301945756450%2C%22model_selection_logic%22%3A3%7D
331,Svietnam.com,Thành phố Hồ Chí Minh,https://shopee.vn/search?shop=237125302,Chiếc Quạt gỗ hình ảnh Việt Nam - Magnet nam châm,28.000 ₫,Đặc sản chất lượng - Chiếc Quạt gỗ hình ảnh Việt Nam - Magnet nam châm,https://down-vn.img.susercontent.com/file/vn-11134207-7ras8-m254wa3gem7210,https://shopee.vn/Chiếc-Quạt-gỗ-hình-ảnh-Việt-Nam-Magnet-nam-châm-i.237125302.29416382324?extraParams=%7B%22display_model_id%22%3A325802599754%2C%22model_selection_logic%22%3A3%7D
332,Svietnam.com,Thành phố Hồ Chí Minh,https://shopee.vn/search?shop=237125302,Móc khoá gỗ 3 D lưu niệm Việt Nam,12.000 ₫,Đặc sản chất lượng - Móc khoá gỗ 3 D lưu niệm Việt Nam,https://down-vn.img.susercontent.com/file/vn-11134207-820l4-mffbwtwerxfv40,https://shopee.vn/Móc-khoá-gỗ-3-D-lưu-niệm-Việt-Nam-i.237125302.26666406779?extraParams=%7B%22display_model_id%22%3A271945540480%2C%22model_selection_logic%22%3A3%7D
333,Svietnam.com,Thành phố Hồ Chí Minh,https://shopee.vn/search?shop=237125302,1 Tượng miss Việt Nam - cô gái đội nón lá 12 cm decor,35.000 ₫,Đặc sản chất lượng - 1 Tượng miss Việt Nam - cô gái đội nón lá 12 cm decor,https://down-vn.img.susercontent.com/file/vn-11134207-7ras8-m25822v6vyse49,https://shopee.vn/1-Tượng-miss-Việt-Nam-cô-gái-đội-nón-lá-12-cm-decor-i.237125302.29966416467?extraParams=%7B%22display_model_id%22%3A168515662231%2C%22model_selection_logic%22%3A3%7D
334,Svietnam.com,Thành phố Hồ Chí Minh,https://shopee.vn/search?shop=237125302,combo rẻ Keychan Hít Nón lá 5 cm Fridge Magnet (3 vị trí),30.000 ₫,Đặc sản chất lượng - combo rẻ Keychan Hít Nón lá 5 cm Fridge Magnet (3 vị trí),https://down-vn.img.susercontent.com/file/vn-11134207-7ras8-m25a6dmjc59u2e,https://shopee.vn/combo-rẻ-Keychan-Hít-Nón-lá-5-cm-Fridge-Magnet-(3-vị-trí)-i.237125302.26766408341?extraParams=%7B%22display_model_id%22%3A223586044559%2C%22model_selection_logic%22%3A3%7D
335,Svietnam.com,Thành phố Hồ Chí Minh,https://shopee.vn/search?shop=237125302,MAGNET khui bia mở hộp hình ảnh cô gái áo dài,48.000 ₫,Đặc sản chất lượng - MAGNET khui bia mở hộp hình ảnh cô gái áo dài,https://down-vn.img.susercontent.com/file/vn-11134207-820l4-melddif2nkzleb,https://shopee.vn/MAGNET-khui-bia-mở-hộp-hình-ảnh-cô-gái-áo-dài-i.237125302.42768823011?extraParams=%7B%22display_model_id%22%3A271544544019%2C%22model_selection_logic%22%3A3%7D
336,Svietnam.com,Thành phố Hồ Chí Minh,https://shopee.vn/search?shop=237125302,Magnet đá poly Đà Nẵng - souvenir decor,22.000 ₫,Đặc sản chất lượng - Magnet đá poly Đà Nẵng - souvenir decor,https://down-vn.img.susercontent.com/file/vn-11134207-7ras8-m26xdapy2fg4bf,https://shopee.vn/Magnet-đá-poly-Đà-Nẵng-souvenir-decor-i.237125302.28716523448?extraParams=%7B%22display_model_id%22%3A205526372811%2C%22model_selection_logic%22%3A3%7D
337,Tạp Hoá Tuổi Thơ 6868,Thành phố Hà Nội,https://shopee.vn/search?shop=22890650,Vỉ 40 túi nổ thối phiên bản mới,40.000 ₫,Đặc sản chất lượng - Vỉ 40 túi nổ thối phiên bản mới,https://down-vn.img.susercontent.com/file/vn-11134207-81ztc-mmyr5kj88ufaa5,https://shopee.vn/Vỉ-40-túi-nổ-thối-phiên-bản-mới-i.22890650.50508674302?extraParams=%7B%22display_model_id%22%3A307529877833%2C%22model_selection_logic%22%3A3%7D
338,Tạp Hoá Tuổi Thơ 6868,Thành phố Hà Nội,https://shopee.vn/search?shop=22890650,(Set 10 Tấm trộn hình ) Hình Dán Sticker Nổi 3D Trong Suốt Hot Trend Trang Trí,55.000 ₫,Đặc sản chất lượng - (Set 10 Tấm trộn hình ) Hình Dán Sticker Nổi 3D Trong Suốt Hot Trend Trang Trí,https://down-vn.img.susercontent.com/file/vn-11134207-81ztc-mnr8avylgav8e1,https://shopee.vn/(Set-10-Tấm-trộn-hình-)-Hình-Dán-Sticker-Nổi-3D-Trong-Suốt-Hot-Trend-Trang-Trí-i.22890650.52702652711?extraParams=%7B%22display_model_id%22%3A415255977109%2C%22model_selection_logic%22%3A3%7D
339,Tạp Hoá Tuổi Thơ 6868,Thành phố Hà Nội,https://shopee.vn/search?shop=22890650,"Bộ mô hình đồ chơi lắp ráp xếp hình 10in1 mini 3D. Mô hình máy bay, xe tăng, oto..",84.000 ₫,"Đặc sản chất lượng - Bộ mô hình đồ chơi lắp ráp xếp hình 10in1 mini 3D. Mô hình máy bay, xe tăng, oto..",https://down-vn.img.susercontent.com/file/vn-11134207-81ztc-mmxeuvc1v8xx93,https://shopee.vn/Bộ-mô-hình-đồ-chơi-lắp-ráp-xếp-hình-10in1-mini-3D.-Mô-hình-máy-bay-xe-tăng-oto..-i.22890650.55008642283?extraParams=%7B%22display_model_id%22%3A297527367836%2C%22model_selection_logic%22%3A3%7D
340,Tạp Hoá Tuổi Thơ 6868,Thành phố Hà Nội,https://shopee.vn/search?shop=22890650,( Giá Sỉ) Bịch 20 bộ bài nhí siêu nhân hot hit( Mỗi bộ từ 50-52 lá),36.000 ₫,Đặc sản chất lượng - ( Giá Sỉ) Bịch 20 bộ bài nhí siêu nhân hot hit( Mỗi bộ từ 50-52 lá),https://down-vn.img.susercontent.com/file/vn-11134207-820l4-mgq1rllqbguj71,https://shopee.vn/(-Giá-Sỉ)-Bịch-20-bộ-bài-nhí-siêu-nhân-hot-hit(-Mỗi-bộ-từ-50-52-lá)-i.22890650.56600897724?extraParams=%7B%22display_model_id%22%3A390081164813%2C%22model_selection_logic%22%3A3%7D
341,Tạp Hoá Tuổi Thơ 6868,Thành phố Hà Nội,https://shopee.vn/search?shop=22890650,Set 10 mô hình (10in1) đồ chơi lắp ghép thế giới động vật phát triển tư duy cho bé,84.000 ₫,Đặc sản chất lượng - Set 10 mô hình (10in1) đồ chơi lắp ghép thế giới động vật phát triển tư duy cho bé,https://down-vn.img.susercontent.com/file/vn-11134207-81ztc-mmxeruzfzuh10b,https://shopee.vn/Set-10-mô-hình-(10in1)-đồ-chơi-lắp-ghép-thế-giới-động-vật-phát-triển-tư-duy-cho-bé-i.22890650.49557683451?extraParams=%7B%22display_model_id%22%3A325896695396%2C%22model_selection_logic%22%3A3%7D
342,Tạp Hoá Tuổi Thơ 6868,Thành phố Hà Nội,https://shopee.vn/search?shop=22890650,Sỉ bộ bài uno nhiều mẫu(giao ngẫu nhiên),25.000 ₫,Đặc sản chất lượng - Sỉ bộ bài uno nhiều mẫu(giao ngẫu nhiên),https://down-vn.img.susercontent.com/file/vn-11134207-820l4-mewpj7b1o2kgca,https://shopee.vn/Sỉ-bộ-bài-uno-nhiều-mẫu(giao-ngẫu-nhiên)-i.22890650.28241903333?extraParams=%7B%22display_model_id%22%3A385930157676%2C%22model_selection_logic%22%3A3%7D
343,Tạp Hoá Tuổi Thơ 6868,Thành phố Hà Nội,https://shopee.vn/search?shop=22890650,Bịch 10 tờ dán 3D mô hình hoạt hình siêu xinh,100.000 ₫,Đặc sản chất lượng - Bịch 10 tờ dán 3D mô hình hoạt hình siêu xinh,https://down-vn.img.susercontent.com/file/vn-11134207-81ztc-mo3md5cuw54x1f,https://shopee.vn/Bịch-10-tờ-dán-3D-mô-hình-hoạt-hình-siêu-xinh-i.22890650.51610279863?extraParams=%7B%22display_model_id%22%3A340904413282%2C%22model_selection_logic%22%3A3%7D
344,HẢI ÂU - QUÀ TẶNG LƯU NIỆM,Thành phố Hồ Chí Minh,https://shopee.vn/search?shop=1360881374,"Magnet/ Hít Tủ Lạnh - Món Ăn Việt Nam, Quà Tặng Lưu Niệm Việt Nam",35.000 ₫,"Đặc sản chất lượng - Magnet/ Hít Tủ Lạnh - Món Ăn Việt Nam, Quà Tặng Lưu Niệm Việt Nam",https://down-vn.img.susercontent.com/file/vn-11134207-7ra0g-m95rcbtwaqtg1e,https://shopee.vn/Magnet-Hít-Tủ-Lạnh-Món-Ăn-Việt-Nam-Quà-Tặng-Lưu-Niệm-Việt-Nam-i.1360881374.44100393135?extraParams=%7B%22display_model_id%22%3A237858971434%2C%22model_selection_logic%22%3A3%7D
345,HẢI ÂU - QUÀ TẶNG LƯU NIỆM,Thành phố Hồ Chí Minh,https://shopee.vn/search?shop=1360881374,"Nam Châm Tủ Lạnh, Magnet Handmade, Quà Tặng Lưu Niệm Việt Nam, Hít Tủ Lạnh",23.500 ₫,"Đặc sản chất lượng - Nam Châm Tủ Lạnh, Magnet Handmade, Quà Tặng Lưu Niệm Việt Nam, Hít Tủ Lạnh",https://down-vn.img.susercontent.com/file/vn-11134207-7ras8-m0ffmggis06l85,https://shopee.vn/Nam-Châm-Tủ-Lạnh-Magnet-Handmade-Quà-Tặng-Lưu-Niệm-Việt-Nam-Hít-Tủ-Lạnh-i.1360881374.27661988757?extraParams=%7B%22display_model_id%22%3A118462319260%2C%22model_selection_logic%22%3A3%7D
346,HẢI ÂU - QUÀ TẶNG LƯU NIỆM,Thành phố Hồ Chí Minh,https://shopee.vn/search?shop=1360881374,Sổ Gỗ A6 Handmade - Quà Tặng Lưu Niệm Việt Nam,40.000 ₫,Đặc sản chất lượng - Sổ Gỗ A6 Handmade - Quà Tặng Lưu Niệm Việt Nam,https://down-vn.img.susercontent.com/file/vn-11134207-7ras8-m0l3lu5bf4i7c4,https://shopee.vn/Sổ-Gỗ-A6-Handmade-Quà-Tặng-Lưu-Niệm-Việt-Nam-i.1360881374.28812320338?extraParams=%7B%22display_model_id%22%3A350318064988%2C%22model_selection_logic%22%3A3%7D
347,HẢI ÂU - QUÀ TẶNG LƯU NIỆM,Thành phố Hồ Chí Minh,https://shopee.vn/search?shop=1360881374,Móc Khoá Lưu Niệm Việt Nam - Móc Khóa Gỗ Handmade - Quà Tặng Lưu Niệm Việt Nam,14.000 ₫,Đặc sản chất lượng - Móc Khoá Lưu Niệm Việt Nam - Móc Khóa Gỗ Handmade - Quà Tặng Lưu Niệm Việt Nam,https://down-vn.img.susercontent.com/file/vn-11134207-7ras8-m0h1lj0ou6bz03,https://shopee.vn/Móc-Khoá-Lưu-Niệm-Việt-Nam-Móc-Khóa-Gỗ-Handmade-Quà-Tặng-Lưu-Niệm-Việt-Nam-i.1360881374.29462069262?extraParams=%7B%22display_model_id%22%3A59466613671%2C%22model_selection_logic%22%3A3%7D
348,HẢI ÂU - QUÀ TẶNG LƯU NIỆM,Thành phố Hồ Chí Minh,https://shopee.vn/search?shop=1360881374,Magnet Gỗ 3D Việt Nam - Nam Châm Tủ Lạnh Lưu Niệm Việt Nam,52.000 ₫,Đặc sản chất lượng - Magnet Gỗ 3D Việt Nam - Nam Châm Tủ Lạnh Lưu Niệm Việt Nam,https://down-vn.img.susercontent.com/file/vn-11134207-81ztc-mlygx0vy6djj4a,https://shopee.vn/Magnet-Gỗ-3D-Việt-Nam-Nam-Châm-Tủ-Lạnh-Lưu-Niệm-Việt-Nam-i.1360881374.43307865205?extraParams=%7B%22display_model_id%22%3A287350756248%2C%22model_selection_logic%22%3A3%7D
349,HẢI ÂU - QUÀ TẶNG LƯU NIỆM,Thành phố Hồ Chí Minh,https://shopee.vn/search?shop=1360881374,Móc khóa kim loại lưu niệm Việt Nam,45.000 ₫,Đặc sản chất lượng - Móc khóa kim loại lưu niệm Việt Nam,https://down-vn.img.susercontent.com/file/vn-11134207-7ras8-mchleyojz7fg28,https://shopee.vn/Móc-khóa-kim-loại-lưu-niệm-Việt-Nam-i.1360881374.41409421157?extraParams=%7B%22display_model_id%22%3A295788120150%2C%22model_selection_logic%22%3A3%7D
350,HẢI ÂU - QUÀ TẶNG LƯU NIỆM,Thành phố Hồ Chí Minh,https://shopee.vn/search?shop=1360881374,Magnet/ Hít Tủ Lạnh Khung Tranh Vẽ Tay 3D 9x7cm - Hình Ảnh Việt Nam,28.000 ₫,Đặc sản chất lượng - Magnet/ Hít Tủ Lạnh Khung Tranh Vẽ Tay 3D 9x7cm - Hình Ảnh Việt Nam,https://down-vn.img.susercontent.com/file/vn-11134207-81ztc-mot9yf6yfyto88,https://shopee.vn/Magnet-Hít-Tủ-Lạnh-Khung-Tranh-Vẽ-Tay-3D-9x7cm-Hình-Ảnh-Việt-Nam-i.1360881374.57261329578?extraParams=%7B%22display_model_id%22%3A330986608149%2C%22model_selection_logic%22%3A3%7D
351,HẢI ÂU - QUÀ TẶNG LƯU NIỆM,Thành phố Hồ Chí Minh,https://shopee.vn/search?shop=1360881374,"01 Móc Khoá Nón Lá, Lưu Niệm Việt Nam - Size 5cm",15.000 ₫,"Đặc sản chất lượng - 01 Móc Khoá Nón Lá, Lưu Niệm Việt Nam - Size 5cm",https://down-vn.img.susercontent.com/file/vn-11134207-7ras8-m0l3ajf8nffx93,https://shopee.vn/01-Móc-Khoá-Nón-Lá-Lưu-Niệm-Việt-Nam-Size-5cm-i.1360881374.29812309063?extraParams=%7B%22display_model_id%22%3A217833778597%2C%22model_selection_logic%22%3A3%7D
352,HẢI ÂU - QUÀ TẶNG LƯU NIỆM,Thành phố Hồ Chí Minh,https://shopee.vn/search?shop=1360881374,"Magnet/ Hít Tủ Lạnh -  Địa danh Việt Nam, Quà Tặng Lưu Niệm Việt Nam",35.000 ₫,"Đặc sản chất lượng - Magnet/ Hít Tủ Lạnh -  Địa danh Việt Nam, Quà Tặng Lưu Niệm Việt Nam",https://down-vn.img.susercontent.com/file/vn-11134207-7ra0g-m7blwzacjiiea3,https://shopee.vn/Magnet-Hít-Tủ-Lạnh-Địa-danh-Việt-Nam-Quà-Tặng-Lưu-Niệm-Việt-Nam-i.1360881374.27229520602?extraParams=%7B%22display_model_id%22%3A223936213753%2C%22model_selection_logic%22%3A3%7D
353,HẢI ÂU - QUÀ TẶNG LƯU NIỆM,Thành phố Hồ Chí Minh,https://shopee.vn/search?shop=1360881374,"Nam châm tủ lạnh lưu niệm Việt Nam, Magnet Giấy Xoắn Handmade",29.000 ₫,"Đặc sản chất lượng - Nam châm tủ lạnh lưu niệm Việt Nam, Magnet Giấy Xoắn Handmade",https://down-vn.img.susercontent.com/file/vn-11134207-7ras8-m16r5fveqwsbc9,https://shopee.vn/Nam-châm-tủ-lạnh-lưu-niệm-Việt-Nam-Magnet-Giấy-Xoắn-Handmade-i.1360881374.28913691486?extraParams=%7B%22display_model_id%22%3A256751716683%2C%22model_selection_logic%22%3A3%7D
354,Giftory Gift for us,Thành phố Hồ Chí Minh,https://shopee.vn/search?shop=1298183594,"Thiệp chúc mừng Tốt Nghiệp mini, bỏ hộp quà",6.000 ₫,"Đặc sản chất lượng - Thiệp chúc mừng Tốt Nghiệp mini, bỏ hộp quà",https://down-vn.img.susercontent.com/file/sg-11134201-824j7-mf5m3eqoosuh67,https://shopee.vn/Thiệp-chúc-mừng-Tốt-Nghiệp-mini-bỏ-hộp-quà-i.1298183594.25044040064?extraParams=%7B%22display_model_id%22%3A258178808752%2C%22model_selection_logic%22%3A3%7D
355,Giftory Gift for us,Thành phố Hồ Chí Minh,https://shopee.vn/search?shop=1298183594,Giấy bao tập CINNAMOROLL - Giấy bóng dày --vpp,8.000 ₫,Đặc sản chất lượng - Giấy bao tập CINNAMOROLL - Giấy bóng dày --vpp,https://down-vn.img.susercontent.com/file/sg-11134201-7rdx5-m0lhsy1jegfk91,https://shopee.vn/Giấy-bao-tập-CINNAMOROLL-Giấy-bóng-dày-vpp-i.1298183594.27862353472?extraParams=%7B%22display_model_id%22%3A256667146335%2C%22model_selection_logic%22%3A3%7D
356,Giftory Gift for us,Thành phố Hồ Chí Minh,https://shopee.vn/search?shop=1298183594,Giấy Bao Tập COQUETTE PINK - Giấy bóng dày --vpp,8.000 ₫,Đặc sản chất lượng - Giấy Bao Tập COQUETTE PINK - Giấy bóng dày --vpp,https://down-vn.img.susercontent.com/file/sg-11134201-7rdvs-m0lhvlmxie2xc6,https://shopee.vn/Giấy-Bao-Tập-COQUETTE-PINK-Giấy-bóng-dày-vpp-i.1298183594.28262348801?extraParams=%7B%22display_model_id%22%3A226814618965%2C%22model_selection_logic%22%3A3%7D
357,Giftory Gift for us,Thành phố Hồ Chí Minh,https://shopee.vn/search?shop=1298183594,LOVE COUPON BOX - Thẻ Cào Tự Ghi Yêu Cầu,31.000 ₫,Đặc sản chất lượng - LOVE COUPON BOX - Thẻ Cào Tự Ghi Yêu Cầu,https://down-vn.img.susercontent.com/file/sg-11134201-824i0-mf6kr5l8oiko74,https://shopee.vn/LOVE-COUPON-BOX-Thẻ-Cào-Tự-Ghi-Yêu-Cầu-i.1298183594.26263470999?extraParams=%7B%22display_model_id%22%3A241737169868%2C%22model_selection_logic%22%3A3%7D
358,Giftory Gift for us,Thành phố Hồ Chí Minh,https://shopee.vn/search?shop=1298183594,"Sash đeo chéo đựng xiền dễ thương - quà tặng troll, hài hước dịp Tốt Nghiệp, Sinh Nhật, Đám Cưới",63.000 ₫,"Đặc sản chất lượng - Sash đeo chéo đựng xiền dễ thương - quà tặng troll, hài hước dịp Tốt Nghiệp, Sinh Nhật, Đám Cưới",https://down-vn.img.susercontent.com/file/sg-11134201-81zwq-mmy287uededi50,https://shopee.vn/Sash-đeo-chéo-đựng-xiền-dễ-thương-quà-tặng-troll-hài-hước-dịp-Tốt-Nghiệp-Sinh-Nhật-Đám-Cưới-i.1298183594.48408681953?extraParams=%7B%22display_model_id%22%3A310768591279%2C%22model_selection_logic%22%3A3%7D
359,Giftory Gift for us,Thành phố Hồ Chí Minh,https://shopee.vn/search?shop=1298183594,Giấy Bao Tập CARO HOA màu Pastel --vpp,7.000 ₫,Đặc sản chất lượng - Giấy Bao Tập CARO HOA màu Pastel --vpp,https://down-vn.img.susercontent.com/file/sg-11134201-7rdya-m0li78e4pnqdd8,https://shopee.vn/Giấy-Bao-Tập-CARO-HOA-màu-Pastel-vpp-i.1298183594.24136434826?extraParams=%7B%22display_model_id%22%3A138058505599%2C%22model_selection_logic%22%3A3%7D
360,Giftory Gift for us,Thành phố Hồ Chí Minh,https://shopee.vn/search?shop=1298183594,"Sash dây choàng cổ đựng T iền - quà tặng troll, hài hước các dịp Tốt nghiệp, Sinh Nhật, Đám Cưới",63.000 ₫,"Đặc sản chất lượng - Sash dây choàng cổ đựng T iền - quà tặng troll, hài hước các dịp Tốt nghiệp, Sinh Nhật, Đám Cưới",https://down-vn.img.susercontent.com/file/sg-11134201-81ztf-mmy2e9frhdz93e,https://shopee.vn/Sash-dây-choàng-cổ-đựng-T-iền-quà-tặng-troll-hài-hước-các-dịp-Tốt-nghiệp-Sinh-Nhật-Đám-Cưới-i.1298183594.42629968856?extraParams=%7B%22display_model_id%22%3A405768021937%2C%22model_selection_logic%22%3A3%7D
361,Giftory Gift for us,Thành phố Hồ Chí Minh,https://shopee.vn/search?shop=1298183594,[ HỎA TỐC ] - Huy chương Quà tặng TỐT NGHIỆP in theo yêu cầu với dây đeo ĐỘC QUYỀN,150.000 ₫,Đặc sản chất lượng - [ HỎA TỐC ] - Huy chương Quà tặng TỐT NGHIỆP in theo yêu cầu với dây đeo ĐỘC QUYỀN,https://down-vn.img.susercontent.com/file/sg-11134201-824ie-mf5k32zxnt3j12,https://shopee.vn/-HỎA-TỐC-Huy-chương-Quà-tặng-TỐT-NGHIỆP-in-theo-yêu-cầu-với-dây-đeo-ĐỘC-QUYỀN-i.1298183594.40603822717?extraParams=%7B%22display_model_id%22%3A275322496967%2C%22model_selection_logic%22%3A3%7D
362,Giftory Gift for us,Thành phố Hồ Chí Minh,https://shopee.vn/search?shop=1298183594,2026 - Lịch in ảnh theo yêu cầu - DT5N,74.000 ₫,Đặc sản chất lượng - 2026 - Lịch in ảnh theo yêu cầu - DT5N,https://down-vn.img.susercontent.com/file/sg-11134201-824g2-mf6kdnb0ef4ba2,https://shopee.vn/2026-Lịch-in-ảnh-theo-yêu-cầu-DT5N-i.1298183594.29619306373?extraParams=%7B%22display_model_id%22%3A205603632161%2C%22model_selection_logic%22%3A3%7D
363,Bảo Liên Souvenir,Tỉnh Ninh Bình,https://shopee.vn/search?shop=1391035198,[100+ mẫu] Móc Khóa Lưu Niệm Việt Nam chất liệu Gỗ - Vietnam Wooden Keychains,9.999 ₫,Đặc sản chất lượng - [100+ mẫu] Móc Khóa Lưu Niệm Việt Nam chất liệu Gỗ - Vietnam Wooden Keychains,https://down-vn.img.susercontent.com/file/vn-11134207-7ra0g-m6te10zestw832,https://shopee.vn/-100-mẫu-Móc-Khóa-Lưu-Niệm-Việt-Nam-chất-liệu-Gỗ-Vietnam-Wooden-Keychains-i.1391035198.24441590580?extraParams=%7B%22display_model_id%22%3A237389599908%2C%22model_selection_logic%22%3A3%7D
364,Bảo Liên Souvenir,Tỉnh Ninh Bình,https://shopee.vn/search?shop=1391035198,Nam châm tủ lạnh - Hít tủ lạnh Việt Nam chất liệu Gỗ - Vietnam Magnet,17.999 ₫,Đặc sản chất lượng - Nam châm tủ lạnh - Hít tủ lạnh Việt Nam chất liệu Gỗ - Vietnam Magnet,https://down-vn.img.susercontent.com/file/vn-11134207-7ra0g-m9grc5tbmrfy2d,https://shopee.vn/Nam-châm-tủ-lạnh-Hít-tủ-lạnh-Việt-Nam-chất-liệu-Gỗ-Vietnam-Magnet-i.1391035198.27817909001?extraParams=%7B%22display_model_id%22%3A89692309429%2C%22model_selection_logic%22%3A3%7D
365,Bảo Liên Souvenir,Tỉnh Ninh Bình,https://shopee.vn/search?shop=1391035198,"Móc khóa lưu niệm món ăn Việt Nam 3D đất sét nặn thủ công, sơn phủ bóng - 3D Handmade Keychains",35.000 ₫,"Đặc sản chất lượng - Móc khóa lưu niệm món ăn Việt Nam 3D đất sét nặn thủ công, sơn phủ bóng - 3D Handmade Keychains",https://down-vn.img.susercontent.com/file/vn-11134207-81ztc-mokvfafwnrpq65,https://shopee.vn/Móc-khóa-lưu-niệm-món-ăn-Việt-Nam-3D-đất-sét-nặn-thủ-công-sơn-phủ-bóng-3D-Handmade-Keychains-i.1391035198.42707256456?extraParams=%7B%22display_model_id%22%3A315946096196%2C%22model_selection_logic%22%3A3%7D
366,Bảo Liên Souvenir,Tỉnh Ninh Bình,https://shopee.vn/search?shop=1391035198,Sổ lưu niệm Việt Nam chất liệu Gỗ kích thước A6 - Vietnam Handmade Notebook,40.000 ₫,Đặc sản chất lượng - Sổ lưu niệm Việt Nam chất liệu Gỗ kích thước A6 - Vietnam Handmade Notebook,https://down-vn.img.susercontent.com/file/vn-11134207-7ra0g-m6z66pe3l6pk21,https://shopee.vn/Sổ-lưu-niệm-Việt-Nam-chất-liệu-Gỗ-kích-thước-A6-Vietnam-Handmade-Notebook-i.1391035198.27317802802?extraParams=%7B%22display_model_id%22%3A185561130143%2C%22model_selection_logic%22%3A3%7D
367,Bảo Liên Souvenir,Tỉnh Ninh Bình,https://shopee.vn/search?shop=1391035198,Móc khóa lưu niệm Địa Danh Việt Nam chất liệu Gỗ - Vietnamese Wooden Keychains,14.000 ₫,Đặc sản chất lượng - Móc khóa lưu niệm Địa Danh Việt Nam chất liệu Gỗ - Vietnamese Wooden Keychains,https://down-vn.img.susercontent.com/file/vn-11134207-81ztc-mpecp2s6ky6lb5,https://shopee.vn/Móc-khóa-lưu-niệm-Địa-Danh-Việt-Nam-chất-liệu-Gỗ-Vietnamese-Wooden-Keychains-i.1391035198.50909510351?extraParams=%7B%22display_model_id%22%3A370840535345%2C%22model_selection_logic%22%3A3%7D
368,Bảo Liên Souvenir,Tỉnh Ninh Bình,https://shopee.vn/search?shop=1391035198,"Nam châm tủ lạnh - Hít tủ lạnh 3D đất sét nặn thủ công, sơn phủ bóng - Vietnam 3D Handmade Magnets",35.000 ₫,"Đặc sản chất lượng - Nam châm tủ lạnh - Hít tủ lạnh 3D đất sét nặn thủ công, sơn phủ bóng - Vietnam 3D Handmade Magnets",https://down-vn.img.susercontent.com/file/vn-11134207-81ztc-mohw0esf2i9s67,https://shopee.vn/Nam-châm-tủ-lạnh-Hít-tủ-lạnh-3D-đất-sét-nặn-thủ-công-sơn-phủ-bóng-Vietnam-3D-Handmade-Magnets-i.1391035198.26388140438?extraParams=%7B%22display_model_id%22%3A385945503725%2C%22model_selection_logic%22%3A3%7D
369,Bảo Liên Souvenir,Tỉnh Ninh Bình,https://shopee.vn/search?shop=1391035198,Móc khóa lưu niệm Nón Lá Việt Nam loại 5cm Handmade,14.000 ₫,Đặc sản chất lượng - Móc khóa lưu niệm Nón Lá Việt Nam loại 5cm Handmade,https://down-vn.img.susercontent.com/file/vn-11134207-81ztc-mn5ih0xycykj03,https://shopee.vn/Móc-khóa-lưu-niệm-Nón-Lá-Việt-Nam-loại-5cm-Handmade-i.1391035198.29026309758?extraParams=%7B%22display_model_id%22%3A188217575904%2C%22model_selection_logic%22%3A3%7D
370,Bảo Liên Souvenir,Tỉnh Ninh Bình,https://shopee.vn/search?shop=1391035198,Magnet lưu niệm Việt Nam - Nam châm Hít tủ lạnh chất liệu nhựa cứng,20.000 ₫,Đặc sản chất lượng - Magnet lưu niệm Việt Nam - Nam châm Hít tủ lạnh chất liệu nhựa cứng,https://down-vn.img.susercontent.com/file/vn-11134207-820l4-mh4w5tpje1vze5,https://shopee.vn/Magnet-lưu-niệm-Việt-Nam-Nam-châm-Hít-tủ-lạnh-chất-liệu-nhựa-cứng-i.1391035198.56951507088?extraParams=%7B%22display_model_id%22%3A370137722854%2C%22model_selection_logic%22%3A3%7D
371,Bảo Liên Souvenir,Tỉnh Ninh Bình,https://shopee.vn/search?shop=1391035198,[TẶNG BOOKMARK] Nam châm hít tủ lạnh Tranh vẽ mini Việt Nam - Quà tặng lưu niệm Việt Nam độc đáo,22.800 ₫,Đặc sản chất lượng - [TẶNG BOOKMARK] Nam châm hít tủ lạnh Tranh vẽ mini Việt Nam - Quà tặng lưu niệm Việt Nam độc đáo,https://down-vn.img.susercontent.com/file/vn-11134207-820l4-mijwpc8j1atf88,https://shopee.vn/-TẶNG-BOOKMARK-Nam-châm-hít-tủ-lạnh-Tranh-vẽ-mini-Việt-Nam-Quà-tặng-lưu-niệm-Việt-Nam-độc-đáo-i.1391035198.41513737859?extraParams=%7B%22display_model_id%22%3A253760337723%2C%22model_selection_logic%22%3A3%7D
372,Bảo Liên Souvenir,Tỉnh Ninh Bình,https://shopee.vn/search?shop=1391035198,Nam châm tủ lạnh Nón Lá Việt Nam loại 5cm - Magnet Non La Vietnam,14.700 ₫,Đặc sản chất lượng - Nam châm tủ lạnh Nón Lá Việt Nam loại 5cm - Magnet Non La Vietnam,https://down-vn.img.susercontent.com/file/vn-11134207-81ztc-mn7b2awn435te9,https://shopee.vn/Nam-châm-tủ-lạnh-Nón-Lá-Việt-Nam-loại-5cm-Magnet-Non-La-Vietnam-i.1391035198.26829833013?extraParams=%7B%22display_model_id%22%3A49534732957%2C%22model_selection_logic%22%3A3%7D
373,ta concept,Thành phố Hồ Chí Minh,https://shopee.vn/search?shop=1387894354,"Bưu thiệp Postcard Việt Nam - Bưu thiếp viết thư, làm thiệp chúc mừng, quà tặng, decor trang trí",40.500 ₫,"Đặc sản chất lượng - Bưu thiệp Postcard Việt Nam - Bưu thiếp viết thư, làm thiệp chúc mừng, quà tặng, decor trang trí",https://down-vn.img.susercontent.com/file/vn-11134207-7ras8-mdla2gm2bgkx1b,https://shopee.vn/Bưu-thiệp-Postcard-Việt-Nam-Bưu-thiếp-viết-thư-làm-thiệp-chúc-mừng-quà-tặng-decor-trang-trí-i.1387894354.28134386936?extraParams=%7B%22display_model_id%22%3A178884923631%2C%22model_selection_logic%22%3A3%7D
374,ta concept,Thành phố Hồ Chí Minh,https://shopee.vn/search?shop=1387894354,"Ly sứ Việt Nam - Ly sứ trắng cao cấp nhiều họa tiết, cốc sứ có quai, quà tặng lưu niệm, ly cốc cafe",379.000 ₫,"Đặc sản chất lượng - Ly sứ Việt Nam - Ly sứ trắng cao cấp nhiều họa tiết, cốc sứ có quai, quà tặng lưu niệm, ly cốc cafe",https://down-vn.img.susercontent.com/file/vn-11134207-7ras8-md5jmiov950t4c,https://shopee.vn/Ly-sứ-Việt-Nam-Ly-sứ-trắng-cao-cấp-nhiều-họa-tiết-cốc-sứ-có-quai-quà-tặng-lưu-niệm-ly-cốc-cafe-i.1387894354.44000319195?extraParams=%7B%22display_model_id%22%3A275026233013%2C%22model_selection_logic%22%3A3%7D
375,ta concept,Thành phố Hồ Chí Minh,https://shopee.vn/search?shop=1387894354,"Quạt vải cầm tay nan tre - 12 Con Giáp - Quạt vải quà tặng Việt Nam, quạt xếp, quạt gấp",121.500 ₫,"Đặc sản chất lượng - Quạt vải cầm tay nan tre - 12 Con Giáp - Quạt vải quà tặng Việt Nam, quạt xếp, quạt gấp",https://down-vn.img.susercontent.com/file/vn-11134207-81ztc-ml76jr101am864,https://shopee.vn/Quạt-vải-cầm-tay-nan-tre-12-Con-Giáp-Quạt-vải-quà-tặng-Việt-Nam-quạt-xếp-quạt-gấp-i.1387894354.46256535145?extraParams=%7B%22display_model_id%22%3A249174318873%2C%22model_selection_logic%22%3A3%7D
376,ta concept,Thành phố Hồ Chí Minh,https://shopee.vn/search?shop=1387894354,"Quạt vải cầm tay nan tre - Nhiều hoạ tiết - Quạt vải quà tặng Việt Nam, quạt xếp, quạt gấp",121.500 ₫,"Đặc sản chất lượng - Quạt vải cầm tay nan tre - Nhiều hoạ tiết - Quạt vải quà tặng Việt Nam, quạt xếp, quạt gấp",https://down-vn.img.susercontent.com/file/vn-11134207-81ztc-mmu6s9v8yiv477,https://shopee.vn/Quạt-vải-cầm-tay-nan-tre-Nhiều-hoạ-tiết-Quạt-vải-quà-tặng-Việt-Nam-quạt-xếp-quạt-gấp-i.1387894354.43451085134?extraParams=%7B%22display_model_id%22%3A260086293607%2C%22model_selection_logic%22%3A3%7D
377,ta concept,Thành phố Hồ Chí Minh,https://shopee.vn/search?shop=1387894354,"Ly nhựa đựng nước kèm ống hút 700ml - Cốc nhựa, bình đựng nước, ly cốc trà, ly cốc cà phê",89.550 ₫,"Đặc sản chất lượng - Ly nhựa đựng nước kèm ống hút 700ml - Cốc nhựa, bình đựng nước, ly cốc trà, ly cốc cà phê",https://down-vn.img.susercontent.com/file/vn-11134207-820l4-mgne98wumb607d,https://shopee.vn/Ly-nhựa-đựng-nước-kèm-ống-hút-700ml-Cốc-nhựa-bình-đựng-nước-ly-cốc-trà-ly-cốc-cà-phê-i.1387894354.43751125024?extraParams=%7B%22display_model_id%22%3A306176728437%2C%22model_selection_logic%22%3A3%7D
378,ta concept,Thành phố Hồ Chí Minh,https://shopee.vn/search?shop=1387894354,"Quạt vải cầm tay nan tre - BST Dấu ấn đô thị - Quạt vải quà tặng Việt Nam, quạt xếp, quạt gấp",121.500 ₫,"Đặc sản chất lượng - Quạt vải cầm tay nan tre - BST Dấu ấn đô thị - Quạt vải quà tặng Việt Nam, quạt xếp, quạt gấp",https://down-vn.img.susercontent.com/file/vn-11134207-81ztc-mlilia172m80fd,https://shopee.vn/Quạt-vải-cầm-tay-nan-tre-BST-Dấu-ấn-đô-thị-Quạt-vải-quà-tặng-Việt-Nam-quạt-xếp-quạt-gấp-i.1387894354.42806664962?extraParams=%7B%22display_model_id%22%3A237910151414%2C%22model_selection_logic%22%3A3%7D
379,ta concept,Thành phố Hồ Chí Minh,https://shopee.vn/search?shop=1387894354,"Nam châm Việt Nam - Magnet tủ lạnh, magnet Việt Nam quà tặng lưu niệm, hít tủ lạnh, dán tủ lạnh",83.700 ₫,"Đặc sản chất lượng - Nam châm Việt Nam - Magnet tủ lạnh, magnet Việt Nam quà tặng lưu niệm, hít tủ lạnh, dán tủ lạnh",https://down-vn.img.susercontent.com/file/vn-11134207-7ras8-mcpt7pjqjwwsea,https://shopee.vn/Nam-châm-Việt-Nam-Magnet-tủ-lạnh-magnet-Việt-Nam-quà-tặng-lưu-niệm-hít-tủ-lạnh-dán-tủ-lạnh-i.1387894354.29338458460?extraParams=%7B%22display_model_id%22%3A440397399162%2C%22model_selection_logic%22%3A3%7D
380,ta concept,Thành phố Hồ Chí Minh,https://shopee.vn/search?shop=1387894354,"Quạt vải cầm tay nan tre - 12 Con Giáp - Trắng - Quạt vải quà tặng Việt Nam, quạt xếp, quạt gấp",121.500 ₫,"Đặc sản chất lượng - Quạt vải cầm tay nan tre - 12 Con Giáp - Trắng - Quạt vải quà tặng Việt Nam, quạt xếp, quạt gấp",https://down-vn.img.susercontent.com/file/vn-11134207-81ztc-mo9ignajzg9795,https://shopee.vn/Quạt-vải-cầm-tay-nan-tre-12-Con-Giáp-Trắng-Quạt-vải-quà-tặng-Việt-Nam-quạt-xếp-quạt-gấp-i.1387894354.53610555455?extraParams=%7B%22display_model_id%22%3A360924766735%2C%22model_selection_logic%22%3A3%7D
381,ta concept,Thành phố Hồ Chí Minh,https://shopee.vn/search?shop=1387894354,"Quạt vải cầm tay nan tre - 12 Con Giáp - Xanh Dương - Quạt vải quà tặng Việt Nam, quạt xếp, quạt gấp",121.500 ₫,"Đặc sản chất lượng - Quạt vải cầm tay nan tre - 12 Con Giáp - Xanh Dương - Quạt vải quà tặng Việt Nam, quạt xếp, quạt gấp",https://down-vn.img.susercontent.com/file/vn-11134207-81ztc-mo9j6t77ku1999,https://shopee.vn/Quạt-vải-cầm-tay-nan-tre-12-Con-Giáp-Xanh-Dương-Quạt-vải-quà-tặng-Việt-Nam-quạt-xếp-quạt-gấp-i.1387894354.41630906408?extraParams=%7B%22display_model_id%22%3A370924827319%2C%22model_selection_logic%22%3A3%7D
382,ta concept,Thành phố Hồ Chí Minh,https://shopee.vn/search?shop=1387894354,Túi tote HCM TA CONCEPT kích cỡ 40x36 BST Dấu Ấn Đô Thị,210.000 ₫,Đặc sản chất lượng - Túi tote HCM TA CONCEPT kích cỡ 40x36 BST Dấu Ấn Đô Thị,https://down-vn.img.susercontent.com/file/vn-11134207-820l4-mgne521s3dopad,https://shopee.vn/Túi-tote-HCM-TA-CONCEPT-kích-cỡ-40x36-BST-Dấu-Ấn-Đô-Thị-i.1387894354.41554614135?extraParams=%7B%22display_model_id%22%3A253523304093%2C%22model_selection_logic%22%3A3%7D
383,SÀI GÒN GIFTS,Thành phố Hồ Chí Minh,https://shopee.vn/search?shop=1234534567,"GIFT BOX SET QUÀ TẶNG LEN 4 MÓN CHẬU 1 BÔNG - 6 BÔNG TULIP ,HOA CÚC, HƯỚNG DƯƠNG LEN QUÀ TẶNG 8/3 SINH NHẬT TỐT NGHIỆP..",55.000 ₫,"Đặc sản chất lượng - GIFT BOX SET QUÀ TẶNG LEN 4 MÓN CHẬU 1 BÔNG - 6 BÔNG TULIP ,HOA CÚC, HƯỚNG DƯƠNG LEN QUÀ TẶNG 8/3 SINH NHẬT TỐT NGHIỆP..",https://down-vn.img.susercontent.com/file/vn-11134207-7ra0g-m9dy7vb66buv42,https://shopee.vn/GIFT-BOX-SET-QUÀ-TẶNG-LEN-4-MÓN-CHẬU-1-BÔNG-6-BÔNG-TULIP-HOA-CÚC-HƯỚNG-DƯƠNG-LEN-QUÀ-TẶNG-8-3-SINH-NHẬT-TỐT-NGHIỆP..-i.1234534567.26431886802?extraParams=%7B%22display_model_id%22%3A128322702223%2C%22model_selection_logic%22%3A3%7D
384,SÀI GÒN GIFTS,Thành phố Hồ Chí Minh,https://shopee.vn/search?shop=1234534567,"BÓ HOA LEN BẠN NAM, BẠN NỮ HƯỚNG DƯƠNG TẶNG LỄ KỈ YẾU TỐT NGHIỆP XINH XẮN",189.000 ₫,"Đặc sản chất lượng - BÓ HOA LEN BẠN NAM, BẠN NỮ HƯỚNG DƯƠNG TẶNG LỄ KỈ YẾU TỐT NGHIỆP XINH XẮN",https://down-vn.img.susercontent.com/file/vn-11134207-7ra0g-m6hq08uud8480f,https://shopee.vn/BÓ-HOA-LEN-BẠN-NAM-BẠN-NỮ-HƯỚNG-DƯƠNG-TẶNG-LỄ-KỈ-YẾU-TỐT-NGHIỆP-XINH-XẮN-i.1234534567.27676842655?extraParams=%7B%22display_model_id%22%3A198231570786%2C%22model_selection_logic%22%3A3%7D
385,SÀI GÒN GIFTS,Thành phố Hồ Chí Minh,https://shopee.vn/search?shop=1234534567,BÓ HOA LEN BẠN NAM BẠN NỮ TULIP TẶNG LỄ KỈ YẾU TỐT NGHIỆP ĐÁNG YÊU,219.000 ₫,Đặc sản chất lượng - BÓ HOA LEN BẠN NAM BẠN NỮ TULIP TẶNG LỄ KỈ YẾU TỐT NGHIỆP ĐÁNG YÊU,https://down-vn.img.susercontent.com/file/vn-11134207-7ra0g-m9iung0is0ha80,https://shopee.vn/BÓ-HOA-LEN-BẠN-NAM-BẠN-NỮ-TULIP-TẶNG-LỄ-KỈ-YẾU-TỐT-NGHIỆP-ĐÁNG-YÊU-i.1234534567.29227094594?extraParams=%7B%22display_model_id%22%3A159161034963%2C%22model_selection_logic%22%3A3%7D
386,SÀI GÒN GIFTS,Thành phố Hồ Chí Minh,https://shopee.vn/search?shop=1234534567,"BÓ HOA LEN TULIP HƯỚNG DƯƠNG GẮN BÌA CỨNG QUÀ TẶNG LỄ KỈ YẾU KỶ YẾU TỐT NGHIỆP, 8/3, 20/10, 20/11, VALENTINE,...",35.000 ₫,"Đặc sản chất lượng - BÓ HOA LEN TULIP HƯỚNG DƯƠNG GẮN BÌA CỨNG QUÀ TẶNG LỄ KỈ YẾU KỶ YẾU TỐT NGHIỆP, 8/3, 20/10, 20/11, VALENTINE,...",https://down-vn.img.susercontent.com/file/vn-11134207-7ra0g-m87skbwu1chz8e,https://shopee.vn/BÓ-HOA-LEN-TULIP-HƯỚNG-DƯƠNG-GẮN-BÌA-CỨNG-QUÀ-TẶNG-LỄ-KỈ-YẾU-KỶ-YẾU-TỐT-NGHIỆP-8-3-20-10-20-11-VALENTINE-...-i.1234534567.26281879424?extraParams=%7B%22display_model_id%22%3A79550221408%2C%22model_selection_logic%22%3A3%7D
387,SÀI GÒN GIFTS,Thành phố Hồ Chí Minh,https://shopee.vn/search?shop=1234534567,HỘP QUÀ GẤU KÈM BÓ HOA ĐÁNG YÊU,139.999 ₫,Đặc sản chất lượng - HỘP QUÀ GẤU KÈM BÓ HOA ĐÁNG YÊU,https://down-vn.img.susercontent.com/file/vn-11134207-7ra0g-m6ni48p7s7js37,https://shopee.vn/HỘP-QUÀ-GẤU-KÈM-BÓ-HOA-ĐÁNG-YÊU-i.1234534567.29027376931?extraParams=%7B%22display_model_id%22%3A242724715706%2C%22model_selection_logic%22%3A3%7D
388,Chuồn Chuồn Tre Xinh Shop,Thành phố Hồ Chí Minh,https://shopee.vn/search?shop=27280683,Bộ 10 Chuồn Chuồn Tre Màu Size Nhỏ 7cm – Quà Lưu Niệm Thủ Công Tặng Bạn Nước Ngoài,121.288 ₫,Đặc sản chất lượng - Bộ 10 Chuồn Chuồn Tre Màu Size Nhỏ 7cm – Quà Lưu Niệm Thủ Công Tặng Bạn Nước Ngoài,https://down-vn.img.susercontent.com/file/vn-11134207-820l4-mgashb0j2yvg6b,https://shopee.vn/Bộ-10-Chuồn-Chuồn-Tre-Màu-Size-Nhỏ-7cm-–-Quà-Lưu-Niệm-Thủ-Công-Tặng-Bạn-Nước-Ngoài-i.27280683.1861432788?extraParams=%7B%22display_model_id%22%3A225363245409%2C%22model_selection_logic%22%3A3%7D
389,Chuồn Chuồn Tre Xinh Shop,Thành phố Hồ Chí Minh,https://shopee.vn/search?shop=27280683,"Bộ 10 Chuồn Chuồn Tre 10 Màu Size 12cm – Quà Lưu Niệm Thủ Công, Shop TPHCM",137.128 ₫,"Đặc sản chất lượng - Bộ 10 Chuồn Chuồn Tre 10 Màu Size 12cm – Quà Lưu Niệm Thủ Công, Shop TPHCM",https://down-vn.img.susercontent.com/file/vn-11134207-820l4-mgao0c3gwoi670,https://shopee.vn/Bộ-10-Chuồn-Chuồn-Tre-10-Màu-Size-12cm-–-Quà-Lưu-Niệm-Thủ-Công-Shop-TPHCM-i.27280683.1899809551?extraParams=%7B%22display_model_id%22%3A225363326958%2C%22model_selection_logic%22%3A3%7D
390,Chuồn Chuồn Tre Xinh Shop,Thành phố Hồ Chí Minh,https://shopee.vn/search?shop=27280683,[Chọn Màu] Hộp Quà Chuồn Chuồn Tre Thủ Công Kèm Chân Đế – Quà Tặng Nhỏ Xinh Ý Nghĩa Decor Bàn Làm Việc (HCT2),45.000 ₫,Đặc sản chất lượng - [Chọn Màu] Hộp Quà Chuồn Chuồn Tre Thủ Công Kèm Chân Đế – Quà Tặng Nhỏ Xinh Ý Nghĩa Decor Bàn Làm Việc (HCT2),https://down-vn.img.susercontent.com/file/vn-11134207-820l4-mg914394akum0e,https://shopee.vn/-Chọn-Màu-Hộp-Quà-Chuồn-Chuồn-Tre-Thủ-Công-Kèm-Chân-Đế-–-Quà-Tặng-Nhỏ-Xinh-Ý-Nghĩa-Decor-Bàn-Làm-Việc-(HCT2)-i.27280683.21355941479?extraParams=%7B%22display_model_id%22%3A146044803183%2C%22model_selection_logic%22%3A3%7D
391,Chuồn Chuồn Tre Xinh Shop,Thành phố Hồ Chí Minh,https://shopee.vn/search?shop=27280683,"[Chọn Màu] Chuồn Chuồn Tre, Chim Bướm Râu, Chân Đế – Đồ Thủ Công Trang Trí Bàn Làm Việc",14.500 ₫,"Đặc sản chất lượng - [Chọn Màu] Chuồn Chuồn Tre, Chim Bướm Râu, Chân Đế – Đồ Thủ Công Trang Trí Bàn Làm Việc",https://down-vn.img.susercontent.com/file/vn-11134207-820l4-mgao2kzyn56w12,https://shopee.vn/-Chọn-Màu-Chuồn-Chuồn-Tre-Chim-Bướm-Râu-Chân-Đế-–-Đồ-Thủ-Công-Trang-Trí-Bàn-Làm-Việc-i.27280683.23849741898?extraParams=%7B%22display_model_id%22%3A297348768683%2C%22model_selection_logic%22%3A3%7D
392,Chuồn Chuồn Tre Xinh Shop,Thành phố Hồ Chí Minh,https://shopee.vn/search?shop=27280683,Hộp Giấy Đựng Chuồn Chuồn Tre Bán Lẻ – Hộp Quà 1–2 Con (Chưa Gấp) Chuồn Tre Xinh Shop HCT,13.900 ₫,Đặc sản chất lượng - Hộp Giấy Đựng Chuồn Chuồn Tre Bán Lẻ – Hộp Quà 1–2 Con (Chưa Gấp) Chuồn Tre Xinh Shop HCT,https://down-vn.img.susercontent.com/file/vn-11134207-820l4-mgc77kjo2fpn19,https://shopee.vn/Hộp-Giấy-Đựng-Chuồn-Chuồn-Tre-Bán-Lẻ-–-Hộp-Quà-1–2-Con-(Chưa-Gấp)-Chuồn-Tre-Xinh-Shop-HCT-i.27280683.14896342584?extraParams=%7B%22display_model_id%22%3A165542165643%2C%22model_selection_logic%22%3A3%7D
393,Chuồn Chuồn Tre Xinh Shop,Thành phố Hồ Chí Minh,https://shopee.vn/search?shop=27280683,"Hộp Quà Chuồn Tre HCT5 – Set 2 Chuồn Chuồn Có Đế, Màu Ngẫu Nhiên, Quà Tặng Decor Bàn Làm Việc",55.000 ₫,"Đặc sản chất lượng - Hộp Quà Chuồn Tre HCT5 – Set 2 Chuồn Chuồn Có Đế, Màu Ngẫu Nhiên, Quà Tặng Decor Bàn Làm Việc",https://down-vn.img.susercontent.com/file/vn-11134207-820l4-mg918gx1h8222b,https://shopee.vn/Hộp-Quà-Chuồn-Tre-HCT5-–-Set-2-Chuồn-Chuồn-Có-Đế-Màu-Ngẫu-Nhiên-Quà-Tặng-Decor-Bàn-Làm-Việc-i.27280683.5309149749?extraParams=%7B%22display_model_id%22%3A52117309234%2C%22model_selection_logic%22%3A3%7D
394,Chuồn Chuồn Tre Xinh Shop,Thành phố Hồ Chí Minh,https://shopee.vn/search?shop=27280683,"Hộp Quà Chuồn Chuồn Tre Cao Cấp HCT6 – Quà Tặng Thủ Công Trang Trí, Shop TPHCM Giao Hỏa Tốc",82.000 ₫,"Đặc sản chất lượng - Hộp Quà Chuồn Chuồn Tre Cao Cấp HCT6 – Quà Tặng Thủ Công Trang Trí, Shop TPHCM Giao Hỏa Tốc",https://down-vn.img.susercontent.com/file/vn-11134207-820l4-mg917ofg5rt52d,https://shopee.vn/Hộp-Quà-Chuồn-Chuồn-Tre-Cao-Cấp-HCT6-–-Quà-Tặng-Thủ-Công-Trang-Trí-Shop-TPHCM-Giao-Hỏa-Tốc-i.27280683.16055661934?extraParams=%7B%22display_model_id%22%3A172157297562%2C%22model_selection_logic%22%3A3%7D
395,Chuồn Chuồn Tre Xinh Shop,Thành phố Hồ Chí Minh,https://shopee.vn/search?shop=27280683,Chuồn Chuồn Tre Mộc 12cm Chưa Sơn – DIY Tự Trang Trí Bán Lẻ | Đồ Thủ Công Chuồn Tre Xinh Shop,21.500 ₫,Đặc sản chất lượng - Chuồn Chuồn Tre Mộc 12cm Chưa Sơn – DIY Tự Trang Trí Bán Lẻ | Đồ Thủ Công Chuồn Tre Xinh Shop,https://down-vn.img.susercontent.com/file/vn-11134207-820l4-mgdpw6dxyh3de3,https://shopee.vn/Chuồn-Chuồn-Tre-Mộc-12cm-Chưa-Sơn-–-DIY-Tự-Trang-Trí-Bán-Lẻ-Đồ-Thủ-Công-Chuồn-Tre-Xinh-Shop-i.27280683.2130488672?extraParams=%7B%22display_model_id%22%3A62117318098%2C%22model_selection_logic%22%3A3%7D
396,Chuồn Chuồn Tre Xinh Shop,Thành phố Hồ Chí Minh,https://shopee.vn/search?shop=27280683,"Combo 50 cái Bọc chống xước chip CCCD, ATM 1k Vỏ bọc căn cước công dân trong suốt có nắp bảo vệ thẻ VIP",50.000 ₫,"Đặc sản chất lượng - Combo 50 cái Bọc chống xước chip CCCD, ATM 1k Vỏ bọc căn cước công dân trong suốt có nắp bảo vệ thẻ VIP",https://down-vn.img.susercontent.com/file/vn-11134207-820l4-mhjtd6is4l51c1,https://shopee.vn/Combo-50-cái-Bọc-chống-xước-chip-CCCD-ATM-1k-Vỏ-bọc-căn-cước-công-dân-trong-suốt-có-nắp-bảo-vệ-thẻ-VIP-i.27280683.21139492775?extraParams=%7B%22display_model_id%22%3A243513780846%2C%22model_selection_logic%22%3A3%7D
397,Chuồn Chuồn Tre Xinh Shop,Thành phố Hồ Chí Minh,https://shopee.vn/search?shop=27280683,"Hộp Quà Chuồn Tre Thủ Công HCT7 – Set Bướm Râu & Chuồn Chuồn Kèm Đế, Quà Tặng Decor Bàn Làm Việc",85.000 ₫,"Đặc sản chất lượng - Hộp Quà Chuồn Tre Thủ Công HCT7 – Set Bướm Râu & Chuồn Chuồn Kèm Đế, Quà Tặng Decor Bàn Làm Việc",https://down-vn.img.susercontent.com/file/vn-11134207-820l4-mg91bqhtj0246b,https://shopee.vn/Hộp-Quà-Chuồn-Tre-Thủ-Công-HCT7-–-Set-Bướm-Râu-Chuồn-Chuồn-Kèm-Đế-Quà-Tặng-Decor-Bàn-Làm-Việc-i.27280683.4009474693?extraParams=%7B%22display_model_id%22%3A72117326901%2C%22model_selection_logic%22%3A3%7D
398,Nắng Chiều Gift,Thành phố Huế,https://shopee.vn/search?shop=638561489,Móc khóa cắt viền theo ảnh_ móc khóa mika in hình theo yêu cầu,35.000 ₫,Đặc sản chất lượng - Móc khóa cắt viền theo ảnh_ móc khóa mika in hình theo yêu cầu,https://down-vn.img.susercontent.com/file/vn-11134207-7ra0g-m9l3cpc8ys8yac,https://shopee.vn/Móc-khóa-cắt-viền-theo-ảnh_-móc-khóa-mika-in-hình-theo-yêu-cầu-i.638561489.17646223619?extraParams=%7B%22display_model_id%22%3A153743283585%2C%22model_selection_logic%22%3A3%7D
399,Nắng Chiều Gift,Thành phố Huế,https://shopee.vn/search?shop=638561489,Sổ bìa giấy in logo- thiết kế theo yêu cầu,50.000 ₫,Đặc sản chất lượng - Sổ bìa giấy in logo- thiết kế theo yêu cầu,https://down-vn.img.susercontent.com/file/vn-11134207-7ra0g-m9l2442i4hhecd,https://shopee.vn/Sổ-bìa-giấy-in-logo-thiết-kế-theo-yêu-cầu-i.638561489.16459578134?extraParams=%7B%22display_model_id%22%3A144146844198%2C%22model_selection_logic%22%3A3%7D
400,Nắng Chiều Gift,Thành phố Huế,https://shopee.vn/search?shop=638561489,Tấm nhựa mica trong- Mẫu Mica dày 2mm-  công nghệ cắt laser hiện đại,15.000 ₫,Đặc sản chất lượng - Tấm nhựa mica trong- Mẫu Mica dày 2mm-  công nghệ cắt laser hiện đại,https://down-vn.img.susercontent.com/file/b355765a33dccbcf1d0fdc9c49fb551e,https://shopee.vn/Tấm-nhựa-mica-trong-Mẫu-Mica-dày-2mm-công-nghệ-cắt-laser-hiện-đại-i.638561489.16048822534?extraParams=%7B%22display_model_id%22%3A161895067486%2C%22model_selection_logic%22%3A3%7D
401,Nắng Chiều Gift,Thành phố Huế,https://shopee.vn/search?shop=638561489,Bảng hiệu decor- mèo tài lộc có in mã QR- Mã QR để bàn- Thiết kế theo yêu cầu,150.000 ₫,Đặc sản chất lượng - Bảng hiệu decor- mèo tài lộc có in mã QR- Mã QR để bàn- Thiết kế theo yêu cầu,https://down-vn.img.susercontent.com/file/vn-11134207-7ra0g-m95akfypyijy79,https://shopee.vn/Bảng-hiệu-decor-mèo-tài-lộc-có-in-mã-QR-Mã-QR-để-bàn-Thiết-kế-theo-yêu-cầu-i.638561489.22914975075?extraParams=%7B%22display_model_id%22%3A137306797950%2C%22model_selection_logic%22%3A3%7D
402,Nắng Chiều Gift,Thành phố Huế,https://shopee.vn/search?shop=638561489,Móc khóa thẻ CLB bóng đá Manchester United Mùa 2022-2023 - Dày In Sắc Nét 2 Mặt,25.000 ₫,Đặc sản chất lượng - Móc khóa thẻ CLB bóng đá Manchester United Mùa 2022-2023 - Dày In Sắc Nét 2 Mặt,https://down-vn.img.susercontent.com/file/vn-11134207-7ra0g-m95b0gg8cax0cb,https://shopee.vn/Móc-khóa-thẻ-CLB-bóng-đá-Manchester-United-Mùa-2022-2023-Dày-In-Sắc-Nét-2-Mặt-i.638561489.21555316792?extraParams=%7B%22display_model_id%22%3A212780637114%2C%22model_selection_logic%22%3A3%7D
403,Nắng Chiều Gift,Thành phố Huế,https://shopee.vn/search?shop=638561489,Lịch gỗ kèm hộp đựng đa năng để bàn - Trang trí góc làm việc và học tập - Bằng gỗ plywood vintage,180.000 ₫,Đặc sản chất lượng - Lịch gỗ kèm hộp đựng đa năng để bàn - Trang trí góc làm việc và học tập - Bằng gỗ plywood vintage,https://down-vn.img.susercontent.com/file/sg-11134201-22120-4j9o44v4flkv46,https://shopee.vn/Lịch-gỗ-kèm-hộp-đựng-đa-năng-để-bàn-Trang-trí-góc-làm-việc-và-học-tập-Bằng-gỗ-plywood-vintage-i.638561489.21266399318?extraParams=%7B%22display_model_id%22%3A183415198288%2C%22model_selection_logic%22%3A3%7D
404,Silver_mit0107,Thành phố Hà Nội,https://shopee.vn/search?shop=40087802,"Móc khoá handmade bằng gỗ con vật dễ thương. móc khoá gỗ gấu, chó, mèo. Quà tặng bạn bè, người thân. Treo ô tô, túi xách",63.000 ₫,"Đặc sản chất lượng - Móc khoá handmade bằng gỗ con vật dễ thương. móc khoá gỗ gấu, chó, mèo. Quà tặng bạn bè, người thân. Treo ô tô, túi xách",https://down-vn.img.susercontent.com/file/vn-11134207-820l4-mf9sz97ewwsrb7,https://shopee.vn/Móc-khoá-handmade-bằng-gỗ-con-vật-dễ-thương.-móc-khoá-gỗ-gấu-chó-mèo.-Quà-tặng-bạn-bè-người-thân.-Treo-ô-tô-túi-xách-i.40087802.40572458737?extraParams=%7B%22display_model_id%22%3A266828232215%2C%22model_selection_logic%22%3A3%7D
405,Silver_mit0107,Thành phố Hà Nội,https://shopee.vn/search?shop=40087802,Móc khoá gỗ handmade cao cấp. Móc khoá chó mèo heo vẹt capypara ngựa sao biển. Quà tặng bạn bè người thân. diyq,60.000 ₫,Đặc sản chất lượng - Móc khoá gỗ handmade cao cấp. Móc khoá chó mèo heo vẹt capypara ngựa sao biển. Quà tặng bạn bè người thân. diyq,https://down-vn.img.susercontent.com/file/vn-11134207-820l4-mfzoe5xucxsffb,https://shopee.vn/Móc-khoá-gỗ-handmade-cao-cấp.-Móc-khoá-chó-mèo-heo-vẹt-capypara-ngựa-sao-biển.-Quà-tặng-bạn-bè-người-thân.-diyq-i.40087802.42824951534?extraParams=%7B%22display_model_id%22%3A302021999961%2C%22model_selection_logic%22%3A3%7D
406,Silver_mit0107,Thành phố Hà Nội,https://shopee.vn/search?shop=40087802,Tượng gỗ điêu khắc thủ công chú mèo đen trắng cam giáng sinh. Quà tặng bạn bè người thân,114.999 ₫,Đặc sản chất lượng - Tượng gỗ điêu khắc thủ công chú mèo đen trắng cam giáng sinh. Quà tặng bạn bè người thân,https://down-vn.img.susercontent.com/file/vn-11134207-81ztc-mke3859hwmpx59,https://shopee.vn/Tượng-gỗ-điêu-khắc-thủ-công-chú-mèo-đen-trắng-cam-giáng-sinh.-Quà-tặng-bạn-bè-người-thân-i.40087802.42476123126?extraParams=%7B%22display_model_id%22%3A385073707488%2C%22model_selection_logic%22%3A3%7D
407,Silver_mit0107,Thành phố Hà Nội,https://shopee.vn/search?shop=40087802,Hộp quà tặng bằng gỗ kèm túi giấy,54.000 ₫,Đặc sản chất lượng - Hộp quà tặng bằng gỗ kèm túi giấy,https://down-vn.img.susercontent.com/file/vn-11134207-7ras8-mbnmmj6kyz443b,https://shopee.vn/Hộp-quà-tặng-bằng-gỗ-kèm-túi-giấy-i.40087802.40156814428?extraParams=%7B%22display_model_id%22%3A365145843547%2C%22model_selection_logic%22%3A3%7D
408,Silver_mit0107,Thành phố Hà Nội,https://shopee.vn/search?shop=40087802,Đồ trang trí mèo con bằng gỗ điêu khắc thủ công. Decor phòng. Quà tặng thủ công handmade mèo đứng,54.000 ₫,Đặc sản chất lượng - Đồ trang trí mèo con bằng gỗ điêu khắc thủ công. Decor phòng. Quà tặng thủ công handmade mèo đứng,https://down-vn.img.susercontent.com/file/vn-11134207-7ras8-mb2hrppu3zrr86,https://shopee.vn/Đồ-trang-trí-mèo-con-bằng-gỗ-điêu-khắc-thủ-công.-Decor-phòng.-Quà-tặng-thủ-công-handmade-mèo-đứng-i.40087802.28013428140?extraParams=%7B%22display_model_id%22%3A243791291416%2C%22model_selection_logic%22%3A3%7D
409,Silver_mit0107,Thành phố Hà Nội,https://shopee.vn/search?shop=40087802,Đồ trang trí mèo con bằng gỗ cute. Móc khoá điêu khắc mèo cam bằng gỗ tự nhiên. Đồ trang trí,72.519 ₫,Đặc sản chất lượng - Đồ trang trí mèo con bằng gỗ cute. Móc khoá điêu khắc mèo cam bằng gỗ tự nhiên. Đồ trang trí,https://down-vn.img.susercontent.com/file/vn-11134207-7ras8-mc7b3ivc2f022c,https://shopee.vn/Đồ-trang-trí-mèo-con-bằng-gỗ-cute.-Móc-khoá-điêu-khắc-mèo-cam-bằng-gỗ-tự-nhiên.-Đồ-trang-trí-i.40087802.27280953880?extraParams=%7B%22display_model_id%22%3A205922930523%2C%22model_selection_logic%22%3A3%7D
410,Silver_mit0107,Thành phố Hà Nội,https://shopee.vn/search?shop=40087802,"Hộp nhạc gỗ tay quay harry potter và con cú. Hộp nhạc gỗ quà tặng bạn bè người thân Ron, Hermione, gryffindor",75.000 ₫,"Đặc sản chất lượng - Hộp nhạc gỗ tay quay harry potter và con cú. Hộp nhạc gỗ quà tặng bạn bè người thân Ron, Hermione, gryffindor",https://down-vn.img.susercontent.com/file/vn-11134207-820l4-mgn3ms5hp4i6ae,https://shopee.vn/Hộp-nhạc-gỗ-tay-quay-harry-potter-và-con-cú.-Hộp-nhạc-gỗ-quà-tặng-bạn-bè-người-thân-Ron-Hermione-gryffindor-i.40087802.51800770461?extraParams=%7B%22display_model_id%22%3A267123066043%2C%22model_selection_logic%22%3A3%7D
411,Silver_mit0107,Thành phố Hà Nội,https://shopee.vn/search?shop=40087802,Đồ trang trí mèo con bằng gỗ cute. Móc khoá điêu khắc mèo con M76 bằng gỗ tự nhiên. Đồ trang trí,72.999 ₫,Đặc sản chất lượng - Đồ trang trí mèo con bằng gỗ cute. Móc khoá điêu khắc mèo con M76 bằng gỗ tự nhiên. Đồ trang trí,https://down-vn.img.susercontent.com/file/vn-11134207-81ztc-mm4u6d7nhxqaa2,https://shopee.vn/Đồ-trang-trí-mèo-con-bằng-gỗ-cute.-Móc-khoá-điêu-khắc-mèo-con-M76-bằng-gỗ-tự-nhiên.-Đồ-trang-trí-i.40087802.26631138327?extraParams=%7B%22display_model_id%22%3A277472126674%2C%22model_selection_logic%22%3A3%7D
412,Silver_mit0107,Thành phố Hà Nội,https://shopee.vn/search?shop=40087802,"Điêu khắc gỗ thủ công zombie plant hoa hướng dương, đá, điêu khắc gỗ. handmade Quà tặng bạn bè người thân sẽ",74.000 ₫,"Đặc sản chất lượng - Điêu khắc gỗ thủ công zombie plant hoa hướng dương, đá, điêu khắc gỗ. handmade Quà tặng bạn bè người thân sẽ",https://down-vn.img.susercontent.com/file/vn-11134207-81ztc-mlx54yutsoht9b,https://shopee.vn/Điêu-khắc-gỗ-thủ-công-zombie-plant-hoa-hướng-dương-đá-điêu-khắc-gỗ.-handmade-Quà-tặng-bạn-bè-người-thân-sẽ-i.40087802.57204432772?extraParams=%7B%22display_model_id%22%3A375415793225%2C%22model_selection_logic%22%3A3%7D
413,Silver_mit0107,Thành phố Hà Nội,https://shopee.vn/search?shop=40087802,Đồ trang trí mèo con bằng gỗ điêu khắc thủ công. Decor phòng. Quà tặng thủ công handmade mèo ngồi,53.999 ₫,Đặc sản chất lượng - Đồ trang trí mèo con bằng gỗ điêu khắc thủ công. Decor phòng. Quà tặng thủ công handmade mèo ngồi,https://down-vn.img.susercontent.com/file/vn-11134207-7ras8-m12synzc766zef,https://shopee.vn/Đồ-trang-trí-mèo-con-bằng-gỗ-điêu-khắc-thủ-công.-Decor-phòng.-Quà-tặng-thủ-công-handmade-mèo-ngồi-i.40087802.28163432997?extraParams=%7B%22display_model_id%22%3A236853213012%2C%22model_selection_logic%22%3A3%7D
414,Quà xinh sungift,Thành phố Hồ Chí Minh,https://shopee.vn/search?shop=1476684218,Móc khoá gỗ ẩm thực Việt Nam,18.000 ₫,Đặc sản chất lượng - Móc khoá gỗ ẩm thực Việt Nam,https://down-vn.img.susercontent.com/file/vn-11134207-7ras8-mdq0y7pvvqgc28,https://shopee.vn/Móc-khoá-gỗ-ẩm-thực-Việt-Nam-i.1476684218.43264531374?extraParams=%7B%22display_model_id%22%3A147920326329%2C%22model_selection_logic%22%3A3%7D
415,Quà xinh sungift,Thành phố Hồ Chí Minh,https://shopee.vn/search?shop=1476684218,Móc khóa nón lá - trắng lá cờ chữ Việt Nam,28.000 ₫,Đặc sản chất lượng - Móc khóa nón lá - trắng lá cờ chữ Việt Nam,https://down-vn.img.susercontent.com/file/vn-11134207-7ra0g-m8luo16287t3fe,https://shopee.vn/Móc-khóa-nón-lá-trắng-lá-cờ-chữ-Việt-Nam-i.1476684218.29633537589?extraParams=%7B%22display_model_id%22%3A275056281709%2C%22model_selection_logic%22%3A3%7D
416,Quà xinh sungift,Thành phố Hồ Chí Minh,https://shopee.vn/search?shop=1476684218,Bộ đôi móc khóa Việt Nam ( 2 chiếc),44.000 ₫,Đặc sản chất lượng - Bộ đôi móc khóa Việt Nam ( 2 chiếc),https://down-vn.img.susercontent.com/file/vn-11134207-7ras8-mdblt2zjy4kcc2,https://shopee.vn/Bộ-đôi-móc-khóa-Việt-Nam-(-2-chiếc)-i.1476684218.41862407802?extraParams=%7B%22display_model_id%22%3A306038228339%2C%22model_selection_logic%22%3A3%7D
417,Quà xinh sungift,Thành phố Hồ Chí Minh,https://shopee.vn/search?shop=1476684218,magnet/keychan nón lá cờ Việt Nam,28.000 ₫,Đặc sản chất lượng - magnet/keychan nón lá cờ Việt Nam,https://down-vn.img.susercontent.com/file/vn-11134207-820l4-mf52o9n2yc5k9c,https://shopee.vn/magnet-keychan-nón-lá-cờ-Việt-Nam-i.1476684218.41702719014?extraParams=%7B%22display_model_id%22%3A149299236532%2C%22model_selection_logic%22%3A3%7D
418,Quà xinh sungift,Thành phố Hồ Chí Minh,https://shopee.vn/search?shop=1476684218,Sản phẩm Magnet cờ đỏ sao vàng - Quốc kỳ Việt Nam,25.000 ₫,Đặc sản chất lượng - Sản phẩm Magnet cờ đỏ sao vàng - Quốc kỳ Việt Nam,https://down-vn.img.susercontent.com/file/vn-11134207-7ra0g-m8ufuo1o38uae6,https://shopee.vn/Sản-phẩm-Magnet-cờ-đỏ-sao-vàng-Quốc-kỳ-Việt-Nam-i.1476684218.28084300642?extraParams=%7B%22display_model_id%22%3A248707430309%2C%22model_selection_logic%22%3A3%7D
419,Quà xinh sungift,Thành phố Hồ Chí Minh,https://shopee.vn/search?shop=1476684218,(Tặng 1 magnet) Khui nam châm hít tủ lạnh nhiều mẫu hình Việt Nam cô gái áo dài dễ thương lưu niệm,45.000 ₫,Đặc sản chất lượng - (Tặng 1 magnet) Khui nam châm hít tủ lạnh nhiều mẫu hình Việt Nam cô gái áo dài dễ thương lưu niệm,https://down-vn.img.susercontent.com/file/vn-11134207-7ras8-mdbzodjmecv077,https://shopee.vn/(Tặng-1-magnet)-Khui-nam-châm-hít-tủ-lạnh-nhiều-mẫu-hình-Việt-Nam-cô-gái-áo-dài-dễ-thương-lưu-niệm-i.1476684218.28838126507?extraParams=%7B%22display_model_id%22%3A177264065836%2C%22model_selection_logic%22%3A3%7D
420,Quà xinh sungift,Thành phố Hồ Chí Minh,https://shopee.vn/search?shop=1476684218,"Sét 6 hình NAM CHÂM thiếc DÁN TRANG TRÍ TỦ LẠNH HÌNH ẢNH PHONG CẢNH,CON NGƯỜI VIỆT NAM",65.000 ₫,"Đặc sản chất lượng - Sét 6 hình NAM CHÂM thiếc DÁN TRANG TRÍ TỦ LẠNH HÌNH ẢNH PHONG CẢNH,CON NGƯỜI VIỆT NAM",https://down-vn.img.susercontent.com/file/vn-11134207-7ra0g-mai3qnmztfwh7d,https://shopee.vn/Sét-6-hình-NAM-CHÂM-thiếc-DÁN-TRANG-TRÍ-TỦ-LẠNH-HÌNH-ẢNH-PHONG-CẢNH-CON-NGƯỜI-VIỆT-NAM-i.1476684218.42252778928?extraParams=%7B%22display_model_id%22%3A340583768757%2C%22model_selection_logic%22%3A3%7D
421,Quà xinh sungift,Thành phố Hồ Chí Minh,https://shopee.vn/search?shop=1476684218,Móc khóa magnet nón lá cờ Việt Nam,25.000 ₫,Đặc sản chất lượng - Móc khóa magnet nón lá cờ Việt Nam,https://down-vn.img.susercontent.com/file/vn-11134207-7ras8-mdpjjr07084vee,https://shopee.vn/Móc-khóa-magnet-nón-lá-cờ-Việt-Nam-i.1476684218.29840305022?extraParams=%7B%22display_model_id%22%3A266191562778%2C%22model_selection_logic%22%3A3%7D
422,Quà xinh sungift,Thành phố Hồ Chí Minh,https://shopee.vn/search?shop=1476684218,Tranh gạo lưu niệm Phong cảnh VN 20x25 cm,260.000 ₫,Đặc sản chất lượng - Tranh gạo lưu niệm Phong cảnh VN 20x25 cm,https://down-vn.img.susercontent.com/file/vn-11134207-7ras8-mbbv7anjme9t60,https://shopee.vn/Tranh-gạo-lưu-niệm-Phong-cảnh-VN-20x25-cm-i.1476684218.42855550162?extraParams=%7B%22display_model_id%22%3A276543370853%2C%22model_selection_logic%22%3A3%7D
423,MTembroidery,Thành phố Hà Nội,https://shopee.vn/search?shop=1307470495,Nam Châm Nón Lá Lưu Niệm Việt Nam - Magnet Hít Tủ Lạnh 4cm,10.000 ₫,Đặc sản chất lượng - Nam Châm Nón Lá Lưu Niệm Việt Nam - Magnet Hít Tủ Lạnh 4cm,https://down-vn.img.susercontent.com/file/vn-11134207-7r98o-lzn23vaaexep28,https://shopee.vn/Nam-Châm-Nón-Lá-Lưu-Niệm-Việt-Nam-Magnet-Hít-Tủ-Lạnh-4cm-i.1307470495.27459840339?extraParams=%7B%22display_model_id%22%3A217772384925%2C%22model_selection_logic%22%3A3%7D
424,MTembroidery,Thành phố Hà Nội,https://shopee.vn/search?shop=1307470495,Enamel Pin Huy Hiệu Cài Áo Du Lịch Món Ăn Việt Nam - Huy Hiệu Lưu Niệm Du Lịch - Vietnam Souvenirs,29.000 ₫,Đặc sản chất lượng - Enamel Pin Huy Hiệu Cài Áo Du Lịch Món Ăn Việt Nam - Huy Hiệu Lưu Niệm Du Lịch - Vietnam Souvenirs,https://down-vn.img.susercontent.com/file/vn-11134207-7r98o-lz534eg53ubx4b,https://shopee.vn/Enamel-Pin-Huy-Hiệu-Cài-Áo-Du-Lịch-Món-Ăn-Việt-Nam-Huy-Hiệu-Lưu-Niệm-Du-Lịch-Vietnam-Souvenirs-i.1307470495.24633733902?extraParams=%7B%22display_model_id%22%3A241230056104%2C%22model_selection_logic%22%3A3%7D
425,MTembroidery,Thành phố Hà Nội,https://shopee.vn/search?shop=1307470495,Móc Khóa Cờ Việt Nam Sao Vàng 4cm - Chất Liệu Nhựa Acrylic,13.000 ₫,Đặc sản chất lượng - Móc Khóa Cờ Việt Nam Sao Vàng 4cm - Chất Liệu Nhựa Acrylic,https://down-vn.img.susercontent.com/file/vn-11134207-7ras8-m0kdkyrdsoen5f,https://shopee.vn/Móc-Khóa-Cờ-Việt-Nam-Sao-Vàng-4cm-Chất-Liệu-Nhựa-Acrylic-i.1307470495.29662278788?extraParams=%7B%22display_model_id%22%3A197833041511%2C%22model_selection_logic%22%3A3%7D
426,MTembroidery,Thành phố Hà Nội,https://shopee.vn/search?shop=1307470495,"Set 50 Sticker Miếng Dán Du Lịch Việt Nam, Không Lặp Hình, Không Thấm Nước, Sticker Dán Laptop",30.000 ₫,"Đặc sản chất lượng - Set 50 Sticker Miếng Dán Du Lịch Việt Nam, Không Lặp Hình, Không Thấm Nước, Sticker Dán Laptop",https://down-vn.img.susercontent.com/file/vn-11134207-7r98o-lz58q2iizv6p36,https://shopee.vn/Set-50-Sticker-Miếng-Dán-Du-Lịch-Việt-Nam-Không-Lặp-Hình-Không-Thấm-Nước-Sticker-Dán-Laptop-i.1307470495.26256388848?extraParams=%7B%22display_model_id%22%3A197681967232%2C%22model_selection_logic%22%3A3%7D
427,MTembroidery,Thành phố Hà Nội,https://shopee.vn/search?shop=1307470495,"Thiệp nổi 3D hình ảnh Việt Nam - Thiệp Pop Up Card Lưu Niệm - Mẫu Hà Nội, Hội An, Sài Gòn",45.000 ₫,"Đặc sản chất lượng - Thiệp nổi 3D hình ảnh Việt Nam - Thiệp Pop Up Card Lưu Niệm - Mẫu Hà Nội, Hội An, Sài Gòn",https://down-vn.img.susercontent.com/file/vn-11134207-7r98o-lzc4lc7ye8nha5,https://shopee.vn/Thiệp-nổi-3D-hình-ảnh-Việt-Nam-Thiệp-Pop-Up-Card-Lưu-Niệm-Mẫu-Hà-Nội-Hội-An-Sài-Gòn-i.1307470495.27855570265?extraParams=%7B%22display_model_id%22%3A217658462654%2C%22model_selection_logic%22%3A3%7D
428,MTembroidery,Thành phố Hà Nội,https://shopee.vn/search?shop=1307470495,Nam châm danh lam thắng cảnh Việt Nam dán tủ lạnh 3D quà tặng - phong cảnh Việt Nam,55.000 ₫,Đặc sản chất lượng - Nam châm danh lam thắng cảnh Việt Nam dán tủ lạnh 3D quà tặng - phong cảnh Việt Nam,https://down-vn.img.susercontent.com/file/vn-11134207-7r98o-lz52feee7vilc4,https://shopee.vn/Nam-châm-danh-lam-thắng-cảnh-Việt-Nam-dán-tủ-lạnh-3D-quà-tặng-phong-cảnh-Việt-Nam-i.1307470495.28505300508?extraParams=%7B%22display_model_id%22%3A246506096034%2C%22model_selection_logic%22%3A3%7D
429,MTembroidery,Thành phố Hà Nội,https://shopee.vn/search?shop=1307470495,Vòng Cổ Lụa Bọc Hạt Gỗ - Phụ Kiện Thời Trang Mặc Áo Dài Phong Cách Dài 120 Cm,105.000 ₫,Đặc sản chất lượng - Vòng Cổ Lụa Bọc Hạt Gỗ - Phụ Kiện Thời Trang Mặc Áo Dài Phong Cách Dài 120 Cm,https://down-vn.img.susercontent.com/file/vn-11134207-7r98o-lzc3hjv4h4td1a,https://shopee.vn/Vòng-Cổ-Lụa-Bọc-Hạt-Gỗ-Phụ-Kiện-Thời-Trang-Mặc-Áo-Dài-Phong-Cách-Dài-120-Cm-i.1307470495.26906721932?extraParams=%7B%22display_model_id%22%3A215279606511%2C%22model_selection_logic%22%3A3%7D
430,MTembroidery,Thành phố Hà Nội,https://shopee.vn/search?shop=1307470495,Rối Gỗ Dân Gian Việt Nam - Mô Hình Rối Nước Cử Động Tay Trưng Bày Lưu Niệm 16cm,100.000 ₫,Đặc sản chất lượng - Rối Gỗ Dân Gian Việt Nam - Mô Hình Rối Nước Cử Động Tay Trưng Bày Lưu Niệm 16cm,https://down-vn.img.susercontent.com/file/vn-11134207-7r98o-lz55aei5w90h1a,https://shopee.vn/Rối-Gỗ-Dân-Gian-Việt-Nam-Mô-Hình-Rối-Nước-Cử-Động-Tay-Trưng-Bày-Lưu-Niệm-16cm-i.1307470495.27156718927?extraParams=%7B%22display_model_id%22%3A217691560309%2C%22model_selection_logic%22%3A3%7D
431,MTembroidery,Thành phố Hà Nội,https://shopee.vn/search?shop=1307470495,"[NHIỀU MẪU] Hít dán nam châm tủ lạnh cảnh Việt Nam, chất liệu composite đá tổng hợp 5x8 cm",40.000 ₫,"Đặc sản chất lượng - [NHIỀU MẪU] Hít dán nam châm tủ lạnh cảnh Việt Nam, chất liệu composite đá tổng hợp 5x8 cm",https://down-vn.img.susercontent.com/file/vn-11134207-7r98o-lz51ttg174bl7a,https://shopee.vn/-NHIỀU-MẪU-Hít-dán-nam-châm-tủ-lạnh-cảnh-Việt-Nam-chất-liệu-composite-đá-tổng-hợp-5x8-cm-i.1307470495.24533485245?extraParams=%7B%22display_model_id%22%3A207651490169%2C%22model_selection_logic%22%3A3%7D
432,MTembroidery,Thành phố Hà Nội,https://shopee.vn/search?shop=1307470495,Magnet Dính Tủ Lạnh 3D Chất Liệu Poly Tổng Hợp Hình Nha Trang,50.000 ₫,Đặc sản chất lượng - Magnet Dính Tủ Lạnh 3D Chất Liệu Poly Tổng Hợp Hình Nha Trang,https://down-vn.img.susercontent.com/file/vn-11134207-7ra0g-m9wxa9zz4z7o0b,https://shopee.vn/Magnet-Dính-Tủ-Lạnh-3D-Chất-Liệu-Poly-Tổng-Hợp-Hình-Nha-Trang-i.1307470495.29186747813?extraParams=%7B%22display_model_id%22%3A295124116580%2C%22model_selection_logic%22%3A3%7D
433,Ngorangbo.artwork,Tỉnh Ninh Bình,https://shopee.vn/search?shop=68364797,BST giấy khen cute - Postcard giấy khen dễ thương - Size mini a6 - ngorangbo,22.000 ₫,Đặc sản chất lượng - BST giấy khen cute - Postcard giấy khen dễ thương - Size mini a6 - ngorangbo,https://down-vn.img.susercontent.com/file/vn-11134207-7ra0g-m9jlcol967us13,https://shopee.vn/BST-giấy-khen-cute-Postcard-giấy-khen-dễ-thương-Size-mini-a6-ngorangbo-i.68364797.40750239468?extraParams=%7B%22display_model_id%22%3A243485527287%2C%22model_selection_logic%22%3A3%7D
434,Ngorangbo.artwork,Tỉnh Ninh Bình,https://shopee.vn/search?shop=68364797,Card bo góc - Mini lucky card - 5.5 x 8.5 - Bỏ ví hoặc ốp điện thoại - Ngorangbo,12.000 ₫,Đặc sản chất lượng - Card bo góc - Mini lucky card - 5.5 x 8.5 - Bỏ ví hoặc ốp điện thoại - Ngorangbo,https://down-vn.img.susercontent.com/file/vn-11134207-7ras8-m0sddctf1eof68,https://shopee.vn/Card-bo-góc-Mini-lucky-card-5.5-x-8.5-Bỏ-ví-hoặc-ốp-điện-thoại-Ngorangbo-i.68364797.28212778118?extraParams=%7B%22display_model_id%22%3A256695256405%2C%22model_selection_logic%22%3A3%7D
435,Ngorangbo.artwork,Tỉnh Ninh Bình,https://shopee.vn/search?shop=68364797,Card bo góc - Mini lucky card - 5.5 x 8.5 - Bỏ ví hoặc ốp điện thoại - Ngorangbo,13.000 ₫,Đặc sản chất lượng - Card bo góc - Mini lucky card - 5.5 x 8.5 - Bỏ ví hoặc ốp điện thoại - Ngorangbo,https://down-vn.img.susercontent.com/file/vn-11134207-7ras8-md1vi882kl9893,https://shopee.vn/Card-bo-góc-Mini-lucky-card-5.5-x-8.5-Bỏ-ví-hoặc-ốp-điện-thoại-Ngorangbo-i.68364797.41411631210?extraParams=%7B%22display_model_id%22%3A275975291361%2C%22model_selection_logic%22%3A3%7D
436,Ngorangbo.artwork,Tỉnh Ninh Bình,https://shopee.vn/search?shop=68364797,Miếng lót chuột dễ thương 21 x 26cm - Mousepad cute - Lót chuột chống trượt - Ngorangbo.artwork,129.000 ₫,Đặc sản chất lượng - Miếng lót chuột dễ thương 21 x 26cm - Mousepad cute - Lót chuột chống trượt - Ngorangbo.artwork,https://down-vn.img.susercontent.com/file/vn-11134207-81ztc-mnm9vdc78wzn84,https://shopee.vn/Miếng-lót-chuột-dễ-thương-21-x-26cm-Mousepad-cute-Lót-chuột-chống-trượt-Ngorangbo.artwork-i.68364797.26144700807?extraParams=%7B%22display_model_id%22%3A380853299537%2C%22model_selection_logic%22%3A3%7D
437,Ngorangbo.artwork,Tỉnh Ninh Bình,https://shopee.vn/search?shop=68364797,Card bo góc - Mini lucky card - 5.5 x 8.5 - Bỏ ví hoặc ốp điện thoại - Ngorangbo,13.000 ₫,Đặc sản chất lượng - Card bo góc - Mini lucky card - 5.5 x 8.5 - Bỏ ví hoặc ốp điện thoại - Ngorangbo,https://down-vn.img.susercontent.com/file/vn-11134207-81ztc-mlp2hhdd4ikjeb,https://shopee.vn/Card-bo-góc-Mini-lucky-card-5.5-x-8.5-Bỏ-ví-hoặc-ốp-điện-thoại-Ngorangbo-i.68364797.44957092462?extraParams=%7B%22display_model_id%22%3A420631658085%2C%22model_selection_logic%22%3A3%7D
438,Ngorangbo.artwork,Tỉnh Ninh Bình,https://shopee.vn/search?shop=68364797,Card bo góc - Mini lucky card - 5.5 x 8.5 - Bỏ ví hoặc ốp điện thoại - Ngorangbo,12.000 ₫,Đặc sản chất lượng - Card bo góc - Mini lucky card - 5.5 x 8.5 - Bỏ ví hoặc ốp điện thoại - Ngorangbo,https://down-vn.img.susercontent.com/file/vn-11134207-7ras8-m1cgpjtmtq3ce5,https://shopee.vn/Card-bo-góc-Mini-lucky-card-5.5-x-8.5-Bỏ-ví-hoặc-ốp-điện-thoại-Ngorangbo-i.68364797.29813952503?extraParams=%7B%22display_model_id%22%3A195458447858%2C%22model_selection_logic%22%3A3%7D
439,Ngorangbo.artwork,Tỉnh Ninh Bình,https://shopee.vn/search?shop=68364797,Huy chương dễ thương - quà sinh nhật-quà tốt nghiệp dễ thương - Ngorangbo.artwork,189.000 ₫,Đặc sản chất lượng - Huy chương dễ thương - quà sinh nhật-quà tốt nghiệp dễ thương - Ngorangbo.artwork,https://down-vn.img.susercontent.com/file/vn-11134207-7ra0g-m9lcdxhhjvb8ae,https://shopee.vn/Huy-chương-dễ-thương-quà-sinh-nhật-quà-tốt-nghiệp-dễ-thương-Ngorangbo.artwork-i.68364797.43600422966?extraParams=%7B%22display_model_id%22%3A258408338257%2C%22model_selection_logic%22%3A3%7D
440,Ngorangbo.artwork,Tỉnh Ninh Bình,https://shopee.vn/search?shop=68364797,Huy chương dễ thương - quà sinh nhật dễ thương - Ngorangbo.artwork,189.000 ₫,Đặc sản chất lượng - Huy chương dễ thương - quà sinh nhật dễ thương - Ngorangbo.artwork,https://down-vn.img.susercontent.com/file/vn-11134207-7ra0g-m9cskd1yo4nb14,https://shopee.vn/Huy-chương-dễ-thương-quà-sinh-nhật-dễ-thương-Ngorangbo.artwork-i.68364797.27735869526?extraParams=%7B%22display_model_id%22%3A186062354427%2C%22model_selection_logic%22%3A3%7D
441,Ngorangbo.artwork,Tỉnh Ninh Bình,https://shopee.vn/search?shop=68364797,Card bo góc - Mini lucky card - 5.5 x 8.5 - Bỏ ví hoặc ốp điện thoại - Ngorangbo,13.000 ₫,Đặc sản chất lượng - Card bo góc - Mini lucky card - 5.5 x 8.5 - Bỏ ví hoặc ốp điện thoại - Ngorangbo,https://down-vn.img.susercontent.com/file/vn-11134207-7ra0g-m7xolx0onbt3c9,https://shopee.vn/Card-bo-góc-Mini-lucky-card-5.5-x-8.5-Bỏ-ví-hoặc-ốp-điện-thoại-Ngorangbo-i.68364797.28681296973?extraParams=%7B%22display_model_id%22%3A234035646019%2C%22model_selection_logic%22%3A3%7D
442,Ngorangbo.artwork,Tỉnh Ninh Bình,https://shopee.vn/search?shop=68364797,M10 - Thiệp Sinh nhật dễ thương- Nhất mừng sinh chục  - Ngorangbo.artwork,20.000 ₫,Đặc sản chất lượng - M10 - Thiệp Sinh nhật dễ thương- Nhất mừng sinh chục  - Ngorangbo.artwork,https://down-vn.img.susercontent.com/file/vn-11134207-7r98o-lyiuz8lebxy990,https://shopee.vn/M10-Thiệp-Sinh-nhật-dễ-thương-Nhất-mừng-sinh-chục-Ngorangbo.artwork-i.68364797.22290283882?extraParams=%7B%22display_model_id%22%3A226614291328%2C%22model_selection_logic%22%3A3%7D
